numero_processo,numero_cnj,classe_codigo,classe_nome,orgao_julgador,data_ajuizamento,ultima_atualizacao,qtd_movimentos,grau,link_consulta
00001816720014047000,0000181-67.2001.4.04.7000,417,Apelação Criminal,8ª Turma,2018-04-12,2022-05-12T17:27:49.218000Z,24,G2,https://www.trf4.jus.br/trf4/controlador.php?acao=consulta_processual_resultado_pesquisa&selForma=NU&txtValor=00001816720014047000&selOrigem=TRF&chkMostrarBaixados=1
00007038420074047000,0000703-84.2007.4.04.7000,417,Apelação Criminal,7ª Turma,2013-01-28,2022-05-18T05:30:58.088000Z,66,G2,https://www.trf4.jus.br/trf4/controlador.php?acao=consulta_processual_resultado_pesquisa&selForma=NU&txtValor=00007038420074047000&selOrigem=TRF&chkMostrarBaixados=1
00018622820084047000,0001862-28.2008.4.04.7000,417,Apelação Criminal,8ª Turma,2013-07-31,2022-05-18T11:36:55.735000Z,103,G2,https://www.trf4.jus.br/trf4/controlador.php?acao=consulta_processual_resultado_pesquisa&selForma=NU&txtValor=00018622820084047000&selOrigem=TRF&chkMostrarBaixados=1
00018931920064047000,0001893-19.2006.4.04.7000,417,Apelação Criminal,7ª Turma,2011-07-28,2022-05-12T22:22:07.006000Z,70,G2,https://www.trf4.jus.br/trf4/controlador.php?acao=consulta_processual_resultado_pesquisa&selForma=NU&txtValor=00018931920064047000&selOrigem=TRF&chkMostrarBaixados=1
00022503320054047000,0002250-33.2005.4.04.7000,417,Apelação Criminal,8ª Turma,2009-05-05,2023-09-01T04:18:00.984000Z,72,G2,https://www.trf4.jus.br/trf4/controlador.php?acao=consulta_processual_resultado_pesquisa&selForma=NU&txtValor=00022503320054047000&selOrigem=TRF&chkMostrarBaixados=1
00043099120054047000,0004309-91.2005.4.04.7000,417,Apelação Criminal,7ª Turma,2008-10-23,2022-05-11T10:31:53.125000Z,88,G2,https://www.trf4.jus.br/trf4/controlador.php?acao=consulta_processual_resultado_pesquisa&selForma=NU&txtValor=00043099120054047000&selOrigem=TRF&chkMostrarBaixados=1
00043168320054047000,0004316-83.2005.4.04.7000,417,Apelação Criminal,7ª Turma,2008-09-08,2022-05-10T14:28:50.958000Z,62,G2,https://www.trf4.jus.br/trf4/controlador.php?acao=consulta_processual_resultado_pesquisa&selForma=NU&txtValor=00043168320054047000&selOrigem=TRF&chkMostrarBaixados=1
00050382020054047000,0005038-20.2005.4.04.7000,417,Apelação Criminal,7ª Turma,2012-02-10,2022-05-09T19:28:24.364000Z,126,G2,https://www.trf4.jus.br/trf4/controlador.php?acao=consulta_processual_resultado_pesquisa&selForma=NU&txtValor=00050382020054047000&selOrigem=TRF&chkMostrarBaixados=1
00058788820094047000,0005878-88.2009.4.04.7000,417,Apelação Criminal,8ª Turma,2018-05-09,2022-05-11T00:51:24.982000Z,27,G2,https://www.trf4.jus.br/trf4/controlador.php?acao=consulta_processual_resultado_pesquisa&selForma=NU&txtValor=00058788820094047000&selOrigem=TRF&chkMostrarBaixados=1
00062039720084047000,0006203-97.2008.4.04.7000,417,Apelação Criminal,7ª Turma,2015-07-07,2022-05-18T05:34:21.692000Z,64,G2,https://www.trf4.jus.br/trf4/controlador.php?acao=consulta_processual_resultado_pesquisa&selForma=NU&txtValor=00062039720084047000&selOrigem=TRF&chkMostrarBaixados=1
00075666120044047000,0007566-61.2004.4.04.7000,417,Apelação Criminal,7ª Turma,2007-01-24,2022-05-07T18:23:38.201000Z,122,G2,https://www.trf4.jus.br/trf4/controlador.php?acao=consulta_processual_resultado_pesquisa&selForma=NU&txtValor=00075666120044047000&selOrigem=TRF&chkMostrarBaixados=1
00075796020044047000,0007579-60.2004.4.04.7000,417,Apelação Criminal,7ª Turma,2017-04-27,2022-05-10T16:05:22.427000Z,40,G2,https://www.trf4.jus.br/trf4/controlador.php?acao=consulta_processual_resultado_pesquisa&selForma=NU&txtValor=00075796020044047000&selOrigem=TRF&chkMostrarBaixados=1
00081433920044047000,0008143-39.2004.4.04.7000,417,Apelação Criminal,8ª Turma,2007-03-28,2022-05-10T19:25:36.002000Z,254,G2,https://www.trf4.jus.br/trf4/controlador.php?acao=consulta_processual_resultado_pesquisa&selForma=NU&txtValor=00081433920044047000&selOrigem=TRF&chkMostrarBaixados=1
00089035120054047000,0008903-51.2005.4.04.7000,417,Apelação Criminal,8ª Turma,2008-04-24,2022-05-06T18:56:43.165000Z,55,G2,https://www.trf4.jus.br/trf4/controlador.php?acao=consulta_processual_resultado_pesquisa&selForma=NU&txtValor=00089035120054047000&selOrigem=TRF&chkMostrarBaixados=1
00089251220054047000,0008925-12.2005.4.04.7000,417,Apelação Criminal,7ª Turma,2010-03-26,2022-05-18T06:43:58.492000Z,165,G2,https://www.trf4.jus.br/trf4/controlador.php?acao=consulta_processual_resultado_pesquisa&selForma=NU&txtValor=00089251220054047000&selOrigem=TRF&chkMostrarBaixados=1
00090377320084047000,0009037-73.2008.4.04.7000,417,Apelação Criminal,8ª Turma,2016-11-18,2022-05-11T11:33:36.130000Z,39,G2,https://www.trf4.jus.br/trf4/controlador.php?acao=consulta_processual_resultado_pesquisa&selForma=NU&txtValor=00090377320084047000&selOrigem=TRF&chkMostrarBaixados=1
00100802120034047000,0010080-21.2003.4.04.7000,417,Apelação Criminal,7ª Turma,2009-11-25,2022-05-18T13:20:20.706000Z,80,G2,https://www.trf4.jus.br/trf4/controlador.php?acao=consulta_processual_resultado_pesquisa&selForma=NU&txtValor=00100802120034047000&selOrigem=TRF&chkMostrarBaixados=1
00107895620034047000,0010789-56.2003.4.04.7000,417,Apelação Criminal,7ª Turma,2016-08-18,2022-05-11T01:40:32.679000Z,46,G2,https://www.trf4.jus.br/trf4/controlador.php?acao=consulta_processual_resultado_pesquisa&selForma=NU&txtValor=00107895620034047000&selOrigem=TRF&chkMostrarBaixados=1
00116021020084047000,0011602-10.2008.4.04.7000,417,Apelação Criminal,7ª Turma,2012-10-03,2021-07-24T07:49:07.059000Z,221,G2,https://www.trf4.jus.br/trf4/controlador.php?acao=consulta_processual_resultado_pesquisa&selForma=NU&txtValor=00116021020084047000&selOrigem=TRF&chkMostrarBaixados=1
00118949220084047000,0011894-92.2008.4.04.7000,417,Apelação Criminal,8ª Turma,2012-11-08,2022-05-18T07:23:43.703000Z,69,G2,https://www.trf4.jus.br/trf4/controlador.php?acao=consulta_processual_resultado_pesquisa&selForma=NU&txtValor=00118949220084047000&selOrigem=TRF&chkMostrarBaixados=1
00122060520074047000,0012206-05.2007.4.04.7000,417,Apelação Criminal,8ª Turma,2008-09-18,2022-05-11T06:38:12.774000Z,85,G2,https://www.trf4.jus.br/trf4/controlador.php?acao=consulta_processual_resultado_pesquisa&selForma=NU&txtValor=00122060520074047000&selOrigem=TRF&chkMostrarBaixados=1
00122190920044047000,0012219-09.2004.4.04.7000,417,Apelação Criminal,8ª Turma,2009-02-17,2022-05-11T04:38:49.775000Z,148,G2,https://www.trf4.jus.br/trf4/controlador.php?acao=consulta_processual_resultado_pesquisa&selForma=NU&txtValor=00122190920044047000&selOrigem=TRF&chkMostrarBaixados=1
00123172320064047000,0012317-23.2006.4.04.7000,417,Apelação Criminal,7ª Turma,2017-12-15,2022-05-11T02:11:48.745000Z,99,G2,https://www.trf4.jus.br/trf4/controlador.php?acao=consulta_processual_resultado_pesquisa&selForma=NU&txtValor=00123172320064047000&selOrigem=TRF&chkMostrarBaixados=1
00127827120024047000,0012782-71.2002.4.04.7000,417,Apelação Criminal,8ª Turma,2014-06-26,2022-05-10T15:34:20.894000Z,74,G2,https://www.trf4.jus.br/trf4/controlador.php?acao=consulta_processual_resultado_pesquisa&selForma=NU&txtValor=00127827120024047000&selOrigem=TRF&chkMostrarBaixados=1
00128366120074047000,0012836-61.2007.4.04.7000,417,Apelação Criminal,7ª Turma,2012-04-10,2022-05-12T03:52:31.196000Z,101,G2,https://www.trf4.jus.br/trf4/controlador.php?acao=consulta_processual_resultado_pesquisa&selForma=NU&txtValor=00128366120074047000&selOrigem=TRF&chkMostrarBaixados=1
00132229620044047000,0013222-96.2004.4.04.7000,417,Apelação Criminal,7ª Turma,2011-01-13,2022-05-11T16:34:13.629000Z,218,G2,https://www.trf4.jus.br/trf4/controlador.php?acao=consulta_processual_resultado_pesquisa&selForma=NU&txtValor=00132229620044047000&selOrigem=TRF&chkMostrarBaixados=1
00145699120094047000,0014569-91.2009.4.04.7000,417,Apelação Criminal,8ª Turma,2017-07-03,2022-05-12T12:29:58.578000Z,29,G2,https://www.trf4.jus.br/trf4/controlador.php?acao=consulta_processual_resultado_pesquisa&selForma=NU&txtValor=00145699120094047000&selOrigem=TRF&chkMostrarBaixados=1
00148251520014047000,0014825-15.2001.4.04.7000,417,Apelação Criminal,8ª Turma,2011-12-15,2022-05-12T05:40:57.694000Z,102,G2,https://www.trf4.jus.br/trf4/controlador.php?acao=consulta_processual_resultado_pesquisa&selForma=NU&txtValor=00148251520014047000&selOrigem=TRF&chkMostrarBaixados=1
00151045420084047000,0015104-54.2008.4.04.7000,417,Apelação Criminal,8ª Turma,2011-11-22,2022-05-10T16:43:48.290000Z,57,G2,https://www.trf4.jus.br/trf4/controlador.php?acao=consulta_processual_resultado_pesquisa&selForma=NU&txtValor=00151045420084047000&selOrigem=TRF&chkMostrarBaixados=1
00151314220054047000,0015131-42.2005.4.04.7000,417,Apelação Criminal,7ª Turma,2012-07-24,2022-05-09T16:50:52.624000Z,64,G2,https://www.trf4.jus.br/trf4/controlador.php?acao=consulta_processual_resultado_pesquisa&selForma=NU&txtValor=00151314220054047000&selOrigem=TRF&chkMostrarBaixados=1
00151548020084047000,0015154-80.2008.4.04.7000,417,Apelação Criminal,7ª Turma,2009-07-03,2022-05-18T11:05:42.279000Z,57,G2,https://www.trf4.jus.br/trf4/controlador.php?acao=consulta_processual_resultado_pesquisa&selForma=NU&txtValor=00151548020084047000&selOrigem=TRF&chkMostrarBaixados=1
00156595220004047000,0015659-52.2000.4.04.7000,417,Apelação Criminal,7ª Turma,2007-02-27,2022-05-10T16:19:33.628000Z,73,G2,https://www.trf4.jus.br/trf4/controlador.php?acao=consulta_processual_resultado_pesquisa&selForma=NU&txtValor=00156595220004047000&selOrigem=TRF&chkMostrarBaixados=1
00157835420084047000,0015783-54.2008.4.04.7000,417,Apelação Criminal,8ª Turma,2011-02-24,2022-05-12T08:50:48.320000Z,55,G2,https://www.trf4.jus.br/trf4/controlador.php?acao=consulta_processual_resultado_pesquisa&selForma=NU&txtValor=00157835420084047000&selOrigem=TRF&chkMostrarBaixados=1
00170664920074047000,0017066-49.2007.4.04.7000,417,Apelação Criminal,7ª Turma,2011-11-21,2022-05-18T07:25:36.981000Z,60,G2,https://www.trf4.jus.br/trf4/controlador.php?acao=consulta_processual_resultado_pesquisa&selForma=NU&txtValor=00170664920074047000&selOrigem=TRF&chkMostrarBaixados=1
00178381720044047000,0017838-17.2004.4.04.7000,417,Apelação Criminal,7ª Turma,2014-11-17,2022-05-11T05:27:38.310000Z,38,G2,https://www.trf4.jus.br/trf4/controlador.php?acao=consulta_processual_resultado_pesquisa&selForma=NU&txtValor=00178381720044047000&selOrigem=TRF&chkMostrarBaixados=1
00185145720074047000,0018514-57.2007.4.04.7000,417,Apelação Criminal,8ª Turma,2017-11-14,2022-05-07T18:32:32.006000Z,31,G2,https://www.trf4.jus.br/trf4/controlador.php?acao=consulta_processual_resultado_pesquisa&selForma=NU&txtValor=00185145720074047000&selOrigem=TRF&chkMostrarBaixados=1
00200918519984047000,0020091-85.1998.4.04.7000,417,Apelação Criminal,8ª Turma,2013-01-14,2022-05-11T13:32:55.895000Z,177,G2,https://www.trf4.jus.br/trf4/controlador.php?acao=consulta_processual_resultado_pesquisa&selForma=NU&txtValor=00200918519984047000&selOrigem=TRF&chkMostrarBaixados=1
00201274920064047000,0020127-49.2006.4.04.7000,417,Apelação Criminal,7ª Turma,2007-03-19,2022-05-06T21:50:14.839000Z,204,G2,https://www.trf4.jus.br/trf4/controlador.php?acao=consulta_processual_resultado_pesquisa&selForma=NU&txtValor=00201274920064047000&selOrigem=TRF&chkMostrarBaixados=1
00203249620094047000,0020324-96.2009.4.04.7000,417,Apelação Criminal,7ª Turma,2017-03-10,2022-05-12T21:08:56.578000Z,26,G2,https://www.trf4.jus.br/trf4/controlador.php?acao=consulta_processual_resultado_pesquisa&selForma=NU&txtValor=00203249620094047000&selOrigem=TRF&chkMostrarBaixados=1
00206659320074047000,0020665-93.2007.4.04.7000,417,Apelação Criminal,8ª Turma,2015-01-30,2022-05-12T04:29:40.917000Z,178,G2,https://www.trf4.jus.br/trf4/controlador.php?acao=consulta_processual_resultado_pesquisa&selForma=NU&txtValor=00206659320074047000&selOrigem=TRF&chkMostrarBaixados=1
00208345120054047000,0020834-51.2005.4.04.7000,417,Apelação Criminal,7ª Turma,2011-11-24,2022-05-12T01:27:41.762000Z,85,G2,https://www.trf4.jus.br/trf4/controlador.php?acao=consulta_processual_resultado_pesquisa&selForma=NU&txtValor=00208345120054047000&selOrigem=TRF&chkMostrarBaixados=1
00209171419984047000,0020917-14.1998.4.04.7000,417,Apelação Criminal,7ª Turma,2011-05-05,2022-05-06T21:16:37.790000Z,150,G2,https://www.trf4.jus.br/trf4/controlador.php?acao=consulta_processual_resultado_pesquisa&selForma=NU&txtValor=00209171419984047000&selOrigem=TRF&chkMostrarBaixados=1
00215486920094047000,0021548-69.2009.4.04.7000,417,Apelação Criminal,7ª Turma,2011-02-11,2022-05-18T07:25:48.179000Z,72,G2,https://www.trf4.jus.br/trf4/controlador.php?acao=consulta_processual_resultado_pesquisa&selForma=NU&txtValor=00215486920094047000&selOrigem=TRF&chkMostrarBaixados=1
00220870620074047000,0022087-06.2007.4.04.7000,417,Apelação Criminal,7ª Turma,2015-04-15,2022-05-10T23:13:38.069000Z,121,G2,https://www.trf4.jus.br/trf4/controlador.php?acao=consulta_processual_resultado_pesquisa&selForma=NU&txtValor=00220870620074047000&selOrigem=TRF&chkMostrarBaixados=1
00225216320054047000,0022521-63.2005.4.04.7000,417,Apelação Criminal,7ª Turma,2009-12-01,2022-05-10T15:31:32.450000Z,86,G2,https://www.trf4.jus.br/trf4/controlador.php?acao=consulta_processual_resultado_pesquisa&selForma=NU&txtValor=00225216320054047000&selOrigem=TRF&chkMostrarBaixados=1
00225224820054047000,0022522-48.2005.4.04.7000,417,Apelação Criminal,7ª Turma,2010-05-28,2022-05-11T06:59:52.130000Z,221,G2,https://www.trf4.jus.br/trf4/controlador.php?acao=consulta_processual_resultado_pesquisa&selForma=NU&txtValor=00225224820054047000&selOrigem=TRF&chkMostrarBaixados=1
00232815120014047000,0023281-51.2001.4.04.7000,417,Apelação Criminal,7ª Turma,2012-03-21,2022-05-12T16:47:01.071000Z,87,G2,https://www.trf4.jus.br/trf4/controlador.php?acao=consulta_processual_resultado_pesquisa&selForma=NU&txtValor=00232815120014047000&selOrigem=TRF&chkMostrarBaixados=1
00234445520064047000,0023444-55.2006.4.04.7000,417,Apelação Criminal,7ª Turma,2011-02-09,2022-05-10T14:49:24.906000Z,71,G2,https://www.trf4.jus.br/trf4/controlador.php?acao=consulta_processual_resultado_pesquisa&selForma=NU&txtValor=00234445520064047000&selOrigem=TRF&chkMostrarBaixados=1
00235914720074047000,0023591-47.2007.4.04.7000,417,Apelação Criminal,8ª Turma,2013-11-29,2022-05-11T07:38:02.100000Z,62,G2,https://www.trf4.jus.br/trf4/controlador.php?acao=consulta_processual_resultado_pesquisa&selForma=NU&txtValor=00235914720074047000&selOrigem=TRF&chkMostrarBaixados=1
00249668320074047000,0024966-83.2007.4.04.7000,417,Apelação Criminal,8ª Turma,2011-04-27,2022-05-18T07:37:19.464000Z,59,G2,https://www.trf4.jus.br/trf4/controlador.php?acao=consulta_processual_resultado_pesquisa&selForma=NU&txtValor=00249668320074047000&selOrigem=TRF&chkMostrarBaixados=1
00249710820074047000,0024971-08.2007.4.04.7000,417,Apelação Criminal,7ª Turma,2014-08-26,2022-05-11T08:34:03.212000Z,118,G2,https://www.trf4.jus.br/trf4/controlador.php?acao=consulta_processual_resultado_pesquisa&selForma=NU&txtValor=00249710820074047000&selOrigem=TRF&chkMostrarBaixados=1
00273262520064047000,0027326-25.2006.4.04.7000,417,Apelação Criminal,8ª Turma,2017-08-02,2022-05-18T06:09:05.584000Z,32,G2,https://www.trf4.jus.br/trf4/controlador.php?acao=consulta_processual_resultado_pesquisa&selForma=NU&txtValor=00273262520064047000&selOrigem=TRF&chkMostrarBaixados=1
00289172720034047000,0028917-27.2003.4.04.7000,417,Apelação Criminal,7ª Turma,2009-03-25,2022-05-11T14:37:45.797000Z,125,G2,https://www.trf4.jus.br/trf4/controlador.php?acao=consulta_processual_resultado_pesquisa&selForma=NU&txtValor=00289172720034047000&selOrigem=TRF&chkMostrarBaixados=1
00292394220064047000,0029239-42.2006.4.04.7000,417,Apelação Criminal,8ª Turma,2011-05-27,2022-05-12T04:41:30.482000Z,70,G2,https://www.trf4.jus.br/trf4/controlador.php?acao=consulta_processual_resultado_pesquisa&selForma=NU&txtValor=00292394220064047000&selOrigem=TRF&chkMostrarBaixados=1
00294966720064047000,0029496-67.2006.4.04.7000,417,Apelação Criminal,8ª Turma,2009-08-26,2022-05-18T12:29:12.829000Z,86,G2,https://www.trf4.jus.br/trf4/controlador.php?acao=consulta_processual_resultado_pesquisa&selForma=NU&txtValor=00294966720064047000&selOrigem=TRF&chkMostrarBaixados=1
00325951620044047000,0032595-16.2004.4.04.7000,417,Apelação Criminal,8ª Turma,2006-02-21,2022-05-11T11:46:01.157000Z,112,G2,https://www.trf4.jus.br/trf4/controlador.php?acao=consulta_processual_resultado_pesquisa&selForma=NU&txtValor=00325951620044047000&selOrigem=TRF&chkMostrarBaixados=1
00330310920034047000,0033031-09.2003.4.04.7000,417,Apelação Criminal,7ª Turma,2011-04-29,2023-07-04T04:22:46.304000Z,52,G2,https://www.trf4.jus.br/trf4/controlador.php?acao=consulta_processual_resultado_pesquisa&selForma=NU&txtValor=00330310920034047000&selOrigem=TRF&chkMostrarBaixados=1
00331177720034047000,0033117-77.2003.4.04.7000,417,Apelação Criminal,8ª Turma,2010-03-22,2022-05-10T16:34:05.288000Z,76,G2,https://www.trf4.jus.br/trf4/controlador.php?acao=consulta_processual_resultado_pesquisa&selForma=NU&txtValor=00331177720034047000&selOrigem=TRF&chkMostrarBaixados=1
00332378620044047000,0033237-86.2004.4.04.7000,417,Apelação Criminal,8ª Turma,2017-06-28,2022-05-11T05:09:08.128000Z,44,G2,https://www.trf4.jus.br/trf4/controlador.php?acao=consulta_processual_resultado_pesquisa&selForma=NU&txtValor=00332378620044047000&selOrigem=TRF&chkMostrarBaixados=1
00335767920034047000,0033576-79.2003.4.04.7000,417,Apelação Criminal,7ª Turma,2010-05-21,2022-05-18T12:33:27.087000Z,82,G2,https://www.trf4.jus.br/trf4/controlador.php?acao=consulta_processual_resultado_pesquisa&selForma=NU&txtValor=00335767920034047000&selOrigem=TRF&chkMostrarBaixados=1
00340074520054047000,0034007-45.2005.4.04.7000,417,Apelação Criminal,7ª Turma,2009-03-16,2022-05-10T16:16:34.928000Z,155,G2,https://www.trf4.jus.br/trf4/controlador.php?acao=consulta_processual_resultado_pesquisa&selForma=NU&txtValor=00340074520054047000&selOrigem=TRF&chkMostrarBaixados=1
00340083020054047000,0034008-30.2005.4.04.7000,417,Apelação Criminal,8ª Turma,2009-11-11,2022-05-18T07:25:25.518000Z,64,G2,https://www.trf4.jus.br/trf4/controlador.php?acao=consulta_processual_resultado_pesquisa&selForma=NU&txtValor=00340083020054047000&selOrigem=TRF&chkMostrarBaixados=1
00340109720054047000,0034010-97.2005.4.04.7000,417,Apelação Criminal,7ª Turma,2011-06-15,2022-05-06T21:27:20.820000Z,124,G2,https://www.trf4.jus.br/trf4/controlador.php?acao=consulta_processual_resultado_pesquisa&selForma=NU&txtValor=00340109720054047000&selOrigem=TRF&chkMostrarBaixados=1
00340118220054047000,0034011-82.2005.4.04.7000,417,Apelação Criminal,7ª Turma,2011-04-25,2024-07-01T09:10:16.111000Z,187,G2,https://www.trf4.jus.br/trf4/controlador.php?acao=consulta_processual_resultado_pesquisa&selForma=NU&txtValor=00340118220054047000&selOrigem=TRF&chkMostrarBaixados=1
00340135220054047000,0034013-52.2005.4.04.7000,417,Apelação Criminal,7ª Turma,2011-08-12,2022-05-10T20:42:09.481000Z,67,G2,https://www.trf4.jus.br/trf4/controlador.php?acao=consulta_processual_resultado_pesquisa&selForma=NU&txtValor=00340135220054047000&selOrigem=TRF&chkMostrarBaixados=1
00342014520054047000,0034201-45.2005.4.04.7000,417,Apelação Criminal,7ª Turma,2011-11-16,2022-05-18T06:23:09.597000Z,126,G2,https://www.trf4.jus.br/trf4/controlador.php?acao=consulta_processual_resultado_pesquisa&selForma=NU&txtValor=00342014520054047000&selOrigem=TRF&chkMostrarBaixados=1
00342031520054047000,0034203-15.2005.4.04.7000,417,Apelação Criminal,7ª Turma,2008-08-21,2022-05-11T01:56:08.937000Z,104,G2,https://www.trf4.jus.br/trf4/controlador.php?acao=consulta_processual_resultado_pesquisa&selForma=NU&txtValor=00342031520054047000&selOrigem=TRF&chkMostrarBaixados=1
00342058220054047000,0034205-82.2005.4.04.7000,417,Apelação Criminal,8ª Turma,2009-03-26,2022-05-18T05:33:28.809000Z,78,G2,https://www.trf4.jus.br/trf4/controlador.php?acao=consulta_processual_resultado_pesquisa&selForma=NU&txtValor=00342058220054047000&selOrigem=TRF&chkMostrarBaixados=1
00342118920054047000,0034211-89.2005.4.04.7000,417,Apelação Criminal,7ª Turma,2008-12-01,2022-05-18T05:34:54.737000Z,89,G2,https://www.trf4.jus.br/trf4/controlador.php?acao=consulta_processual_resultado_pesquisa&selForma=NU&txtValor=00342118920054047000&selOrigem=TRF&chkMostrarBaixados=1
00359913520034047000,0035991-35.2003.4.04.7000,417,Apelação Criminal,7ª Turma,2014-05-13,2022-05-11T09:48:09.300000Z,142,G2,https://www.trf4.jus.br/trf4/controlador.php?acao=consulta_processual_resultado_pesquisa&selForma=NU&txtValor=00359913520034047000&selOrigem=TRF&chkMostrarBaixados=1
00365213920034047000,0036521-39.2003.4.04.7000,417,Apelação Criminal,7ª Turma,2013-02-27,2023-11-01T03:10:11.505000Z,85,G2,https://www.trf4.jus.br/trf4/controlador.php?acao=consulta_processual_resultado_pesquisa&selForma=NU&txtValor=00365213920034047000&selOrigem=TRF&chkMostrarBaixados=1
00369986220034047000,0036998-62.2003.4.04.7000,417,Apelação Criminal,7ª Turma,2009-06-17,2022-05-18T09:37:17.631000Z,75,G2,https://www.trf4.jus.br/trf4/controlador.php?acao=consulta_processual_resultado_pesquisa&selForma=NU&txtValor=00369986220034047000&selOrigem=TRF&chkMostrarBaixados=1
00377466020044047000,0037746-60.2004.4.04.7000,417,Apelação Criminal,8ª Turma,2008-06-20,2022-05-12T06:14:46.073000Z,114,G2,https://www.trf4.jus.br/trf4/controlador.php?acao=consulta_processual_resultado_pesquisa&selForma=NU&txtValor=00377466020044047000&selOrigem=TRF&chkMostrarBaixados=1
00395292420034047000,0039529-24.2003.4.04.7000,417,Apelação Criminal,8ª Turma,2010-04-19,2022-05-18T07:24:55.335000Z,180,G2,https://www.trf4.jus.br/trf4/controlador.php?acao=consulta_processual_resultado_pesquisa&selForma=NU&txtValor=00395292420034047000&selOrigem=TRF&chkMostrarBaixados=1
00395300920034047000,0039530-09.2003.4.04.7000,417,Apelação Criminal,7ª Turma,2012-04-12,2022-05-10T14:57:14.762000Z,207,G2,https://www.trf4.jus.br/trf4/controlador.php?acao=consulta_processual_resultado_pesquisa&selForma=NU&txtValor=00395300920034047000&selOrigem=TRF&chkMostrarBaixados=1
00395327620034047000,0039532-76.2003.4.04.7000,417,Apelação Criminal,8ª Turma,2007-03-29,2022-05-11T06:43:37.901000Z,146,G2,https://www.trf4.jus.br/trf4/controlador.php?acao=consulta_processual_resultado_pesquisa&selForma=NU&txtValor=00395327620034047000&selOrigem=TRF&chkMostrarBaixados=1
00407608620034047000,0040760-86.2003.4.04.7000,417,Apelação Criminal,8ª Turma,2016-07-15,2022-05-10T15:25:15.425000Z,32,G2,https://www.trf4.jus.br/trf4/controlador.php?acao=consulta_processual_resultado_pesquisa&selForma=NU&txtValor=00407608620034047000&selOrigem=TRF&chkMostrarBaixados=1
00457797320034047000,0045779-73.2003.4.04.7000,417,Apelação Criminal,8ª Turma,2005-12-07,2022-05-10T19:42:58.217000Z,98,G2,https://www.trf4.jus.br/trf4/controlador.php?acao=consulta_processual_resultado_pesquisa&selForma=NU&txtValor=00457797320034047000&selOrigem=TRF&chkMostrarBaixados=1
00459209220034047000,0045920-92.2003.4.04.7000,417,Apelação Criminal,8ª Turma,2010-03-18,2022-05-18T12:28:46.853000Z,90,G2,https://www.trf4.jus.br/trf4/controlador.php?acao=consulta_processual_resultado_pesquisa&selForma=NU&txtValor=00459209220034047000&selOrigem=TRF&chkMostrarBaixados=1
00474356520034047000,0047435-65.2003.4.04.7000,417,Apelação Criminal,7ª Turma,2009-11-06,2022-05-10T17:42:50.374000Z,80,G2,https://www.trf4.jus.br/trf4/controlador.php?acao=consulta_processual_resultado_pesquisa&selForma=NU&txtValor=00474356520034047000&selOrigem=TRF&chkMostrarBaixados=1
00506435720034047000,0050643-57.2003.4.04.7000,417,Apelação Criminal,8ª Turma,2009-12-16,2022-05-19T07:07:37.029000Z,117,G2,https://www.trf4.jus.br/trf4/controlador.php?acao=consulta_processual_resultado_pesquisa&selForma=NU&txtValor=00506435720034047000&selOrigem=TRF&chkMostrarBaixados=1
00515511720034047000,0051551-17.2003.4.04.7000,417,Apelação Criminal,7ª Turma,2010-07-26,2022-05-07T18:22:00.742000Z,71,G2,https://www.trf4.jus.br/trf4/controlador.php?acao=consulta_processual_resultado_pesquisa&selForma=NU&txtValor=00515511720034047000&selOrigem=TRF&chkMostrarBaixados=1
00529334520034047000,0052933-45.2003.4.04.7000,417,Apelação Criminal,7ª Turma,2009-04-13,2022-05-18T05:35:10.363000Z,106,G2,https://www.trf4.jus.br/trf4/controlador.php?acao=consulta_processual_resultado_pesquisa&selForma=NU&txtValor=00529334520034047000&selOrigem=TRF&chkMostrarBaixados=1
00566619420034047000,0056661-94.2003.4.04.7000,417,Apelação Criminal,7ª Turma,2006-11-22,2022-05-11T12:00:49.049000Z,114,G2,https://www.trf4.jus.br/trf4/controlador.php?acao=consulta_processual_resultado_pesquisa&selForma=NU&txtValor=00566619420034047000&selOrigem=TRF&chkMostrarBaixados=1
00682380620024047000,0068238-06.2002.4.04.7000,417,Apelação Criminal,7ª Turma,2012-08-22,2024-03-26T03:10:13.000000Z,148,G2,https://www.trf4.jus.br/trf4/controlador.php?acao=consulta_processual_resultado_pesquisa&selForma=NU&txtValor=00682380620024047000&selOrigem=TRF&chkMostrarBaixados=1
00687228420034047000,0068722-84.2003.4.04.7000,417,Apelação Criminal,7ª Turma,2007-10-04,2022-05-12T21:29:35.998000Z,116,G2,https://www.trf4.jus.br/trf4/controlador.php?acao=consulta_processual_resultado_pesquisa&selForma=NU&txtValor=00687228420034047000&selOrigem=TRF&chkMostrarBaixados=1
00784569320024047000,0078456-93.2002.4.04.7000,417,Apelação Criminal,7ª Turma,2011-12-07,2022-05-12T19:21:54.155000Z,216,G2,https://www.trf4.jus.br/trf4/controlador.php?acao=consulta_processual_resultado_pesquisa&selForma=NU&txtValor=00784569320024047000&selOrigem=TRF&chkMostrarBaixados=1
50000029320114047001,5000002-93.2011.4.04.7001,417,Apelação Criminal,GAB. 72 (Des. Federal SALISE MONTEIRO SANCHOTENE),2014-02-20,2021-07-23T10:40:07.513000Z,70,G2,https://www.trf4.jus.br/trf4/controlador.php?acao=consulta_processual_resultado_pesquisa&selForma=NU&txtValor=50000029320114047001&selOrigem=TRF&chkMostrarBaixados=1
50000230920154047008,5000023-09.2015.4.04.7008,417,Apelação Criminal,GAB. 81 (Des. Federal LORACI FLORES DE LIMA),2019-09-26,2024-08-30T19:10:01.628Z,25,G2,https://www.trf4.jus.br/trf4/controlador.php?acao=consulta_processual_resultado_pesquisa&selForma=NU&txtValor=50000230920154047008&selOrigem=TRF&chkMostrarBaixados=1
50004377020164047008,5000437-70.2016.4.04.7008,417,Apelação Criminal,GAB. 81 (Des. Federal LORACI FLORES DE LIMA),2018-05-28,2025-06-14T13:22:48.098Z,23,G2,https://www.trf4.jus.br/trf4/controlador.php?acao=consulta_processual_resultado_pesquisa&selForma=NU&txtValor=50004377020164047008&selOrigem=TRF&chkMostrarBaixados=1
50004734420134047000,5000473-44.2013.4.04.7000,417,Apelação Criminal,GAB. 71 (Des. Federal ÂNGELO ROBERTO ILHA DA SILVA),2015-05-18,2025-04-24T19:11:13.593Z,38,G2,https://www.trf4.jus.br/trf4/controlador.php?acao=consulta_processual_resultado_pesquisa&selForma=NU&txtValor=50004734420134047000&selOrigem=TRF&chkMostrarBaixados=1
50005205220174047008,5000520-52.2017.4.04.7008,417,Apelação Criminal,GAB. 71 (Juiz Federal DANILO PEREIRA JÚNIOR),2019-06-19,2021-07-09T04:40:09.425000Z,31,G2,https://www.trf4.jus.br/trf4/controlador.php?acao=consulta_processual_resultado_pesquisa&selForma=NU&txtValor=50005205220174047008&selOrigem=TRF&chkMostrarBaixados=1
50005467420174047000,5000546-74.2017.4.04.7000,417,Apelação Criminal,Vice-Presidência,2018-05-30,2025-04-25T02:20:11.387Z,96,G2,https://www.trf4.jus.br/trf4/controlador.php?acao=consulta_processual_resultado_pesquisa&selForma=NU&txtValor=50005467420174047000&selOrigem=TRF&chkMostrarBaixados=1
50005536620174047000,5000553-66.2017.4.04.7000,421,Embargos Infringentes e de Nulidade,GAB. 71 (Des. Federal ÂNGELO ROBERTO ILHA DA SILVA),2018-05-02,2024-08-30T19:14:18.046Z,105,G2,https://www.trf4.jus.br/trf4/controlador.php?acao=consulta_processual_resultado_pesquisa&selForma=NU&txtValor=50005536620174047000&selOrigem=TRF&chkMostrarBaixados=1
50006705720174047000,5000670-57.2017.4.04.7000,417,Apelação Criminal,GAB. 71 (Juiz Federal DANILO PEREIRA JÚNIOR),2018-01-08,2021-07-10T12:08:13.700000Z,23,G2,https://www.trf4.jus.br/trf4/controlador.php?acao=consulta_processual_resultado_pesquisa&selForma=NU&txtValor=50006705720174047000&selOrigem=TRF&chkMostrarBaixados=1
50006899720164047000,5000689-97.2016.4.04.7000,417,Apelação Criminal,GAB. 83 (Juíza Federal ANA PAULA DE BORTOLI),2017-06-07,2025-07-14T10:01:05.789Z,102,G2,https://www.trf4.jus.br/trf4/controlador.php?acao=consulta_processual_resultado_pesquisa&selForma=NU&txtValor=50006899720164047000&selOrigem=TRF&chkMostrarBaixados=1
50007315420134047000,5000731-54.2013.4.04.7000,417,Apelação Criminal,GAB. 83 (Des. Federal CARLOS EDUARDO THOMPSON FLORES LENZ),2014-05-21,2021-07-15T20:43:54.684000Z,22,G2,https://www.trf4.jus.br/trf4/controlador.php?acao=consulta_processual_resultado_pesquisa&selForma=NU&txtValor=50007315420134047000&selOrigem=TRF&chkMostrarBaixados=1
50007832120164047008,5000783-21.2016.4.04.7008,417,Apelação Criminal,GAB. 81 (Des. Federal LORACI FLORES DE LIMA),2018-08-02,2025-06-14T16:38:14.264Z,34,G2,https://www.trf4.jus.br/trf4/controlador.php?acao=consulta_processual_resultado_pesquisa&selForma=NU&txtValor=50007832120164047008&selOrigem=TRF&chkMostrarBaixados=1
50008479420174047008,5000847-94.2017.4.04.7008,417,Apelação Criminal,GAB. 83 (Des. Federal CARLOS EDUARDO THOMPSON FLORES LENZ),2020-05-21,2024-08-15T07:41:42.376Z,28,G2,https://www.trf4.jus.br/trf4/controlador.php?acao=consulta_processual_resultado_pesquisa&selForma=NU&txtValor=50008479420174047008&selOrigem=TRF&chkMostrarBaixados=1
50008827820174047000,5000882-78.2017.4.04.7000,417,Apelação Criminal,GAB. 71 (Des. Federal ÂNGELO ROBERTO ILHA DA SILVA),2018-01-08,2025-04-25T01:11:50.921Z,32,G2,https://www.trf4.jus.br/trf4/controlador.php?acao=consulta_processual_resultado_pesquisa&selForma=NU&txtValor=50008827820174047000&selOrigem=TRF&chkMostrarBaixados=1
50009411820124047008,5000941-18.2012.4.04.7008,417,Apelação Criminal,GAB. 81 (Des. Federal LORACI FLORES DE LIMA),2021-04-08,2025-08-01T20:51:00.988Z,33,G2,https://www.trf4.jus.br/trf4/controlador.php?acao=consulta_processual_resultado_pesquisa&selForma=NU&txtValor=50009411820124047008&selOrigem=TRF&chkMostrarBaixados=1
50009489720184047008,5000948-97.2018.4.04.7008,421,Embargos Infringentes e de Nulidade,GAB. 82 (Des. Federal MARCELO MALUCELLI),2020-10-23,2024-09-21T16:23:20.222Z,114,G2,https://www.trf4.jus.br/trf4/controlador.php?acao=consulta_processual_resultado_pesquisa&selForma=NU&txtValor=50009489720184047008&selOrigem=TRF&chkMostrarBaixados=1
50009848120144047008,5000984-81.2014.4.04.7008,417,Apelação Criminal,GAB. 81 (Des. Federal LORACI FLORES DE LIMA),2018-09-10,2025-04-25T00:46:43.165Z,28,G2,https://www.trf4.jus.br/trf4/controlador.php?acao=consulta_processual_resultado_pesquisa&selForma=NU&txtValor=50009848120144047008&selOrigem=TRF&chkMostrarBaixados=1
50011030320134047000,5001103-03.2013.4.04.7000,417,Apelação Criminal,GAB. 71 (Des. Federal ÂNGELO ROBERTO ILHA DA SILVA),2017-07-04,2024-09-20T12:30:45.562Z,61,G2,https://www.trf4.jus.br/trf4/controlador.php?acao=consulta_processual_resultado_pesquisa&selForma=NU&txtValor=50011030320134047000&selOrigem=TRF&chkMostrarBaixados=1
50011374120144047000,5001137-41.2014.4.04.7000,417,Apelação Criminal,GAB. 71 (Juiz Federal DANILO PEREIRA JÚNIOR),2016-09-21,2021-07-12T05:54:32.114000Z,69,G2,https://www.trf4.jus.br/trf4/controlador.php?acao=consulta_processual_resultado_pesquisa&selForma=NU&txtValor=50011374120144047000&selOrigem=TRF&chkMostrarBaixados=1
50011388920154047000,5001138-89.2015.4.04.7000,417,Apelação Criminal,GAB. 71 (Des. Federal ÂNGELO ROBERTO ILHA DA SILVA),2015-11-27,2025-07-16T05:36:45.924Z,492,G2,https://www.trf4.jus.br/trf4/controlador.php?acao=consulta_processual_resultado_pesquisa&selForma=NU&txtValor=50011388920154047000&selOrigem=TRF&chkMostrarBaixados=1
50011541420134047000,5001154-14.2013.4.04.7000,417,Apelação Criminal,GAB. 81 (Des. Federal LORACI FLORES DE LIMA),2015-02-27,2024-09-19T13:30:43.912Z,142,G2,https://www.trf4.jus.br/trf4/controlador.php?acao=consulta_processual_resultado_pesquisa&selForma=NU&txtValor=50011541420134047000&selOrigem=TRF&chkMostrarBaixados=1
50011770820234047000,5001177-08.2023.4.04.7000,417,Apelação Criminal,GAB. 73 (Des. Federal LUIZ CARLOS CANALLI),2025-02-06,2025-10-19T11:59:58.667Z,36,G2,https://www.trf4.jus.br/trf4/controlador.php?acao=consulta_processual_resultado_pesquisa&selForma=NU&txtValor=50011770820234047000&selOrigem=TRF&chkMostrarBaixados=1
50012112720164047000,5001211-27.2016.4.04.7000,417,Apelação Criminal,GAB. 83 (Des. Federal CARLOS EDUARDO THOMPSON FLORES LENZ),2019-12-19,2024-09-20T11:00:26.562Z,124,G2,https://www.trf4.jus.br/trf4/controlador.php?acao=consulta_processual_resultado_pesquisa&selForma=NU&txtValor=50012112720164047000&selOrigem=TRF&chkMostrarBaixados=1
50012156420164047000,5001215-64.2016.4.04.7000,417,Apelação Criminal,GAB. 83 (Des. Federal CARLOS EDUARDO THOMPSON FLORES LENZ),2017-10-09,2022-06-04T16:13:21.786000Z,69,G2,https://www.trf4.jus.br/trf4/controlador.php?acao=consulta_processual_resultado_pesquisa&selForma=NU&txtValor=50012156420164047000&selOrigem=TRF&chkMostrarBaixados=1
50012234120164047000,5001223-41.2016.4.04.7000,417,Apelação Criminal,GAB. 83 (Des. Federal CARLOS EDUARDO THOMPSON FLORES LENZ),2017-10-16,2024-09-21T16:32:33.827Z,64,G2,https://www.trf4.jus.br/trf4/controlador.php?acao=consulta_processual_resultado_pesquisa&selForma=NU&txtValor=50012234120164047000&selOrigem=TRF&chkMostrarBaixados=1
50012269320164047000,5001226-93.2016.4.04.7000,417,Apelação Criminal,GAB. 83 (Des. Federal CARLOS EDUARDO THOMPSON FLORES LENZ),2017-10-16,2021-07-11T01:08:27.099000Z,34,G2,https://www.trf4.jus.br/trf4/controlador.php?acao=consulta_processual_resultado_pesquisa&selForma=NU&txtValor=50012269320164047000&selOrigem=TRF&chkMostrarBaixados=1
50012303320164047000,5001230-33.2016.4.04.7000,417,Apelação Criminal,GAB. 83 (Des. Federal CARLOS EDUARDO THOMPSON FLORES LENZ),2017-05-11,2024-09-22T19:50:06.108Z,60,G2,https://www.trf4.jus.br/trf4/controlador.php?acao=consulta_processual_resultado_pesquisa&selForma=NU&txtValor=50012303320164047000&selOrigem=TRF&chkMostrarBaixados=1
50012393420174047008,5001239-34.2017.4.04.7008,417,Apelação Criminal,GAB. 82 (Des. Federal MARCELO MALUCELLI),2019-12-10,2025-02-13T03:10:29.260Z,79,G2,https://www.trf4.jus.br/trf4/controlador.php?acao=consulta_processual_resultado_pesquisa&selForma=NU&txtValor=50012393420174047008&selOrigem=TRF&chkMostrarBaixados=1
50012471620144047008,5001247-16.2014.4.04.7008,417,Apelação Criminal,GAB. 71 (Des. Federal ÂNGELO ROBERTO ILHA DA SILVA),2018-09-11,2025-06-14T15:50:36.107Z,28,G2,https://www.trf4.jus.br/trf4/controlador.php?acao=consulta_processual_resultado_pesquisa&selForma=NU&txtValor=50012471620144047008&selOrigem=TRF&chkMostrarBaixados=1
50012482520144047000,5001248-25.2014.4.04.7000,421,Embargos Infringentes e de Nulidade,GAB. 72 (Des. Federal SALISE MONTEIRO SANCHOTENE),2015-06-16,2022-06-04T16:07:14.581000Z,112,G2,https://www.trf4.jus.br/trf4/controlador.php?acao=consulta_processual_resultado_pesquisa&selForma=NU&txtValor=50012482520144047000&selOrigem=TRF&chkMostrarBaixados=1
50012497820124047000,5001249-78.2012.4.04.7000,417,Apelação Criminal,GAB. 82 (Des. Federal JOÃO PEDRO GEBRAN NETO),2013-11-28,2021-07-23T13:43:32.867000Z,41,G2,https://www.trf4.jus.br/trf4/controlador.php?acao=consulta_processual_resultado_pesquisa&selForma=NU&txtValor=50012497820124047000&selOrigem=TRF&chkMostrarBaixados=1
50012624320184047008,5001262-43.2018.4.04.7008,417,Apelação Criminal,GAB. 81 (Des. Federal LORACI FLORES DE LIMA),2018-10-04,2024-08-30T19:00:45.304Z,43,G2,https://www.trf4.jus.br/trf4/controlador.php?acao=consulta_processual_resultado_pesquisa&selForma=NU&txtValor=50012624320184047008&selOrigem=TRF&chkMostrarBaixados=1
50013477720234047000,5001347-77.2023.4.04.7000,417,Apelação Criminal,GAB 73 Des Federal LUIZ CARLOS CANALLI,2026-07-21,2026-09-11T06:31:24.539000Z,5,G2,https://www.trf4.jus.br/trf4/controlador.php?acao=consulta_processual_resultado_pesquisa&selForma=NU&txtValor=50013477720234047000&selOrigem=TRF&chkMostrarBaixados=1
50013991520194047000,5001399-15.2019.4.04.7000,417,Apelação Criminal,GAB. 81 (Des. Federal LORACI FLORES DE LIMA),2020-01-24,2025-04-25T02:51:22.399Z,24,G2,https://www.trf4.jus.br/trf4/controlador.php?acao=consulta_processual_resultado_pesquisa&selForma=NU&txtValor=50013991520194047000&selOrigem=TRF&chkMostrarBaixados=1
50014104420194047000,5001410-44.2019.4.04.7000,417,Apelação Criminal,GAB. 81 (Des. Federal LORACI FLORES DE LIMA),2020-02-03,2024-08-30T01:28:48.531Z,63,G2,https://www.trf4.jus.br/trf4/controlador.php?acao=consulta_processual_resultado_pesquisa&selForma=NU&txtValor=50014104420194047000&selOrigem=TRF&chkMostrarBaixados=1
50015802120164047000,5001580-21.2016.4.04.7000,417,Apelação Criminal,Vice-Presidência,2021-06-14,2025-04-24T17:54:44.300Z,95,G2,https://www.trf4.jus.br/trf4/controlador.php?acao=consulta_processual_resultado_pesquisa&selForma=NU&txtValor=50015802120164047000&selOrigem=TRF&chkMostrarBaixados=1
50016626220154047008,5001662-62.2015.4.04.7008,417,Apelação Criminal,GAB. 81 (Des. Federal LORACI FLORES DE LIMA),2020-08-17,2024-09-21T16:29:54.143Z,44,G2,https://www.trf4.jus.br/trf4/controlador.php?acao=consulta_processual_resultado_pesquisa&selForma=NU&txtValor=50016626220154047008&selOrigem=TRF&chkMostrarBaixados=1
50016926320164047008,5001692-63.2016.4.04.7008,417,Apelação Criminal,GAB. 73 (Des. Federal LUIZ CARLOS CANALLI),2019-02-13,2021-07-09T07:12:51.648000Z,22,G2,https://www.trf4.jus.br/trf4/controlador.php?acao=consulta_processual_resultado_pesquisa&selForma=NU&txtValor=50016926320164047008&selOrigem=TRF&chkMostrarBaixados=1
50017197520184047008,5001719-75.2018.4.04.7008,417,Apelação Criminal,GAB. 72 (Des. Federal SALISE MONTEIRO SANCHOTENE),2019-11-29,2024-09-21T16:28:55.873Z,35,G2,https://www.trf4.jus.br/trf4/controlador.php?acao=consulta_processual_resultado_pesquisa&selForma=NU&txtValor=50017197520184047008&selOrigem=TRF&chkMostrarBaixados=1
50017297520204047000,5001729-75.2020.4.04.7000,417,Apelação Criminal,GAB. 82 (Des. Federal MARCELO MALUCELLI),2020-07-08,2024-09-22T22:30:05.923Z,38,G2,https://www.trf4.jus.br/trf4/controlador.php?acao=consulta_processual_resultado_pesquisa&selForma=NU&txtValor=50017297520204047000&selOrigem=TRF&chkMostrarBaixados=1
50018068420204047000,5001806-84.2020.4.04.7000,417,Apelação Criminal,GAB. 72 (Des. Federal SALISE MONTEIRO SANCHOTENE),2021-02-17,2025-04-16T19:31:08.832Z,103,G2,https://www.trf4.jus.br/trf4/controlador.php?acao=consulta_processual_resultado_pesquisa&selForma=NU&txtValor=50018068420204047000&selOrigem=TRF&chkMostrarBaixados=1
50020236420194047000,5002023-64.2019.4.04.7000,417,Apelação Criminal,VicePresidencia,2021-04-26,2026-09-10T05:23:38.100000Z,81,G2,https://www.trf4.jus.br/trf4/controlador.php?acao=consulta_processual_resultado_pesquisa&selForma=NU&txtValor=50020236420194047000&selOrigem=TRF&chkMostrarBaixados=1
50020878920154047008,5002087-89.2015.4.04.7008,417,Apelação Criminal,GAB. 72 (Des. Federal SALISE MONTEIRO SANCHOTENE),2019-09-24,2024-08-29T23:27:11.459Z,43,G2,https://www.trf4.jus.br/trf4/controlador.php?acao=consulta_processual_resultado_pesquisa&selForma=NU&txtValor=50020878920154047008&selOrigem=TRF&chkMostrarBaixados=1
50021466220194047000,5002146-62.2019.4.04.7000,417,Apelação Criminal,GAB. 72 (Des. Federal SALISE MONTEIRO SANCHOTENE),2019-04-22,2024-09-23T06:50:02.693Z,21,G2,https://www.trf4.jus.br/trf4/controlador.php?acao=consulta_processual_resultado_pesquisa&selForma=NU&txtValor=50021466220194047000&selOrigem=TRF&chkMostrarBaixados=1
50021804720134047000,5002180-47.2013.4.04.7000,417,Apelação Criminal,GAB. 71 (Juiz Federal DANILO PEREIRA JÚNIOR),2014-09-11,2021-07-16T06:26:52.032000Z,36,G2,https://www.trf4.jus.br/trf4/controlador.php?acao=consulta_processual_resultado_pesquisa&selForma=NU&txtValor=50021804720134047000&selOrigem=TRF&chkMostrarBaixados=1
50022947820164047000,5002294-78.2016.4.04.7000,417,Apelação Criminal,GAB. 71 (Juiz Federal DANILO PEREIRA JÚNIOR),2017-09-11,2021-07-23T09:32:34.454000Z,10,G2,https://www.trf4.jus.br/trf4/controlador.php?acao=consulta_processual_resultado_pesquisa&selForma=NU&txtValor=50022947820164047000&selOrigem=TRF&chkMostrarBaixados=1
50023192820154047000,5002319-28.2015.4.04.7000,417,Apelação Criminal,GAB. 83 (Des. Federal CARLOS EDUARDO THOMPSON FLORES LENZ),2016-06-14,2021-07-23T09:06:49.051000Z,22,G2,https://www.trf4.jus.br/trf4/controlador.php?acao=consulta_processual_resultado_pesquisa&selForma=NU&txtValor=50023192820154047000&selOrigem=TRF&chkMostrarBaixados=1
50023620420114047000,5002362-04.2011.4.04.7000,417,Apelação Criminal,GAB. 83 (Des. Federal CARLOS EDUARDO THOMPSON FLORES LENZ),2019-03-27,2024-08-30T19:07:27.443Z,23,G2,https://www.trf4.jus.br/trf4/controlador.php?acao=consulta_processual_resultado_pesquisa&selForma=NU&txtValor=50023620420114047000&selOrigem=TRF&chkMostrarBaixados=1
50025097320244047000,5002509-73.2024.4.04.7000,417,Apelação Criminal,GAB. 81 (Des. Federal LORACI FLORES DE LIMA),2025-12-10,2026-01-15T06:13:36.115000Z,7,G2,https://www.trf4.jus.br/trf4/controlador.php?acao=consulta_processual_resultado_pesquisa&selForma=NU&txtValor=50025097320244047000&selOrigem=TRF&chkMostrarBaixados=1
50026191920174047000,5002619-19.2017.4.04.7000,417,Apelação Criminal,GAB. 81 (Des. Federal LORACI FLORES DE LIMA),2018-01-15,2024-08-30T01:05:43.779Z,64,G2,https://www.trf4.jus.br/trf4/controlador.php?acao=consulta_processual_resultado_pesquisa&selForma=NU&txtValor=50026191920174047000&selOrigem=TRF&chkMostrarBaixados=1
50026304320204047000,5002630-43.2020.4.04.7000,417,Apelação Criminal,GAB. 73 (Des. Federal LUIZ CARLOS CANALLI),2023-03-01,2024-09-20T15:10:06.208Z,34,G2,https://www.trf4.jus.br/trf4/controlador.php?acao=consulta_processual_resultado_pesquisa&selForma=NU&txtValor=50026304320204047000&selOrigem=TRF&chkMostrarBaixados=1
50027959020204047000,5002795-90.2020.4.04.7000,417,Apelação Criminal,GAB. 72 (Des. Federal ALEXANDRE GONÇALVES LIPPEL),2021-10-20,2025-08-01T21:10:05.464Z,23,G2,https://www.trf4.jus.br/trf4/controlador.php?acao=consulta_processual_resultado_pesquisa&selForma=NU&txtValor=50027959020204047000&selOrigem=TRF&chkMostrarBaixados=1
50029505920214047000,5002950-59.2021.4.04.7000,417,Apelação Criminal,GAB. 73 (Des. Federal LUIZ CARLOS CANALLI),2022-09-09,2024-09-22T13:30:18.574Z,21,G2,https://www.trf4.jus.br/trf4/controlador.php?acao=consulta_processual_resultado_pesquisa&selForma=NU&txtValor=50029505920214047000&selOrigem=TRF&chkMostrarBaixados=1
50031165220254047000,5003116-52.2025.4.04.7000,417,Apelação Criminal,GAB 83 Des Federal ANA PAULA DE BORTOLI,2026-06-03,2026-09-12T15:15:22.613000Z,29,G2,https://www.trf4.jus.br/trf4/controlador.php?acao=consulta_processual_resultado_pesquisa&selForma=NU&txtValor=50031165220254047000&selOrigem=TRF&chkMostrarBaixados=1
50031561520174047000,5003156-15.2017.4.04.7000,417,Apelação Criminal,Vice-Presidência,2024-03-18,2025-10-17T18:49:41.859Z,42,G2,https://www.trf4.jus.br/trf4/controlador.php?acao=consulta_processual_resultado_pesquisa&selForma=NU&txtValor=50031561520174047000&selOrigem=TRF&chkMostrarBaixados=1
50035034320204047000,5003503-43.2020.4.04.7000,417,Apelação Criminal,GAB. 81 (Des. Federal LORACI FLORES DE LIMA),2021-09-21,2024-09-21T17:40:07.547Z,42,G2,https://www.trf4.jus.br/trf4/controlador.php?acao=consulta_processual_resultado_pesquisa&selForma=NU&txtValor=50035034320204047000&selOrigem=TRF&chkMostrarBaixados=1
50036646820164047008,5003664-68.2016.4.04.7008,417,Apelação Criminal,GAB. 73 (Des. Federal LUIZ CARLOS CANALLI),2019-10-02,2024-09-21T17:00:04.901Z,26,G2,https://www.trf4.jus.br/trf4/controlador.php?acao=consulta_processual_resultado_pesquisa&selForma=NU&txtValor=50036646820164047008&selOrigem=TRF&chkMostrarBaixados=1
50038184720154047000,5003818-47.2015.4.04.7000,417,Apelação Criminal,GAB. 71 (Juiz Federal DANILO PEREIRA JÚNIOR),2015-11-30,2021-07-14T09:07:09.316000Z,24,G2,https://www.trf4.jus.br/trf4/controlador.php?acao=consulta_processual_resultado_pesquisa&selForma=NU&txtValor=50038184720154047000&selOrigem=TRF&chkMostrarBaixados=1
50038274820164047008,5003827-48.2016.4.04.7008,417,Apelação Criminal,GAB. 83 (Des. Federal CARLOS EDUARDO THOMPSON FLORES LENZ),2017-09-11,2025-06-14T03:43:55.660Z,33,G2,https://www.trf4.jus.br/trf4/controlador.php?acao=consulta_processual_resultado_pesquisa&selForma=NU&txtValor=50038274820164047008&selOrigem=TRF&chkMostrarBaixados=1
50038507620204047000,5003850-76.2020.4.04.7000,417,Apelação Criminal,GAB. 83 (Des. Federal CARLOS EDUARDO THOMPSON FLORES LENZ),2020-02-26,2025-06-14T12:36:34.273Z,32,G2,https://www.trf4.jus.br/trf4/controlador.php?acao=consulta_processual_resultado_pesquisa&selForma=NU&txtValor=50038507620204047000&selOrigem=TRF&chkMostrarBaixados=1
50041515720194047000,5004151-57.2019.4.04.7000,417,Apelação Criminal,GAB. 72 (Des. Federal SALISE MONTEIRO SANCHOTENE),2020-03-31,2024-09-20T18:30:26.610Z,32,G2,https://www.trf4.jus.br/trf4/controlador.php?acao=consulta_processual_resultado_pesquisa&selForma=NU&txtValor=50041515720194047000&selOrigem=TRF&chkMostrarBaixados=1
50043203420254047000,5004320-34.2025.4.04.7000,417,Apelação Criminal,GAB 73 Des Federal LUIZ CARLOS CANALLI,2026-05-29,2026-08-02T08:39:32.223000Z,10,G2,https://www.trf4.jus.br/trf4/controlador.php?acao=consulta_processual_resultado_pesquisa&selForma=NU&txtValor=50043203420254047000&selOrigem=TRF&chkMostrarBaixados=1
50046248220154047000,5004624-82.2015.4.04.7000,417,Apelação Criminal,GAB. 81 (Juiz Federal NIVALDO BRUNONI),2016-04-18,2021-07-23T13:33:26.722000Z,26,G2,https://www.trf4.jus.br/trf4/controlador.php?acao=consulta_processual_resultado_pesquisa&selForma=NU&txtValor=50046248220154047000&selOrigem=TRF&chkMostrarBaixados=1
50046274720144047008,5004627-47.2014.4.04.7008,417,Apelação Criminal,GAB. 73 (Des. Federal LUIZ CARLOS CANALLI),2018-11-14,2021-07-09T22:08:21.576000Z,20,G2,https://www.trf4.jus.br/trf4/controlador.php?acao=consulta_processual_resultado_pesquisa&selForma=NU&txtValor=50046274720144047008&selOrigem=TRF&chkMostrarBaixados=1
50046300220144047008,5004630-02.2014.4.04.7008,417,Apelação Criminal,GAB. 71 (Juiz Federal DANILO PEREIRA JÚNIOR),2017-10-02,2021-07-11T03:26:30.475000Z,38,G2,https://www.trf4.jus.br/trf4/controlador.php?acao=consulta_processual_resultado_pesquisa&selForma=NU&txtValor=50046300220144047008&selOrigem=TRF&chkMostrarBaixados=1
50047667120244047000,5004766-71.2024.4.04.7000,417,Apelação Criminal,GAB. 81 (Des. Federal LORACI FLORES DE LIMA),2025-05-05,2025-07-14T08:20:54.132Z,17,G2,https://www.trf4.jus.br/trf4/controlador.php?acao=consulta_processual_resultado_pesquisa&selForma=NU&txtValor=50047667120244047000&selOrigem=TRF&chkMostrarBaixados=1
50049143420144047000,5004914-34.2014.4.04.7000,417,Apelação Criminal,GAB. 71 (Juiz Federal DANILO PEREIRA JÚNIOR),2016-09-28,2021-07-09T14:46:54.449000Z,105,G2,https://www.trf4.jus.br/trf4/controlador.php?acao=consulta_processual_resultado_pesquisa&selForma=NU&txtValor=50049143420144047000&selOrigem=TRF&chkMostrarBaixados=1
50049827120204047000,5004982-71.2020.4.04.7000,417,Apelação Criminal,GAB 83 Des Federal ANA PAULA DE BORTOLI,2024-05-27,2026-09-11T03:51:08.040000Z,40,G2,https://www.trf4.jus.br/trf4/controlador.php?acao=consulta_processual_resultado_pesquisa&selForma=NU&txtValor=50049827120204047000&selOrigem=TRF&chkMostrarBaixados=1
50051464120174047000,5005146-41.2017.4.04.7000,417,Apelação Criminal,GAB. 83 (Des. Federal CARLOS EDUARDO THOMPSON FLORES LENZ),2018-12-17,2024-09-21T14:17:24.821Z,63,G2,https://www.trf4.jus.br/trf4/controlador.php?acao=consulta_processual_resultado_pesquisa&selForma=NU&txtValor=50051464120174047000&selOrigem=TRF&chkMostrarBaixados=1
50051629220174047000,5005162-92.2017.4.04.7000,417,Apelação Criminal,GAB. 83 (Des. Federal CARLOS EDUARDO THOMPSON FLORES LENZ),2018-09-21,2024-09-23T05:10:05.248Z,49,G2,https://www.trf4.jus.br/trf4/controlador.php?acao=consulta_processual_resultado_pesquisa&selForma=NU&txtValor=50051629220174047000&selOrigem=TRF&chkMostrarBaixados=1
50051845320174047000,5005184-53.2017.4.04.7000,417,Apelação Criminal,GAB. 83 (Des. Federal CARLOS EDUARDO THOMPSON FLORES LENZ),2018-09-10,2024-09-20T16:14:07.600Z,70,G2,https://www.trf4.jus.br/trf4/controlador.php?acao=consulta_processual_resultado_pesquisa&selForma=NU&txtValor=50051845320174047000&selOrigem=TRF&chkMostrarBaixados=1
50051897520174047000,5005189-75.2017.4.04.7000,417,Apelação Criminal,GAB. 83 (Des. Federal CARLOS EDUARDO THOMPSON FLORES LENZ),2018-08-28,2025-06-14T23:50:37.033Z,32,G2,https://www.trf4.jus.br/trf4/controlador.php?acao=consulta_processual_resultado_pesquisa&selForma=NU&txtValor=50051897520174047000&selOrigem=TRF&chkMostrarBaixados=1
50052649520144047008,5005264-95.2014.4.04.7008,417,Apelação Criminal,GAB. 81 (Juiz Federal NIVALDO BRUNONI),2017-11-07,2021-07-10T11:11:51.018000Z,27,G2,https://www.trf4.jus.br/trf4/controlador.php?acao=consulta_processual_resultado_pesquisa&selForma=NU&txtValor=50052649520144047008&selOrigem=TRF&chkMostrarBaixados=1
50053840720104047000,5005384-07.2010.4.04.7000,417,Apelação Criminal,GAB. 82 (Des. Federal MARCELO MALUCELLI),2012-08-10,2024-08-30T14:43:45.074Z,76,G2,https://www.trf4.jus.br/trf4/controlador.php?acao=consulta_processual_resultado_pesquisa&selForma=NU&txtValor=50053840720104047000&selOrigem=TRF&chkMostrarBaixados=1
50054527820154047000,5005452-78.2015.4.04.7000,417,Apelação Criminal,GAB. 73 (Des. Federal LUIZ CARLOS CANALLI),2015-07-03,2025-06-15T05:30:34.979Z,66,G2,https://www.trf4.jus.br/trf4/controlador.php?acao=consulta_processual_resultado_pesquisa&selForma=NU&txtValor=50054527820154047000&selOrigem=TRF&chkMostrarBaixados=1
50055727220254047000,5005572-72.2025.4.04.7000,417,Apelação Criminal,GAB 72 Des Federal ALEXANDRE GONCALVES LIPPEL,2026-07-27,2026-08-04T07:43:23.687000Z,4,G2,https://www.trf4.jus.br/trf4/controlador.php?acao=consulta_processual_resultado_pesquisa&selForma=NU&txtValor=50055727220254047000&selOrigem=TRF&chkMostrarBaixados=1
50056275720244047000,5005627-57.2024.4.04.7000,417,Apelação Criminal,GAB 83 Des Federal ANA PAULA DE BORTOLI,2026-02-24,2026-09-10T13:56:49.781000Z,27,G2,https://www.trf4.jus.br/trf4/controlador.php?acao=consulta_processual_resultado_pesquisa&selForma=NU&txtValor=50056275720244047000&selOrigem=TRF&chkMostrarBaixados=1
50056534620104047000,5005653-46.2010.4.04.7000,421,Embargos Infringentes e de Nulidade,GAB. 73 (Des. Federal LUIZ CARLOS CANALLI),2013-04-29,2024-09-20T11:10:07.955Z,181,G2,https://www.trf4.jus.br/trf4/controlador.php?acao=consulta_processual_resultado_pesquisa&selForma=NU&txtValor=50056534620104047000&selOrigem=TRF&chkMostrarBaixados=1
50059302320144047000,5005930-23.2014.4.04.7000,417,Apelação Criminal,GAB. 71 (Juiz Federal DANILO PEREIRA JÚNIOR),2014-09-18,2021-07-24T02:39:02.041000Z,32,G2,https://www.trf4.jus.br/trf4/controlador.php?acao=consulta_processual_resultado_pesquisa&selForma=NU&txtValor=50059302320144047000&selOrigem=TRF&chkMostrarBaixados=1
50060199420244047000,5006019-94.2024.4.04.7000,426,Recurso em Sentido Estrito,GAB 72 Des Federal ALEXANDRE GONCALVES LIPPEL,2026-01-27,2026-08-02T02:07:58.674000Z,32,G2,https://www.trf4.jus.br/trf4/controlador.php?acao=consulta_processual_resultado_pesquisa&selForma=NU&txtValor=50060199420244047000&selOrigem=TRF&chkMostrarBaixados=1
50064302120164047000,5006430-21.2016.4.04.7000,417,Apelação Criminal,GAB. 83 (Des. Federal CARLOS EDUARDO THOMPSON FLORES LENZ),2017-10-10,2025-06-14T01:05:58.000Z,46,G2,https://www.trf4.jus.br/trf4/controlador.php?acao=consulta_processual_resultado_pesquisa&selForma=NU&txtValor=50064302120164047000&selOrigem=TRF&chkMostrarBaixados=1
50064310620164047000,5006431-06.2016.4.04.7000,417,Apelação Criminal,GAB. 83 (Des. Federal CARLOS EDUARDO THOMPSON FLORES LENZ),2017-09-25,2024-09-21T16:07:22.357Z,102,G2,https://www.trf4.jus.br/trf4/controlador.php?acao=consulta_processual_resultado_pesquisa&selForma=NU&txtValor=50064310620164047000&selOrigem=TRF&chkMostrarBaixados=1
50064337320164047000,5006433-73.2016.4.04.7000,417,Apelação Criminal,GAB. 83 (Des. Federal CARLOS EDUARDO THOMPSON FLORES LENZ),2017-03-14,2025-06-14T14:20:31.450Z,70,G2,https://www.trf4.jus.br/trf4/controlador.php?acao=consulta_processual_resultado_pesquisa&selForma=NU&txtValor=50064337320164047000&selOrigem=TRF&chkMostrarBaixados=1
50064345820164047000,5006434-58.2016.4.04.7000,417,Apelação Criminal,GAB. 83 (Des. Federal CARLOS EDUARDO THOMPSON FLORES LENZ),2017-10-20,2024-09-22T03:50:03.016Z,57,G2,https://www.trf4.jus.br/trf4/controlador.php?acao=consulta_processual_resultado_pesquisa&selForma=NU&txtValor=50064345820164047000&selOrigem=TRF&chkMostrarBaixados=1
50066026520134047000,5006602-65.2013.4.04.7000,417,Apelação Criminal,GAB. 72 (Des. Federal SALISE MONTEIRO SANCHOTENE),2015-03-27,2021-07-24T02:48:47.029000Z,20,G2,https://www.trf4.jus.br/trf4/controlador.php?acao=consulta_processual_resultado_pesquisa&selForma=NU&txtValor=50066026520134047000&selOrigem=TRF&chkMostrarBaixados=1
50066128920254047000,5006612-89.2025.4.04.7000,417,Apelação Criminal,GAB 82 Des Federal MARCELO MALUCELLI,2026-08-07,2026-09-11T07:42:55.752000Z,7,G2,https://www.trf4.jus.br/trf4/controlador.php?acao=consulta_processual_resultado_pesquisa&selForma=NU&txtValor=50066128920254047000&selOrigem=TRF&chkMostrarBaixados=1
50068003420154047000,5006800-34.2015.4.04.7000,417,Apelação Criminal,GAB. 71 (Juiz Federal DANILO PEREIRA JÚNIOR),2017-06-26,2021-07-14T06:52:52.098000Z,29,G2,https://www.trf4.jus.br/trf4/controlador.php?acao=consulta_processual_resultado_pesquisa&selForma=NU&txtValor=50068003420154047000&selOrigem=TRF&chkMostrarBaixados=1
50068372720164047000,5006837-27.2016.4.04.7000,417,Apelação Criminal,GAB. 73 (Des. Federal LUIZ CARLOS CANALLI),2017-07-03,2024-09-23T00:50:05.740Z,39,G2,https://www.trf4.jus.br/trf4/controlador.php?acao=consulta_processual_resultado_pesquisa&selForma=NU&txtValor=50068372720164047000&selOrigem=TRF&chkMostrarBaixados=1
50069743820184047000,5006974-38.2018.4.04.7000,417,Apelação Criminal,GAB. 83 (Des. Federal CARLOS EDUARDO THOMPSON FLORES LENZ),2018-10-18,2021-07-09T21:07:41.358000Z,22,G2,https://www.trf4.jus.br/trf4/controlador.php?acao=consulta_processual_resultado_pesquisa&selForma=NU&txtValor=50069743820184047000&selOrigem=TRF&chkMostrarBaixados=1
50070443120134047000,5007044-31.2013.4.04.7000,417,Apelação Criminal,GAB. 72 (Des. Federal SALISE MONTEIRO SANCHOTENE),2014-09-30,2025-04-24T19:19:20.238Z,41,G2,https://www.trf4.jus.br/trf4/controlador.php?acao=consulta_processual_resultado_pesquisa&selForma=NU&txtValor=50070443120134047000&selOrigem=TRF&chkMostrarBaixados=1
50071097920204047000,5007109-79.2020.4.04.7000,417,Apelação Criminal,GAB. 82 (Des. Federal MARCELO MALUCELLI),2020-09-30,2024-09-23T17:30:30.304Z,34,G2,https://www.trf4.jus.br/trf4/controlador.php?acao=consulta_processual_resultado_pesquisa&selForma=NU&txtValor=50071097920204047000&selOrigem=TRF&chkMostrarBaixados=1
50073269820154047000,5007326-98.2015.4.04.7000,417,Apelação Criminal,GAB. 82 (Des. Federal MARCELO MALUCELLI),2015-07-31,2025-04-25T01:11:43.994Z,74,G2,https://www.trf4.jus.br/trf4/controlador.php?acao=consulta_processual_resultado_pesquisa&selForma=NU&txtValor=50073269820154047000&selOrigem=TRF&chkMostrarBaixados=1
50073417220124047000,5007341-72.2012.4.04.7000,417,Apelação Criminal,GAB. 72 (Des. Federal SALISE MONTEIRO SANCHOTENE),2013-07-03,2025-04-24T23:33:14.417Z,67,G2,https://www.trf4.jus.br/trf4/controlador.php?acao=consulta_processual_resultado_pesquisa&selForma=NU&txtValor=50073417220124047000&selOrigem=TRF&chkMostrarBaixados=1
50074528020174047000,5007452-80.2017.4.04.7000,417,Apelação Criminal,GAB. 71 (Des. Federal ÂNGELO ROBERTO ILHA DA SILVA),2019-06-13,2025-02-12T09:50:16.542Z,75,G2,https://www.trf4.jus.br/trf4/controlador.php?acao=consulta_processual_resultado_pesquisa&selForma=NU&txtValor=50074528020174047000&selOrigem=TRF&chkMostrarBaixados=1
50078505620194047000,5007850-56.2019.4.04.7000,417,Apelação Criminal,GAB. 81 (Des. Federal LORACI FLORES DE LIMA),2020-10-06,2024-08-30T19:00:18.456Z,24,G2,https://www.trf4.jus.br/trf4/controlador.php?acao=consulta_processual_resultado_pesquisa&selForma=NU&txtValor=50078505620194047000&selOrigem=TRF&chkMostrarBaixados=1
50079053120244047000,5007905-31.2024.4.04.7000,417,Apelação Criminal,GAB 73 Des Federal LUIZ CARLOS CANALLI,2026-03-23,2026-09-13T13:18:46.607000Z,10,G2,https://www.trf4.jus.br/trf4/controlador.php?acao=consulta_processual_resultado_pesquisa&selForma=NU&txtValor=50079053120244047000&selOrigem=TRF&chkMostrarBaixados=1
50079963920154047000,5007996-39.2015.4.04.7000,417,Apelação Criminal,GAB. 83 (Des. Federal CARLOS EDUARDO THOMPSON FLORES LENZ),2016-06-06,2021-07-09T07:02:48.485000Z,27,G2,https://www.trf4.jus.br/trf4/controlador.php?acao=consulta_processual_resultado_pesquisa&selForma=NU&txtValor=50079963920154047000&selOrigem=TRF&chkMostrarBaixados=1
50080177820164047000,5008017-78.2016.4.04.7000,417,Apelação Criminal,GAB. 82 (Des. Federal JOÃO PEDRO GEBRAN NETO),2016-08-24,2021-07-21T10:52:48.194000Z,22,G2,https://www.trf4.jus.br/trf4/controlador.php?acao=consulta_processual_resultado_pesquisa&selForma=NU&txtValor=50080177820164047000&selOrigem=TRF&chkMostrarBaixados=1
50084794520104047000,5008479-45.2010.4.04.7000,417,Apelação Criminal,GAB. 72 (Des. Federal SALISE MONTEIRO SANCHOTENE),2013-06-11,2025-04-24T22:42:25.930Z,45,G2,https://www.trf4.jus.br/trf4/controlador.php?acao=consulta_processual_resultado_pesquisa&selForma=NU&txtValor=50084794520104047000&selOrigem=TRF&chkMostrarBaixados=1
50084899820244047000,5008489-98.2024.4.04.7000,417,Apelação Criminal,GAB. 73 (Des. Federal LUIZ CARLOS CANALLI),2025-05-20,2025-11-14T22:14:50.552Z,22,G2,https://www.trf4.jus.br/trf4/controlador.php?acao=consulta_processual_resultado_pesquisa&selForma=NU&txtValor=50084899820244047000&selOrigem=TRF&chkMostrarBaixados=1
50085070320164047000,5008507-03.2016.4.04.7000,417,Apelação Criminal,GAB. 82 (Des. Federal JOÃO PEDRO GEBRAN NETO),2017-03-16,2021-07-21T22:09:31.417000Z,25,G2,https://www.trf4.jus.br/trf4/controlador.php?acao=consulta_processual_resultado_pesquisa&selForma=NU&txtValor=50085070320164047000&selOrigem=TRF&chkMostrarBaixados=1
50087592520244047000,5008759-25.2024.4.04.7000,417,Apelação Criminal,GAB. 82 (Des. Federal MARCELO MALUCELLI),2025-07-25,2025-11-15T09:31:56.224Z,23,G2,https://www.trf4.jus.br/trf4/controlador.php?acao=consulta_processual_resultado_pesquisa&selForma=NU&txtValor=50087592520244047000&selOrigem=TRF&chkMostrarBaixados=1
50089149120254047000,5008914-91.2025.4.04.7000,417,Apelação Criminal,GAB 72 Des Federal ALEXANDRE GONCALVES LIPPEL,2026-04-07,2026-09-10T23:24:59.166000Z,22,G2,https://www.trf4.jus.br/trf4/controlador.php?acao=consulta_processual_resultado_pesquisa&selForma=NU&txtValor=50089149120254047000&selOrigem=TRF&chkMostrarBaixados=1
50090294020104047000,5009029-40.2010.4.04.7000,421,Embargos Infringentes e de Nulidade,GAB. 82 (Des. Federal JOÃO PEDRO GEBRAN NETO),2014-05-19,2022-06-05T14:37:09.250000Z,99,G2,https://www.trf4.jus.br/trf4/controlador.php?acao=consulta_processual_resultado_pesquisa&selForma=NU&txtValor=50090294020104047000&selOrigem=TRF&chkMostrarBaixados=1
50090405420194047000,5009040-54.2019.4.04.7000,417,Apelação Criminal,GAB. 72 (Des. Federal SALISE MONTEIRO SANCHOTENE),2021-08-05,2025-04-24T17:55:54.164Z,66,G2,https://www.trf4.jus.br/trf4/controlador.php?acao=consulta_processual_resultado_pesquisa&selForma=NU&txtValor=50090405420194047000&selOrigem=TRF&chkMostrarBaixados=1
50090904120234047000,5009090-41.2023.4.04.7000,421,Embargos Infringentes e de Nulidade,GAB. 81 (Des. Federal LORACI FLORES DE LIMA),2024-02-23,2025-05-12T21:50:37.077Z,65,G2,https://www.trf4.jus.br/trf4/controlador.php?acao=consulta_processual_resultado_pesquisa&selForma=NU&txtValor=50090904120234047000&selOrigem=TRF&chkMostrarBaixados=1
50092722720234047000,5009272-27.2023.4.04.7000,417,Apelação Criminal,GAB 73 Des Federal LUIZ CARLOS CANALLI,2023-10-18,2026-08-03T03:28:04.526000Z,49,G2,https://www.trf4.jus.br/trf4/controlador.php?acao=consulta_processual_resultado_pesquisa&selForma=NU&txtValor=50092722720234047000&selOrigem=TRF&chkMostrarBaixados=1
50092984020144047000,5009298-40.2014.4.04.7000,417,Apelação Criminal,GAB. 82 (Des. Federal JOÃO PEDRO GEBRAN NETO),2017-05-16,2021-07-14T01:50:22.266000Z,43,G2,https://www.trf4.jus.br/trf4/controlador.php?acao=consulta_processual_resultado_pesquisa&selForma=NU&txtValor=50092984020144047000&selOrigem=TRF&chkMostrarBaixados=1
50094038520124047000,5009403-85.2012.4.04.7000,417,Apelação Criminal,GAB. 71 (Juiz Federal DANILO PEREIRA JÚNIOR),2017-01-09,2021-07-21T02:05:46.820000Z,21,G2,https://www.trf4.jus.br/trf4/controlador.php?acao=consulta_processual_resultado_pesquisa&selForma=NU&txtValor=50094038520124047000&selOrigem=TRF&chkMostrarBaixados=1
50094476020194047000,5009447-60.2019.4.04.7000,417,Apelação Criminal,GAB. 72 (Des. Federal SALISE MONTEIRO SANCHOTENE),2022-10-04,2025-04-24T21:38:40.426Z,152,G2,https://www.trf4.jus.br/trf4/controlador.php?acao=consulta_processual_resultado_pesquisa&selForma=NU&txtValor=50094476020194047000&selOrigem=TRF&chkMostrarBaixados=1
50095192820114047000,5009519-28.2011.4.04.7000,417,Apelação Criminal,GAB. 83 (Des. Federal CARLOS EDUARDO THOMPSON FLORES LENZ),2012-09-13,2021-07-24T04:54:25.466000Z,23,G2,https://www.trf4.jus.br/trf4/controlador.php?acao=consulta_processual_resultado_pesquisa&selForma=NU&txtValor=50095192820114047000&selOrigem=TRF&chkMostrarBaixados=1
50098077320114047000,5009807-73.2011.4.04.7000,417,Apelação Criminal,VicePresidencia,2014-11-04,2026-09-12T08:12:30.537000Z,351,G2,https://www.trf4.jus.br/trf4/controlador.php?acao=consulta_processual_resultado_pesquisa&selForma=NU&txtValor=50098077320114047000&selOrigem=TRF&chkMostrarBaixados=1
50098757120214047000,5009875-71.2021.4.04.7000,417,Apelação Criminal,GAB. 83 (Des. Federal CARLOS EDUARDO THOMPSON FLORES LENZ),2021-10-07,2024-09-22T06:50:03.139Z,56,G2,https://www.trf4.jus.br/trf4/controlador.php?acao=consulta_processual_resultado_pesquisa&selForma=NU&txtValor=50098757120214047000&selOrigem=TRF&chkMostrarBaixados=1
50100095020114047000,5010009-50.2011.4.04.7000,417,Apelação Criminal,GAB. 72 (Des. Federal SALISE MONTEIRO SANCHOTENE),2017-07-24,2025-04-24T19:02:40.300Z,268,G2,https://www.trf4.jus.br/trf4/controlador.php?acao=consulta_processual_resultado_pesquisa&selForma=NU&txtValor=50100095020114047000&selOrigem=TRF&chkMostrarBaixados=1
50101576120114047000,5010157-61.2011.4.04.7000,417,Apelação Criminal,GAB. 72 (Des. Federal SALISE MONTEIRO SANCHOTENE),2015-11-03,2021-07-23T09:36:05.250000Z,39,G2,https://www.trf4.jus.br/trf4/controlador.php?acao=consulta_processual_resultado_pesquisa&selForma=NU&txtValor=50101576120114047000&selOrigem=TRF&chkMostrarBaixados=1
50102243520254047000,5010224-35.2025.4.04.7000,417,Apelação Criminal,GAB 73 Des Federal LUIZ CARLOS CANALLI,2026-08-26,2026-09-13T10:25:09.123000Z,3,G2,https://www.trf4.jus.br/trf4/controlador.php?acao=consulta_processual_resultado_pesquisa&selForma=NU&txtValor=50102243520254047000&selOrigem=TRF&chkMostrarBaixados=1
50102446020244047000,5010244-60.2024.4.04.7000,417,Apelação Criminal,VicePresidencia,2026-02-27,2026-09-10T17:45:18.277000Z,30,G2,https://www.trf4.jus.br/trf4/controlador.php?acao=consulta_processual_resultado_pesquisa&selForma=NU&txtValor=50102446020244047000&selOrigem=TRF&chkMostrarBaixados=1
50102845220184047000,5010284-52.2018.4.04.7000,417,Apelação Criminal,GAB. 82 (Des. Federal MARCELO MALUCELLI),2020-10-26,2025-04-25T01:06:46.083Z,85,G2,https://www.trf4.jus.br/trf4/controlador.php?acao=consulta_processual_resultado_pesquisa&selForma=NU&txtValor=50102845220184047000&selOrigem=TRF&chkMostrarBaixados=1
50104312520114047000,5010431-25.2011.4.04.7000,417,Apelação Criminal,GAB. 71 (Juiz Federal DANILO PEREIRA JÚNIOR),2012-02-03,2021-07-13T18:55:37.491000Z,83,G2,https://www.trf4.jus.br/trf4/controlador.php?acao=consulta_processual_resultado_pesquisa&selForma=NU&txtValor=50104312520114047000&selOrigem=TRF&chkMostrarBaixados=1
50104852520104047000,5010485-25.2010.4.04.7000,417,Apelação Criminal,GAB. 82 (Des. Federal MARCELO MALUCELLI),2011-05-11,2025-04-24T21:34:55.211Z,98,G2,https://www.trf4.jus.br/trf4/controlador.php?acao=consulta_processual_resultado_pesquisa&selForma=NU&txtValor=50104852520104047000&selOrigem=TRF&chkMostrarBaixados=1
50105025620134047000,5010502-56.2013.4.04.7000,417,Apelação Criminal,GAB. 73 (Des. Federal LUIZ CARLOS CANALLI),2016-04-08,2025-04-24T18:52:33.940Z,66,G2,https://www.trf4.jus.br/trf4/controlador.php?acao=consulta_processual_resultado_pesquisa&selForma=NU&txtValor=50105025620134047000&selOrigem=TRF&chkMostrarBaixados=1
50105083420114047000,5010508-34.2011.4.04.7000,417,Apelação Criminal,GAB. 81 (Juiz Federal NIVALDO BRUNONI),2014-06-27,2021-07-24T02:49:41.664000Z,57,G2,https://www.trf4.jus.br/trf4/controlador.php?acao=consulta_processual_resultado_pesquisa&selForma=NU&txtValor=50105083420114047000&selOrigem=TRF&chkMostrarBaixados=1
50105156920244047000,5010515-69.2024.4.04.7000,417,Apelação Criminal,GAB. 72 (Des. Federal ALEXANDRE GONÇALVES LIPPEL),2024-09-05,2025-10-15T01:22:04.803Z,41,G2,https://www.trf4.jus.br/trf4/controlador.php?acao=consulta_processual_resultado_pesquisa&selForma=NU&txtValor=50105156920244047000&selOrigem=TRF&chkMostrarBaixados=1
50105720520154047000,5010572-05.2015.4.04.7000,417,Apelação Criminal,GAB. 71 (Des. Federal ÂNGELO ROBERTO ILHA DA SILVA),2018-06-25,2024-09-23T11:20:54.941Z,59,G2,https://www.trf4.jus.br/trf4/controlador.php?acao=consulta_processual_resultado_pesquisa&selForma=NU&txtValor=50105720520154047000&selOrigem=TRF&chkMostrarBaixados=1
50106715720244047000,5010671-57.2024.4.04.7000,417,Apelação Criminal,GAB. 71 (Des. Federal ÂNGELO ROBERTO ILHA DA SILVA),2024-10-15,2025-05-13T03:12:23.701Z,44,G2,https://www.trf4.jus.br/trf4/controlador.php?acao=consulta_processual_resultado_pesquisa&selForma=NU&txtValor=50106715720244047000&selOrigem=TRF&chkMostrarBaixados=1
50109830920194047000,5010983-09.2019.4.04.7000,421,Embargos Infringentes e de Nulidade,GAB. 83 (Des. Federal CARLOS EDUARDO THOMPSON FLORES LENZ),2015-05-28,2025-06-14T12:36:54.440Z,29,G2,https://www.trf4.jus.br/trf4/controlador.php?acao=consulta_processual_resultado_pesquisa&selForma=NU&txtValor=50109830920194047000&selOrigem=TRF&chkMostrarBaixados=1
50110853620164047000,5011085-36.2016.4.04.7000,417,Apelação Criminal,GAB. 71 (Des. Federal ÂNGELO ROBERTO ILHA DA SILVA),2019-12-10,2024-09-23T20:50:09.013Z,40,G2,https://www.trf4.jus.br/trf4/controlador.php?acao=consulta_processual_resultado_pesquisa&selForma=NU&txtValor=50110853620164047000&selOrigem=TRF&chkMostrarBaixados=1
50113130620194047000,5011313-06.2019.4.04.7000,417,Apelação Criminal,GAB. 81 (Juiz Federal NIVALDO BRUNONI),2018-04-12,2021-09-01T19:31:55.985000Z,26,G2,https://www.trf4.jus.br/trf4/controlador.php?acao=consulta_processual_resultado_pesquisa&selForma=NU&txtValor=50113130620194047000&selOrigem=TRF&chkMostrarBaixados=1
50114752520244047000,5011475-25.2024.4.04.7000,417,Apelação Criminal,GAB 81 Des Federal LORACI FLORES DE LIMA,2026-05-12,2026-09-12T12:14:22.953000Z,35,G2,https://www.trf4.jus.br/trf4/controlador.php?acao=consulta_processual_resultado_pesquisa&selForma=NU&txtValor=50114752520244047000&selOrigem=TRF&chkMostrarBaixados=1
50115115320134047000,5011511-53.2013.4.04.7000,417,Apelação Criminal,GAB. 83 (Des. Federal CARLOS EDUARDO THOMPSON FLORES LENZ),2014-10-08,2021-07-12T05:55:27.245000Z,54,G2,https://www.trf4.jus.br/trf4/controlador.php?acao=consulta_processual_resultado_pesquisa&selForma=NU&txtValor=50115115320134047000&selOrigem=TRF&chkMostrarBaixados=1
50116621920134047000,5011662-19.2013.4.04.7000,417,Apelação Criminal,GAB. 73 (Des. Federal LUIZ CARLOS CANALLI),2016-11-28,2021-07-21T11:36:36.320000Z,15,G2,https://www.trf4.jus.br/trf4/controlador.php?acao=consulta_processual_resultado_pesquisa&selForma=NU&txtValor=50116621920134047000&selOrigem=TRF&chkMostrarBaixados=1
50116832420154047000,5011683-24.2015.4.04.7000,417,Apelação Criminal,GAB. 82 (Des. Federal JOÃO PEDRO GEBRAN NETO),2015-09-09,2021-07-23T10:47:23.463000Z,42,G2,https://www.trf4.jus.br/trf4/controlador.php?acao=consulta_processual_resultado_pesquisa&selForma=NU&txtValor=50116832420154047000&selOrigem=TRF&chkMostrarBaixados=1
50116998020124047000,5011699-80.2012.4.04.7000,417,Apelação Criminal,GAB. 82 (Des. Federal MARCELO MALUCELLI),2013-02-22,2025-08-02T16:30:06.925Z,600,G2,https://www.trf4.jus.br/trf4/controlador.php?acao=consulta_processual_resultado_pesquisa&selForma=NU&txtValor=50116998020124047000&selOrigem=TRF&chkMostrarBaixados=1
50117963620194047000,5011796-36.2019.4.04.7000,417,Apelação Criminal,GAB. 82 (Des. Federal MARCELO MALUCELLI),2019-08-20,2024-09-22T19:00:05.665Z,119,G2,https://www.trf4.jus.br/trf4/controlador.php?acao=consulta_processual_resultado_pesquisa&selForma=NU&txtValor=50117963620194047000&selOrigem=TRF&chkMostrarBaixados=1
50118327820194047000,5011832-78.2019.4.04.7000,417,Apelação Criminal,GAB. 81 (Des. Federal LORACI FLORES DE LIMA),2019-12-12,2024-08-30T02:01:40.898Z,63,G2,https://www.trf4.jus.br/trf4/controlador.php?acao=consulta_processual_resultado_pesquisa&selForma=NU&txtValor=50118327820194047000&selOrigem=TRF&chkMostrarBaixados=1
50119515420104047000,5011951-54.2010.4.04.7000,417,Apelação Criminal,GAB. 83 (Des. Federal CARLOS EDUARDO THOMPSON FLORES LENZ),2014-12-02,2021-07-12T14:57:05.660000Z,23,G2,https://www.trf4.jus.br/trf4/controlador.php?acao=consulta_processual_resultado_pesquisa&selForma=NU&txtValor=50119515420104047000&selOrigem=TRF&chkMostrarBaixados=1
50120917820164047000,5012091-78.2016.4.04.7000,417,Apelação Criminal,GAB. 83 (Des. Federal ANA PAULA DE BORTOLI),2024-06-14,2026-03-11T11:08:06.951000Z,102,G2,https://www.trf4.jus.br/trf4/controlador.php?acao=consulta_processual_resultado_pesquisa&selForma=NU&txtValor=50120917820164047000&selOrigem=TRF&chkMostrarBaixados=1
50122456720144047000,5012245-67.2014.4.04.7000,417,Apelação Criminal,GAB. 71 (Juiz Federal DANILO PEREIRA JÚNIOR),2015-07-06,2021-07-23T10:09:25.357000Z,22,G2,https://www.trf4.jus.br/trf4/controlador.php?acao=consulta_processual_resultado_pesquisa&selForma=NU&txtValor=50122456720144047000&selOrigem=TRF&chkMostrarBaixados=1
50122516420204047000,5012251-64.2020.4.04.7000,417,Apelação Criminal,GAB. 72 (Des. Federal SALISE MONTEIRO SANCHOTENE),2020-07-14,2024-09-23T18:30:17.772Z,22,G2,https://www.trf4.jus.br/trf4/controlador.php?acao=consulta_processual_resultado_pesquisa&selForma=NU&txtValor=50122516420204047000&selOrigem=TRF&chkMostrarBaixados=1
50122632520134047000,5012263-25.2013.4.04.7000,417,Apelação Criminal,GAB. 72 (Des. Federal SALISE MONTEIRO SANCHOTENE),2015-08-07,2021-07-23T13:48:44.411000Z,15,G2,https://www.trf4.jus.br/trf4/controlador.php?acao=consulta_processual_resultado_pesquisa&selForma=NU&txtValor=50122632520134047000&selOrigem=TRF&chkMostrarBaixados=1
50123310420154047000,5012331-04.2015.4.04.7000,421,Embargos Infringentes e de Nulidade,Vice-Presidência,2016-01-19,2025-06-03T19:20:20.123Z,467,G2,https://www.trf4.jus.br/trf4/controlador.php?acao=consulta_processual_resultado_pesquisa&selForma=NU&txtValor=50123310420154047000&selOrigem=TRF&chkMostrarBaixados=1
50124424620194047000,5012442-46.2019.4.04.7000,417,Apelação Criminal,GAB. 83 (Des. Federal CARLOS EDUARDO THOMPSON FLORES LENZ),2017-07-03,2025-06-14T15:30:40.888Z,26,G2,https://www.trf4.jus.br/trf4/controlador.php?acao=consulta_processual_resultado_pesquisa&selForma=NU&txtValor=50124424620194047000&selOrigem=TRF&chkMostrarBaixados=1
50124931820234047000,5012493-18.2023.4.04.7000,417,Apelação Criminal,GAB. 83 (Des. Federal CARLOS EDUARDO THOMPSON FLORES LENZ),2024-02-20,2024-08-13T18:02:41.986Z,21,G2,https://www.trf4.jus.br/trf4/controlador.php?acao=consulta_processual_resultado_pesquisa&selForma=NU&txtValor=50124931820234047000&selOrigem=TRF&chkMostrarBaixados=1
50125813720154047000,5012581-37.2015.4.04.7000,426,Recurso em Sentido Estrito,Vice-Presidência,2024-03-21,2024-12-11T10:00:34.404Z,54,G2,https://www.trf4.jus.br/trf4/controlador.php?acao=consulta_processual_resultado_pesquisa&selForma=NU&txtValor=50125813720154047000&selOrigem=TRF&chkMostrarBaixados=1
50125927120124047000,5012592-71.2012.4.04.7000,417,Apelação Criminal,GAB. 72 (Des. Federal SALISE MONTEIRO SANCHOTENE),2016-03-28,2021-07-23T12:36:27.919000Z,22,G2,https://www.trf4.jus.br/trf4/controlador.php?acao=consulta_processual_resultado_pesquisa&selForma=NU&txtValor=50125927120124047000&selOrigem=TRF&chkMostrarBaixados=1
50126093920144047000,5012609-39.2014.4.04.7000,421,Embargos Infringentes e de Nulidade,GAB. 73 (Des. Federal LUIZ CARLOS CANALLI),2015-11-04,2022-06-04T16:46:23.935000Z,48,G2,https://www.trf4.jus.br/trf4/controlador.php?acao=consulta_processual_resultado_pesquisa&selForma=NU&txtValor=50126093920144047000&selOrigem=TRF&chkMostrarBaixados=1
50126438220124047000,5012643-82.2012.4.04.7000,421,Embargos Infringentes e de Nulidade,GAB. 73 (Des. Federal LUIZ CARLOS CANALLI),2015-05-06,2022-06-05T00:45:24.069000Z,82,G2,https://www.trf4.jus.br/trf4/controlador.php?acao=consulta_processual_resultado_pesquisa&selForma=NU&txtValor=50126438220124047000&selOrigem=TRF&chkMostrarBaixados=1
50126961920194047000,5012696-19.2019.4.04.7000,417,Apelação Criminal,GAB. 82 (Des. Federal MARCELO MALUCELLI),2020-02-04,2025-04-24T23:12:12.981Z,55,G2,https://www.trf4.jus.br/trf4/controlador.php?acao=consulta_processual_resultado_pesquisa&selForma=NU&txtValor=50126961920194047000&selOrigem=TRF&chkMostrarBaixados=1
50129540520144047000,5012954-05.2014.4.04.7000,417,Apelação Criminal,GAB. 73 (Des. Federal LUIZ CARLOS CANALLI),2016-10-03,2025-06-14T20:56:28.531Z,35,G2,https://www.trf4.jus.br/trf4/controlador.php?acao=consulta_processual_resultado_pesquisa&selForma=NU&txtValor=50129540520144047000&selOrigem=TRF&chkMostrarBaixados=1
50130626820134047000,5013062-68.2013.4.04.7000,417,Apelação Criminal,GAB. 82 (Des. Federal JOÃO PEDRO GEBRAN NETO),2018-04-27,2021-07-08T23:11:18.425000Z,24,G2,https://www.trf4.jus.br/trf4/controlador.php?acao=consulta_processual_resultado_pesquisa&selForma=NU&txtValor=50130626820134047000&selOrigem=TRF&chkMostrarBaixados=1
50130635320134047000,5013063-53.2013.4.04.7000,417,Apelação Criminal,GAB. 81 (Juiz Federal NIVALDO BRUNONI),2017-02-08,2021-07-21T15:11:59.821000Z,25,G2,https://www.trf4.jus.br/trf4/controlador.php?acao=consulta_processual_resultado_pesquisa&selForma=NU&txtValor=50130635320134047000&selOrigem=TRF&chkMostrarBaixados=1
50130815420254047000,5013081-54.2025.4.04.7000,417,Apelação Criminal,GAB 81 Des Federal LORACI FLORES DE LIMA,2026-04-22,2026-07-31T04:50:31.106000Z,22,G2,https://www.trf4.jus.br/trf4/controlador.php?acao=consulta_processual_resultado_pesquisa&selForma=NU&txtValor=50130815420254047000&selOrigem=TRF&chkMostrarBaixados=1
50131611820254047000,5013161-18.2025.4.04.7000,417,Apelação Criminal,GAB 73 Des Federal LUIZ CARLOS CANALLI,2026-04-15,2026-08-02T19:51:22.159000Z,25,G2,https://www.trf4.jus.br/trf4/controlador.php?acao=consulta_processual_resultado_pesquisa&selForma=NU&txtValor=50131611820254047000&selOrigem=TRF&chkMostrarBaixados=1
50131674520134047000,5013167-45.2013.4.04.7000,417,Apelação Criminal,GAB. 82 (Des. Federal JOÃO PEDRO GEBRAN NETO),2014-12-17,2021-07-24T02:51:53.895000Z,31,G2,https://www.trf4.jus.br/trf4/controlador.php?acao=consulta_processual_resultado_pesquisa&selForma=NU&txtValor=50131674520134047000&selOrigem=TRF&chkMostrarBaixados=1
50132299020104047000,5013229-90.2010.4.04.7000,417,Apelação Criminal,GAB. 73 (Des. Federal LUIZ CARLOS CANALLI),2011-09-09,2021-07-16T04:21:54.499000Z,59,G2,https://www.trf4.jus.br/trf4/controlador.php?acao=consulta_processual_resultado_pesquisa&selForma=NU&txtValor=50132299020104047000&selOrigem=TRF&chkMostrarBaixados=1
50134055920164047000,5013405-59.2016.4.04.7000,421,Embargos Infringentes e de Nulidade,GAB. 71 (Des. Federal ÂNGELO ROBERTO ILHA DA SILVA),2017-04-26,2024-08-13T16:40:12.033Z,236,G2,https://www.trf4.jus.br/trf4/controlador.php?acao=consulta_processual_resultado_pesquisa&selForma=NU&txtValor=50134055920164047000&selOrigem=TRF&chkMostrarBaixados=1
50134402920104047000,5013440-29.2010.4.04.7000,417,Apelação Criminal,GAB. 71 (Juiz Federal DANILO PEREIRA JÚNIOR),2014-11-17,2021-07-23T13:47:50.698000Z,25,G2,https://www.trf4.jus.br/trf4/controlador.php?acao=consulta_processual_resultado_pesquisa&selForma=NU&txtValor=50134402920104047000&selOrigem=TRF&chkMostrarBaixados=1
50134991720104047000,5013499-17.2010.4.04.7000,417,Apelação Criminal,GAB. 83 (Des. Federal CARLOS EDUARDO THOMPSON FLORES LENZ),2014-09-05,2025-06-14T22:05:41.910Z,24,G2,https://www.trf4.jus.br/trf4/controlador.php?acao=consulta_processual_resultado_pesquisa&selForma=NU&txtValor=50134991720104047000&selOrigem=TRF&chkMostrarBaixados=1
50136003920194047000,5013600-39.2019.4.04.7000,417,Apelação Criminal,GAB. 72 (Des. Federal SALISE MONTEIRO SANCHOTENE),2020-04-17,2024-09-23T18:00:18.744Z,16,G2,https://www.trf4.jus.br/trf4/controlador.php?acao=consulta_processual_resultado_pesquisa&selForma=NU&txtValor=50136003920194047000&selOrigem=TRF&chkMostrarBaixados=1
50137049420204047000,5013704-94.2020.4.04.7000,417,Apelação Criminal,GAB. 82 (Des. Federal MARCELO MALUCELLI),2021-04-07,2024-09-19T13:01:47.632Z,27,G2,https://www.trf4.jus.br/trf4/controlador.php?acao=consulta_processual_resultado_pesquisa&selForma=NU&txtValor=50137049420204047000&selOrigem=TRF&chkMostrarBaixados=1
50137807020104047000,5013780-70.2010.4.04.7000,417,Apelação Criminal,GAB. 71 (Juiz Federal DANILO PEREIRA JÚNIOR),2011-04-13,2022-06-05T13:02:19.558000Z,70,G2,https://www.trf4.jus.br/trf4/controlador.php?acao=consulta_processual_resultado_pesquisa&selForma=NU&txtValor=50137807020104047000&selOrigem=TRF&chkMostrarBaixados=1
50139460520104047000,5013946-05.2010.4.04.7000,417,Apelação Criminal,GAB. 73 (Des. Federal LUIZ CARLOS CANALLI),2013-06-11,2024-08-29T14:25:03.708Z,70,G2,https://www.trf4.jus.br/trf4/controlador.php?acao=consulta_processual_resultado_pesquisa&selForma=NU&txtValor=50139460520104047000&selOrigem=TRF&chkMostrarBaixados=1
50140680320194047000,5014068-03.2019.4.04.7000,417,Apelação Criminal,GAB. 72 (Des. Federal SALISE MONTEIRO SANCHOTENE),2019-10-09,2024-09-22T04:30:11.371Z,31,G2,https://www.trf4.jus.br/trf4/controlador.php?acao=consulta_processual_resultado_pesquisa&selForma=NU&txtValor=50140680320194047000&selOrigem=TRF&chkMostrarBaixados=1
50141704020104047000,5014170-40.2010.4.04.7000,417,Apelação Criminal,GAB. 71 (Des. Federal ÂNGELO ROBERTO ILHA DA SILVA),2013-01-07,2025-08-02T22:40:11.970Z,87,G2,https://www.trf4.jus.br/trf4/controlador.php?acao=consulta_processual_resultado_pesquisa&selForma=NU&txtValor=50141704020104047000&selOrigem=TRF&chkMostrarBaixados=1
50141709320174047000,5014170-93.2017.4.04.7000,421,Embargos Infringentes e de Nulidade,GAB. 71 (Des. Federal ÂNGELO ROBERTO ILHA DA SILVA),2018-02-05,2024-09-20T04:20:53.897Z,249,G2,https://www.trf4.jus.br/trf4/controlador.php?acao=consulta_processual_resultado_pesquisa&selForma=NU&txtValor=50141709320174047000&selOrigem=TRF&chkMostrarBaixados=1
50142336520104047000,5014233-65.2010.4.04.7000,417,Apelação Criminal,GAB. 83 (Des. Federal CARLOS EDUARDO THOMPSON FLORES LENZ),2016-04-12,2021-07-09T18:03:35.591000Z,27,G2,https://www.trf4.jus.br/trf4/controlador.php?acao=consulta_processual_resultado_pesquisa&selForma=NU&txtValor=50142336520104047000&selOrigem=TRF&chkMostrarBaixados=1
50143201620134047000,5014320-16.2013.4.04.7000,417,Apelação Criminal,GAB. 83 (Des. Federal CARLOS EDUARDO THOMPSON FLORES LENZ),2014-09-24,2021-07-24T04:53:04.164000Z,27,G2,https://www.trf4.jus.br/trf4/controlador.php?acao=consulta_processual_resultado_pesquisa&selForma=NU&txtValor=50143201620134047000&selOrigem=TRF&chkMostrarBaixados=1
50144842920234047000,5014484-29.2023.4.04.7000,426,Recurso em Sentido Estrito,GAB. 82 (Des. Federal MARCELO MALUCELLI),2023-09-11,2024-08-14T07:40:29.919Z,33,G2,https://www.trf4.jus.br/trf4/controlador.php?acao=consulta_processual_resultado_pesquisa&selForma=NU&txtValor=50144842920234047000&selOrigem=TRF&chkMostrarBaixados=1
50145698820184047000,5014569-88.2018.4.04.7000,417,Apelação Criminal,GAB. 71 (Des. Federal ÂNGELO ROBERTO ILHA DA SILVA),2019-09-26,2024-08-30T18:54:24.118Z,45,G2,https://www.trf4.jus.br/trf4/controlador.php?acao=consulta_processual_resultado_pesquisa&selForma=NU&txtValor=50145698820184047000&selOrigem=TRF&chkMostrarBaixados=1
50146246820204047000,5014624-68.2020.4.04.7000,417,Apelação Criminal,GAB. 72 (Des. Federal SALISE MONTEIRO SANCHOTENE),2021-10-06,2024-09-21T16:28:22.033Z,21,G2,https://www.trf4.jus.br/trf4/controlador.php?acao=consulta_processual_resultado_pesquisa&selForma=NU&txtValor=50146246820204047000&selOrigem=TRF&chkMostrarBaixados=1
50151639220244047000,5015163-92.2024.4.04.7000,426,Recurso em Sentido Estrito,GAB. 72 (Des. Federal ALEXANDRE GONÇALVES LIPPEL),2025-09-02,2026-06-03T11:01:11.499000Z,45,G2,https://www.trf4.jus.br/trf4/controlador.php?acao=consulta_processual_resultado_pesquisa&selForma=NU&txtValor=50151639220244047000&selOrigem=TRF&chkMostrarBaixados=1
50151803620214047000,5015180-36.2021.4.04.7000,417,Apelação Criminal,GAB 83 Des Federal ANA PAULA DE BORTOLI,2026-08-26,2026-09-13T10:18:03.558000Z,20,G2,https://www.trf4.jus.br/trf4/controlador.php?acao=consulta_processual_resultado_pesquisa&selForma=NU&txtValor=50151803620214047000&selOrigem=TRF&chkMostrarBaixados=1
50152964720184047000,5015296-47.2018.4.04.7000,417,Apelação Criminal,GAB. 81 (Juiz Federal NIVALDO BRUNONI),2019-04-03,2021-07-09T03:09:06.428000Z,23,G2,https://www.trf4.jus.br/trf4/controlador.php?acao=consulta_processual_resultado_pesquisa&selForma=NU&txtValor=50152964720184047000&selOrigem=TRF&chkMostrarBaixados=1
50154004420154047000,5015400-44.2015.4.04.7000,417,Apelação Criminal,GAB. 82 (Des. Federal JOÃO PEDRO GEBRAN NETO),2016-06-16,2021-07-24T02:25:47.196000Z,24,G2,https://www.trf4.jus.br/trf4/controlador.php?acao=consulta_processual_resultado_pesquisa&selForma=NU&txtValor=50154004420154047000&selOrigem=TRF&chkMostrarBaixados=1
50154099320214047000,5015409-93.2021.4.04.7000,417,Apelação Criminal,GAB. 72 (Des. Federal SALISE MONTEIRO SANCHOTENE),2023-09-18,2024-08-12T01:01:11.341000Z,21,G2,https://www.trf4.jus.br/trf4/controlador.php?acao=consulta_processual_resultado_pesquisa&selForma=NU&txtValor=50154099320214047000&selOrigem=TRF&chkMostrarBaixados=1
50154598520224047000,5015459-85.2022.4.04.7000,417,Apelação Criminal,GAB. 83 (Des. Federal CARLOS EDUARDO THOMPSON FLORES LENZ),2022-12-06,2025-05-12T21:12:17.692Z,28,G2,https://www.trf4.jus.br/trf4/controlador.php?acao=consulta_processual_resultado_pesquisa&selForma=NU&txtValor=50154598520224047000&selOrigem=TRF&chkMostrarBaixados=1
50155967220194047000,5015596-72.2019.4.04.7000,417,Apelação Criminal,GAB. 81 (Des. Federal LORACI FLORES DE LIMA),2023-08-09,2026-01-14T17:26:12.911000Z,23,G2,https://www.trf4.jus.br/trf4/controlador.php?acao=consulta_processual_resultado_pesquisa&selForma=NU&txtValor=50155967220194047000&selOrigem=TRF&chkMostrarBaixados=1
50156085720174047000,5015608-57.2017.4.04.7000,421,Embargos Infringentes e de Nulidade,GAB. 71 (Des. Federal ÂNGELO ROBERTO ILHA DA SILVA),2018-01-11,2025-06-19T19:10:06.832Z,195,G2,https://www.trf4.jus.br/trf4/controlador.php?acao=consulta_processual_resultado_pesquisa&selForma=NU&txtValor=50156085720174047000&selOrigem=TRF&chkMostrarBaixados=1
50156206620204047000,5015620-66.2020.4.04.7000,417,Apelação Criminal,GAB. 72 (Des. Federal SALISE MONTEIRO SANCHOTENE),2020-07-10,2024-09-19T12:43:32.424Z,31,G2,https://www.trf4.jus.br/trf4/controlador.php?acao=consulta_processual_resultado_pesquisa&selForma=NU&txtValor=50156206620204047000&selOrigem=TRF&chkMostrarBaixados=1
50156454020244047000,5015645-40.2024.4.04.7000,417,Apelação Criminal,GAB. 81 (Des. Federal LORACI FLORES DE LIMA),2025-09-03,2025-10-15T09:22:05.672Z,4,G2,https://www.trf4.jus.br/trf4/controlador.php?acao=consulta_processual_resultado_pesquisa&selForma=NU&txtValor=50156454020244047000&selOrigem=TRF&chkMostrarBaixados=1
50163710520104047000,5016371-05.2010.4.04.7000,417,Apelação Criminal,GAB. 72 (Des. Federal SALISE MONTEIRO SANCHOTENE),2016-06-27,2021-07-23T13:40:02.797000Z,22,G2,https://www.trf4.jus.br/trf4/controlador.php?acao=consulta_processual_resultado_pesquisa&selForma=NU&txtValor=50163710520104047000&selOrigem=TRF&chkMostrarBaixados=1
50163721420154047000,5016372-14.2015.4.04.7000,417,Apelação Criminal,GAB. 81 (Des. Federal LORACI FLORES DE LIMA),2019-06-05,2024-08-29T12:44:48.890Z,23,G2,https://www.trf4.jus.br/trf4/controlador.php?acao=consulta_processual_resultado_pesquisa&selForma=NU&txtValor=50163721420154047000&selOrigem=TRF&chkMostrarBaixados=1
50164570520124047000,5016457-05.2012.4.04.7000,417,Apelação Criminal,GAB. 83 (Des. Federal CARLOS EDUARDO THOMPSON FLORES LENZ),2013-10-22,2021-07-23T13:45:58.020000Z,28,G2,https://www.trf4.jus.br/trf4/controlador.php?acao=consulta_processual_resultado_pesquisa&selForma=NU&txtValor=50164570520124047000&selOrigem=TRF&chkMostrarBaixados=1
50165335820144047000,5016533-58.2014.4.04.7000,417,Apelação Criminal,GAB. 71 (Des. Federal ÂNGELO ROBERTO ILHA DA SILVA),2016-08-31,2025-04-25T04:20:20.680Z,51,G2,https://www.trf4.jus.br/trf4/controlador.php?acao=consulta_processual_resultado_pesquisa&selForma=NU&txtValor=50165335820144047000&selOrigem=TRF&chkMostrarBaixados=1
50165608020104047000,5016560-80.2010.4.04.7000,417,Apelação Criminal,GAB. 81 (Des. Federal LORACI FLORES DE LIMA),2012-03-22,2025-04-25T01:07:16.129Z,45,G2,https://www.trf4.jus.br/trf4/controlador.php?acao=consulta_processual_resultado_pesquisa&selForma=NU&txtValor=50165608020104047000&selOrigem=TRF&chkMostrarBaixados=1
50165731120124047000,5016573-11.2012.4.04.7000,417,Apelação Criminal,GAB. 73 (Des. Federal LUIZ CARLOS CANALLI),2017-11-07,2025-06-14T18:48:33.938Z,21,G2,https://www.trf4.jus.br/trf4/controlador.php?acao=consulta_processual_resultado_pesquisa&selForma=NU&txtValor=50165731120124047000&selOrigem=TRF&chkMostrarBaixados=1
50167148320194047000,5016714-83.2019.4.04.7000,417,Apelação Criminal,GAB. 72 (Des. Federal SALISE MONTEIRO SANCHOTENE),2020-03-18,2025-02-12T09:10:22.852Z,49,G2,https://www.trf4.jus.br/trf4/controlador.php?acao=consulta_processual_resultado_pesquisa&selForma=NU&txtValor=50167148320194047000&selOrigem=TRF&chkMostrarBaixados=1
50167734720144047000,5016773-47.2014.4.04.7000,417,Apelação Criminal,GAB. 72 (Des. Federal SALISE MONTEIRO SANCHOTENE),2015-03-31,2021-07-24T04:56:56.786000Z,37,G2,https://www.trf4.jus.br/trf4/controlador.php?acao=consulta_processual_resultado_pesquisa&selForma=NU&txtValor=50167734720144047000&selOrigem=TRF&chkMostrarBaixados=1
50168205520134047000,5016820-55.2013.4.04.7000,417,Apelação Criminal,GAB. 82 (Des. Federal JOÃO PEDRO GEBRAN NETO),2015-05-25,2021-07-23T23:19:48.268000Z,21,G2,https://www.trf4.jus.br/trf4/controlador.php?acao=consulta_processual_resultado_pesquisa&selForma=NU&txtValor=50168205520134047000&selOrigem=TRF&chkMostrarBaixados=1
50168907220134047000,5016890-72.2013.4.04.7000,417,Apelação Criminal,GAB. 81 (Juiz Federal NIVALDO BRUNONI),2014-11-21,2021-07-23T10:54:59.730000Z,67,G2,https://www.trf4.jus.br/trf4/controlador.php?acao=consulta_processual_resultado_pesquisa&selForma=NU&txtValor=50168907220134047000&selOrigem=TRF&chkMostrarBaixados=1
50173473620154047000,5017347-36.2015.4.04.7000,421,Embargos Infringentes e de Nulidade,GAB. 81 (Des. Federal LORACI FLORES DE LIMA),2016-03-30,2024-09-21T21:40:02.750Z,316,G2,https://www.trf4.jus.br/trf4/controlador.php?acao=consulta_processual_resultado_pesquisa&selForma=NU&txtValor=50173473620154047000&selOrigem=TRF&chkMostrarBaixados=1
50173777620124047000,5017377-76.2012.4.04.7000,417,Apelação Criminal,GAB. 71 (Des. Federal ÂNGELO ROBERTO ILHA DA SILVA),2017-01-31,2025-04-24T22:02:42.479Z,91,G2,https://www.trf4.jus.br/trf4/controlador.php?acao=consulta_processual_resultado_pesquisa&selForma=NU&txtValor=50173777620124047000&selOrigem=TRF&chkMostrarBaixados=1
50174097120184047000,5017409-71.2018.4.04.7000,417,Apelação Criminal,Vice-Presidência,2019-02-14,2025-06-20T06:50:05.446Z,250,G2,https://www.trf4.jus.br/trf4/controlador.php?acao=consulta_processual_resultado_pesquisa&selForma=NU&txtValor=50174097120184047000&selOrigem=TRF&chkMostrarBaixados=1
50174557020124047000,5017455-70.2012.4.04.7000,417,Apelação Criminal,GAB. 73 (Des. Federal LUIZ CARLOS CANALLI),2014-10-17,2021-07-13T19:15:57.589000Z,52,G2,https://www.trf4.jus.br/trf4/controlador.php?acao=consulta_processual_resultado_pesquisa&selForma=NU&txtValor=50174557020124047000&selOrigem=TRF&chkMostrarBaixados=1
50174694920154047000,5017469-49.2015.4.04.7000,417,Apelação Criminal,GAB. 73 (Des. Federal LUIZ CARLOS CANALLI),2015-08-10,2024-08-29T10:58:01.130Z,175,G2,https://www.trf4.jus.br/trf4/controlador.php?acao=consulta_processual_resultado_pesquisa&selForma=NU&txtValor=50174694920154047000&selOrigem=TRF&chkMostrarBaixados=1
50174738620154047000,5017473-86.2015.4.04.7000,417,Apelação Criminal,GAB. 73 (Des. Federal LUIZ CARLOS CANALLI),2015-06-08,2025-06-13T23:58:11.638Z,68,G2,https://www.trf4.jus.br/trf4/controlador.php?acao=consulta_processual_resultado_pesquisa&selForma=NU&txtValor=50174738620154047000&selOrigem=TRF&chkMostrarBaixados=1
50174938220124047000,5017493-82.2012.4.04.7000,417,Apelação Criminal,GAB. 72 (Des. Federal SALISE MONTEIRO SANCHOTENE),2015-02-24,2021-07-23T23:33:37.170000Z,48,G2,https://www.trf4.jus.br/trf4/controlador.php?acao=consulta_processual_resultado_pesquisa&selForma=NU&txtValor=50174938220124047000&selOrigem=TRF&chkMostrarBaixados=1
50176715020204047000,5017671-50.2020.4.04.7000,417,Apelação Criminal,GAB. 73 (Des. Federal LUIZ CARLOS CANALLI),2023-04-18,2024-08-30T19:19:03.115Z,28,G2,https://www.trf4.jus.br/trf4/controlador.php?acao=consulta_processual_resultado_pesquisa&selForma=NU&txtValor=50176715020204047000&selOrigem=TRF&chkMostrarBaixados=1
50177804520124047000,5017780-45.2012.4.04.7000,417,Apelação Criminal,GAB. 82 (Des. Federal JOÃO PEDRO GEBRAN NETO),2015-10-19,2021-07-23T11:51:12.004000Z,38,G2,https://www.trf4.jus.br/trf4/controlador.php?acao=consulta_processual_resultado_pesquisa&selForma=NU&txtValor=50177804520124047000&selOrigem=TRF&chkMostrarBaixados=1
50180916020174047000,5018091-60.2017.4.04.7000,417,Apelação Criminal,GAB 83 Des Federal ANA PAULA DE BORTOLI,2024-03-05,2026-09-11T03:50:58.554000Z,41,G2,https://www.trf4.jus.br/trf4/controlador.php?acao=consulta_processual_resultado_pesquisa&selForma=NU&txtValor=50180916020174047000&selOrigem=TRF&chkMostrarBaixados=1
50183526920104047000,5018352-69.2010.4.04.7000,417,Apelação Criminal,GAB. 72 (Des. Federal SALISE MONTEIRO SANCHOTENE),2011-03-31,2021-07-23T09:02:08.319000Z,41,G2,https://www.trf4.jus.br/trf4/controlador.php?acao=consulta_processual_resultado_pesquisa&selForma=NU&txtValor=50183526920104047000&selOrigem=TRF&chkMostrarBaixados=1
50185068720104047000,5018506-87.2010.4.04.7000,417,Apelação Criminal,GAB. 71 (Des. Federal ÂNGELO ROBERTO ILHA DA SILVA),2011-04-01,2025-06-14T19:36:46.192Z,52,G2,https://www.trf4.jus.br/trf4/controlador.php?acao=consulta_processual_resultado_pesquisa&selForma=NU&txtValor=50185068720104047000&selOrigem=TRF&chkMostrarBaixados=1
50186632620114047000,5018663-26.2011.4.04.7000,417,Apelação Criminal,GAB. 82 (Des. Federal JOÃO PEDRO GEBRAN NETO),2014-09-25,2021-07-24T02:37:12.531000Z,25,G2,https://www.trf4.jus.br/trf4/controlador.php?acao=consulta_processual_resultado_pesquisa&selForma=NU&txtValor=50186632620114047000&selOrigem=TRF&chkMostrarBaixados=1
50187450320244047000,5018745-03.2024.4.04.7000,417,Apelação Criminal,GAB. 72 (Des. Federal ALEXANDRE GONÇALVES LIPPEL),2026-02-05,2026-05-08T04:17:36.047000Z,11,G2,https://www.trf4.jus.br/trf4/controlador.php?acao=consulta_processual_resultado_pesquisa&selForma=NU&txtValor=50187450320244047000&selOrigem=TRF&chkMostrarBaixados=1
50187619320204047000,5018761-93.2020.4.04.7000,417,Apelação Criminal,GAB. 71 (Des. Federal ÂNGELO ROBERTO ILHA DA SILVA),2021-07-11,2024-08-30T18:26:32.152Z,21,G2,https://www.trf4.jus.br/trf4/controlador.php?acao=consulta_processual_resultado_pesquisa&selForma=NU&txtValor=50187619320204047000&selOrigem=TRF&chkMostrarBaixados=1
50188407720174047000,5018840-77.2017.4.04.7000,417,Apelação Criminal,GAB. 82 (Des. Federal MARCELO MALUCELLI),2018-09-14,2024-09-21T11:07:58.193Z,38,G2,https://www.trf4.jus.br/trf4/controlador.php?acao=consulta_processual_resultado_pesquisa&selForma=NU&txtValor=50188407720174047000&selOrigem=TRF&chkMostrarBaixados=1
50188853720244047000,5018885-37.2024.4.04.7000,417,Apelação Criminal,Vice-Presidência,2025-07-29,2025-12-14T18:10:18.865Z,25,G2,https://www.trf4.jus.br/trf4/controlador.php?acao=consulta_processual_resultado_pesquisa&selForma=NU&txtValor=50188853720244047000&selOrigem=TRF&chkMostrarBaixados=1
50189259220194047000,5018925-92.2019.4.04.7000,417,Apelação Criminal,VicePresidencia,2024-04-04,2026-09-11T13:57:23.255000Z,60,G2,https://www.trf4.jus.br/trf4/controlador.php?acao=consulta_processual_resultado_pesquisa&selForma=NU&txtValor=50189259220194047000&selOrigem=TRF&chkMostrarBaixados=1
50189723220204047000,5018972-32.2020.4.04.7000,417,Apelação Criminal,GAB. 71 (Des. Federal ÂNGELO ROBERTO ILHA DA SILVA),2021-08-12,2024-09-23T11:00:42.293Z,23,G2,https://www.trf4.jus.br/trf4/controlador.php?acao=consulta_processual_resultado_pesquisa&selForma=NU&txtValor=50189723220204047000&selOrigem=TRF&chkMostrarBaixados=1
50189726620194047000,5018972-66.2019.4.04.7000,417,Apelação Criminal,GAB. 73 (Des. Federal LUIZ CARLOS CANALLI),2019-11-21,2024-09-21T16:31:13.817Z,81,G2,https://www.trf4.jus.br/trf4/controlador.php?acao=consulta_processual_resultado_pesquisa&selForma=NU&txtValor=50189726620194047000&selOrigem=TRF&chkMostrarBaixados=1
50190206420154047000,5019020-64.2015.4.04.7000,417,Apelação Criminal,GAB. 71 (Des. Federal ÂNGELO ROBERTO ILHA DA SILVA),2017-09-11,2025-04-25T03:10:22.814Z,116,G2,https://www.trf4.jus.br/trf4/controlador.php?acao=consulta_processual_resultado_pesquisa&selForma=NU&txtValor=50190206420154047000&selOrigem=TRF&chkMostrarBaixados=1
50190469120174047000,5019046-91.2017.4.04.7000,417,Apelação Criminal,GAB. 73 (Des. Federal LUIZ CARLOS CANALLI),2018-03-12,2021-07-10T18:04:46.643000Z,23,G2,https://www.trf4.jus.br/trf4/controlador.php?acao=consulta_processual_resultado_pesquisa&selForma=NU&txtValor=50190469120174047000&selOrigem=TRF&chkMostrarBaixados=1
50190745420204047000,5019074-54.2020.4.04.7000,417,Apelação Criminal,GAB. 71 (Des. Federal ÂNGELO ROBERTO ILHA DA SILVA),2023-03-22,2025-06-14T20:53:09.225Z,21,G2,https://www.trf4.jus.br/trf4/controlador.php?acao=consulta_processual_resultado_pesquisa&selForma=NU&txtValor=50190745420204047000&selOrigem=TRF&chkMostrarBaixados=1
50191107720124047000,5019110-77.2012.4.04.7000,417,Apelação Criminal,Vice-Presidência,2015-06-23,2024-09-22T03:20:22.236Z,432,G2,https://www.trf4.jus.br/trf4/controlador.php?acao=consulta_processual_resultado_pesquisa&selForma=NU&txtValor=50191107720124047000&selOrigem=TRF&chkMostrarBaixados=1
50191474120114047000,5019147-41.2011.4.04.7000,417,Apelação Criminal,GAB. 81 (Juiz Federal NIVALDO BRUNONI),2013-06-21,2021-07-14T04:22:40.428000Z,60,G2,https://www.trf4.jus.br/trf4/controlador.php?acao=consulta_processual_resultado_pesquisa&selForma=NU&txtValor=50191474120114047000&selOrigem=TRF&chkMostrarBaixados=1
50191503920244047000,5019150-39.2024.4.04.7000,417,Apelação Criminal,GAB 81 Des Federal LORACI FLORES DE LIMA,2026-07-17,2026-09-11T04:28:43.066000Z,5,G2,https://www.trf4.jus.br/trf4/controlador.php?acao=consulta_processual_resultado_pesquisa&selForma=NU&txtValor=50191503920244047000&selOrigem=TRF&chkMostrarBaixados=1
50192683020154047000,5019268-30.2015.4.04.7000,417,Apelação Criminal,GAB. 82 (Des. Federal JOÃO PEDRO GEBRAN NETO),2015-11-23,2021-07-23T10:23:10.019000Z,23,G2,https://www.trf4.jus.br/trf4/controlador.php?acao=consulta_processual_resultado_pesquisa&selForma=NU&txtValor=50192683020154047000&selOrigem=TRF&chkMostrarBaixados=1
50192852720194047000,5019285-27.2019.4.04.7000,426,Recurso em Sentido Estrito,GAB. 83 (Des. Federal ANA PAULA DE BORTOLI),2025-10-07,2026-01-14T14:46:07.091000Z,18,G2,https://www.trf4.jus.br/trf4/controlador.php?acao=consulta_processual_resultado_pesquisa&selForma=NU&txtValor=50192852720194047000&selOrigem=TRF&chkMostrarBaixados=1
50195012720154047000,5019501-27.2015.4.04.7000,417,Apelação Criminal,GAB. 81 (Des. Federal LORACI FLORES DE LIMA),2021-06-01,2025-04-25T01:07:25.602Z,48,G2,https://www.trf4.jus.br/trf4/controlador.php?acao=consulta_processual_resultado_pesquisa&selForma=NU&txtValor=50195012720154047000&selOrigem=TRF&chkMostrarBaixados=1
50195480620124047000,5019548-06.2012.4.04.7000,417,Apelação Criminal,GAB. 82 (Des. Federal JOÃO PEDRO GEBRAN NETO),2014-08-21,2022-06-05T06:28:46.358000Z,33,G2,https://www.trf4.jus.br/trf4/controlador.php?acao=consulta_processual_resultado_pesquisa&selForma=NU&txtValor=50195480620124047000&selOrigem=TRF&chkMostrarBaixados=1
50195734820144047000,5019573-48.2014.4.04.7000,417,Apelação Criminal,GAB. 73 (Des. Federal LUIZ CARLOS CANALLI),2016-02-29,2021-07-21T09:58:23.200000Z,52,G2,https://www.trf4.jus.br/trf4/controlador.php?acao=consulta_processual_resultado_pesquisa&selForma=NU&txtValor=50195734820144047000&selOrigem=TRF&chkMostrarBaixados=1
50197149620164047000,5019714-96.2016.4.04.7000,421,Embargos Infringentes e de Nulidade,GAB. 73 (Des. Federal LUIZ CARLOS CANALLI),2017-06-13,2024-09-20T08:30:42.213Z,86,G2,https://www.trf4.jus.br/trf4/controlador.php?acao=consulta_processual_resultado_pesquisa&selForma=NU&txtValor=50197149620164047000&selOrigem=TRF&chkMostrarBaixados=1
50199785020154047000,5019978-50.2015.4.04.7000,417,Apelação Criminal,GAB. 83 (Des. Federal CARLOS EDUARDO THOMPSON FLORES LENZ),2016-10-05,2025-06-14T11:58:49.027Z,45,G2,https://www.trf4.jus.br/trf4/controlador.php?acao=consulta_processual_resultado_pesquisa&selForma=NU&txtValor=50199785020154047000&selOrigem=TRF&chkMostrarBaixados=1
50201658220204047000,5020165-82.2020.4.04.7000,417,Apelação Criminal,GAB. 72 (Des. Federal SALISE MONTEIRO SANCHOTENE),2023-03-20,2024-08-12T16:20:54.518000Z,40,G2,https://www.trf4.jus.br/trf4/controlador.php?acao=consulta_processual_resultado_pesquisa&selForma=NU&txtValor=50201658220204047000&selOrigem=TRF&chkMostrarBaixados=1
50202279820154047000,5020227-98.2015.4.04.7000,417,Apelação Criminal,GAB. 82 (Des. Federal MARCELO MALUCELLI),2020-11-09,2024-08-30T00:44:03.250Z,40,G2,https://www.trf4.jus.br/trf4/controlador.php?acao=consulta_processual_resultado_pesquisa&selForma=NU&txtValor=50202279820154047000&selOrigem=TRF&chkMostrarBaixados=1
50206254020184047000,5020625-40.2018.4.04.7000,417,Apelação Criminal,GAB. 71 (Des. Federal ÂNGELO ROBERTO ILHA DA SILVA),2019-08-16,2024-09-23T01:10:08.882Z,31,G2,https://www.trf4.jus.br/trf4/controlador.php?acao=consulta_processual_resultado_pesquisa&selForma=NU&txtValor=50206254020184047000&selOrigem=TRF&chkMostrarBaixados=1
50206925820254047000,5020692-58.2025.4.04.7000,417,Apelação Criminal,GAB. 83 (Des. Federal ANA PAULA DE BORTOLI),2026-04-29,2026-05-07T23:26:28.161000Z,4,G2,https://www.trf4.jus.br/trf4/controlador.php?acao=consulta_processual_resultado_pesquisa&selForma=NU&txtValor=50206925820254047000&selOrigem=TRF&chkMostrarBaixados=1
50208341420154047000,5020834-14.2015.4.04.7000,417,Apelação Criminal,GAB. 82 (Des. Federal JOÃO PEDRO GEBRAN NETO),2016-09-16,2021-07-21T09:19:57.580000Z,27,G2,https://www.trf4.jus.br/trf4/controlador.php?acao=consulta_processual_resultado_pesquisa&selForma=NU&txtValor=50208341420154047000&selOrigem=TRF&chkMostrarBaixados=1
50211015420134047000,5021101-54.2013.4.04.7000,417,Apelação Criminal,GAB. 72 (Des. Federal SALISE MONTEIRO SANCHOTENE),2014-07-16,2021-07-24T02:48:20.991000Z,26,G2,https://www.trf4.jus.br/trf4/controlador.php?acao=consulta_processual_resultado_pesquisa&selForma=NU&txtValor=50211015420134047000&selOrigem=TRF&chkMostrarBaixados=1
50214748520134047000,5021474-85.2013.4.04.7000,417,Apelação Criminal,GAB. 83 (Des. Federal CARLOS EDUARDO THOMPSON FLORES LENZ),2019-09-24,2025-02-12T03:30:46.029Z,20,G2,https://www.trf4.jus.br/trf4/controlador.php?acao=consulta_processual_resultado_pesquisa&selForma=NU&txtValor=50214748520134047000&selOrigem=TRF&chkMostrarBaixados=1
50214983020244047000,5021498-30.2024.4.04.7000,417,Apelação Criminal,VicePresidencia,2026-02-06,2026-09-12T09:40:58.791000Z,52,G2,https://www.trf4.jus.br/trf4/controlador.php?acao=consulta_processual_resultado_pesquisa&selForma=NU&txtValor=50214983020244047000&selOrigem=TRF&chkMostrarBaixados=1
50215570420134047000,5021557-04.2013.4.04.7000,417,Apelação Criminal,GAB. 72 (Des. Federal SALISE MONTEIRO SANCHOTENE),2015-03-23,2021-07-23T13:49:25.021000Z,20,G2,https://www.trf4.jus.br/trf4/controlador.php?acao=consulta_processual_resultado_pesquisa&selForma=NU&txtValor=50215570420134047000&selOrigem=TRF&chkMostrarBaixados=1
50216505420194047000,5021650-54.2019.4.04.7000,417,Apelação Criminal,Vice-Presidência,2023-09-06,2026-06-01T15:20:27.397000Z,127,G2,https://www.trf4.jus.br/trf4/controlador.php?acao=consulta_processual_resultado_pesquisa&selForma=NU&txtValor=50216505420194047000&selOrigem=TRF&chkMostrarBaixados=1
50216817920164047000,5021681-79.2016.4.04.7000,417,Apelação Criminal,GAB. 71 (Des. Federal ÂNGELO ROBERTO ILHA DA SILVA),2018-01-29,2024-08-30T01:27:38.090Z,143,G2,https://www.trf4.jus.br/trf4/controlador.php?acao=consulta_processual_resultado_pesquisa&selForma=NU&txtValor=50216817920164047000&selOrigem=TRF&chkMostrarBaixados=1
50218519020124047000,5021851-90.2012.4.04.7000,417,Apelação Criminal,GAB. 71 (Juiz Federal DANILO PEREIRA JÚNIOR),2013-06-21,2022-06-05T11:55:27.979000Z,57,G2,https://www.trf4.jus.br/trf4/controlador.php?acao=consulta_processual_resultado_pesquisa&selForma=NU&txtValor=50218519020124047000&selOrigem=TRF&chkMostrarBaixados=1
50218681920184047000,5021868-19.2018.4.04.7000,417,Apelação Criminal,Vice-Presidência,2021-11-16,2026-06-01T08:30:28.562000Z,171,G2,https://www.trf4.jus.br/trf4/controlador.php?acao=consulta_processual_resultado_pesquisa&selForma=NU&txtValor=50218681920184047000&selOrigem=TRF&chkMostrarBaixados=1
50220252620174047000,5022025-26.2017.4.04.7000,417,Apelação Criminal,GAB. 82 (Des. Federal MARCELO MALUCELLI),2017-12-18,2024-09-21T16:30:51.536Z,59,G2,https://www.trf4.jus.br/trf4/controlador.php?acao=consulta_processual_resultado_pesquisa&selForma=NU&txtValor=50220252620174047000&selOrigem=TRF&chkMostrarBaixados=1
50221773520214047000,5022177-35.2021.4.04.7000,417,Apelação Criminal,GAB. 71 (Des. Federal ÂNGELO ROBERTO ILHA DA SILVA),2022-05-03,2025-04-24T19:23:47.929Z,39,G2,https://www.trf4.jus.br/trf4/controlador.php?acao=consulta_processual_resultado_pesquisa&selForma=NU&txtValor=50221773520214047000&selOrigem=TRF&chkMostrarBaixados=1
50221797820164047000,5022179-78.2016.4.04.7000,421,Embargos Infringentes e de Nulidade,GAB. 71 (Des. Federal ÂNGELO ROBERTO ILHA DA SILVA),2017-02-02,2024-08-30T09:41:48.025Z,308,G2,https://www.trf4.jus.br/trf4/controlador.php?acao=consulta_processual_resultado_pesquisa&selForma=NU&txtValor=50221797820164047000&selOrigem=TRF&chkMostrarBaixados=1
50222718520184047000,5022271-85.2018.4.04.7000,417,Apelação Criminal,GAB. 73 (Des. Federal LUIZ CARLOS CANALLI),2022-05-20,2024-09-21T18:30:12.021Z,30,G2,https://www.trf4.jus.br/trf4/controlador.php?acao=consulta_processual_resultado_pesquisa&selForma=NU&txtValor=50222718520184047000&selOrigem=TRF&chkMostrarBaixados=1
50224488820144047000,5022448-88.2014.4.04.7000,417,Apelação Criminal,GAB. 83 (Des. Federal CARLOS EDUARDO THOMPSON FLORES LENZ),2016-06-14,2024-09-23T16:10:02.730Z,231,G2,https://www.trf4.jus.br/trf4/controlador.php?acao=consulta_processual_resultado_pesquisa&selForma=NU&txtValor=50224488820144047000&selOrigem=TRF&chkMostrarBaixados=1
50227378420154047000,5022737-84.2015.4.04.7000,417,Apelação Criminal,GAB. 82 (Des. Federal JOÃO PEDRO GEBRAN NETO),2015-08-20,2021-07-16T04:23:26.195000Z,35,G2,https://www.trf4.jus.br/trf4/controlador.php?acao=consulta_processual_resultado_pesquisa&selForma=NU&txtValor=50227378420154047000&selOrigem=TRF&chkMostrarBaixados=1
50227851420134047000,5022785-14.2013.4.04.7000,417,Apelação Criminal,GAB. 72 (Des. Federal SALISE MONTEIRO SANCHOTENE),2015-05-11,2021-07-23T23:54:28.575000Z,27,G2,https://www.trf4.jus.br/trf4/controlador.php?acao=consulta_processual_resultado_pesquisa&selForma=NU&txtValor=50227851420134047000&selOrigem=TRF&chkMostrarBaixados=1
50227964320134047000,5022796-43.2013.4.04.7000,417,Apelação Criminal,GAB. 71 (Juiz Federal DANILO PEREIRA JÚNIOR),2017-06-14,2021-07-12T08:48:51.477000Z,24,G2,https://www.trf4.jus.br/trf4/controlador.php?acao=consulta_processual_resultado_pesquisa&selForma=NU&txtValor=50227964320134047000&selOrigem=TRF&chkMostrarBaixados=1
50229197520124047000,5022919-75.2012.4.04.7000,417,Apelação Criminal,GAB. 73 (Des. Federal LUIZ CARLOS CANALLI),2017-04-04,2021-07-23T14:42:21.260000Z,26,G2,https://www.trf4.jus.br/trf4/controlador.php?acao=consulta_processual_resultado_pesquisa&selForma=NU&txtValor=50229197520124047000&selOrigem=TRF&chkMostrarBaixados=1
50229519420234047000,5022951-94.2023.4.04.7000,417,Apelação Criminal,GAB. 81 (Des. Federal LORACI FLORES DE LIMA),2023-07-20,2026-01-14T17:26:10.001000Z,33,G2,https://www.trf4.jus.br/trf4/controlador.php?acao=consulta_processual_resultado_pesquisa&selForma=NU&txtValor=50229519420234047000&selOrigem=TRF&chkMostrarBaixados=1
50231214720154047000,5023121-47.2015.4.04.7000,421,Embargos Infringentes e de Nulidade,GAB. 71 (Des. Federal ÂNGELO ROBERTO ILHA DA SILVA),2015-12-02,2025-06-03T19:30:41.995Z,321,G2,https://www.trf4.jus.br/trf4/controlador.php?acao=consulta_processual_resultado_pesquisa&selForma=NU&txtValor=50231214720154047000&selOrigem=TRF&chkMostrarBaixados=1
50231353120154047000,5023135-31.2015.4.04.7000,417,Apelação Criminal,GAB. 82 (Des. Federal MARCELO MALUCELLI),2016-05-03,2025-04-24T19:22:56.255Z,156,G2,https://www.trf4.jus.br/trf4/controlador.php?acao=consulta_processual_resultado_pesquisa&selForma=NU&txtValor=50231353120154047000&selOrigem=TRF&chkMostrarBaixados=1
50233391720114047000,5023339-17.2011.4.04.7000,417,Apelação Criminal,GAB. 71 (Juiz Federal DANILO PEREIRA JÚNIOR),2017-04-06,2021-07-13T20:06:53.159000Z,27,G2,https://www.trf4.jus.br/trf4/controlador.php?acao=consulta_processual_resultado_pesquisa&selForma=NU&txtValor=50233391720114047000&selOrigem=TRF&chkMostrarBaixados=1
50233757820194047000,5023375-78.2019.4.04.7000,417,Apelação Criminal,GAB. 83 (Des. Federal CARLOS EDUARDO THOMPSON FLORES LENZ),2021-03-16,2024-09-21T19:50:07.756Z,24,G2,https://www.trf4.jus.br/trf4/controlador.php?acao=consulta_processual_resultado_pesquisa&selForma=NU&txtValor=50233757820194047000&selOrigem=TRF&chkMostrarBaixados=1
50234241220254047000,5023424-12.2025.4.04.7000,417,Apelação Criminal,GAB 73 Des Federal LUIZ CARLOS CANALLI,2026-08-20,2026-09-12T16:53:46.797000Z,4,G2,https://www.trf4.jus.br/trf4/controlador.php?acao=consulta_processual_resultado_pesquisa&selForma=NU&txtValor=50234241220254047000&selOrigem=TRF&chkMostrarBaixados=1
50234837820174047000,5023483-78.2017.4.04.7000,417,Apelação Criminal,GAB. 83 (Des. Federal CARLOS EDUARDO THOMPSON FLORES LENZ),2018-07-25,2024-09-22T23:50:09.041Z,43,G2,https://www.trf4.jus.br/trf4/controlador.php?acao=consulta_processual_resultado_pesquisa&selForma=NU&txtValor=50234837820174047000&selOrigem=TRF&chkMostrarBaixados=1
50235478820174047000,5023547-88.2017.4.04.7000,417,Apelação Criminal,GAB. 73 (Des. Federal LUIZ CARLOS CANALLI),2017-06-02,2021-07-09T21:54:04.510000Z,44,G2,https://www.trf4.jus.br/trf4/controlador.php?acao=consulta_processual_resultado_pesquisa&selForma=NU&txtValor=50235478820174047000&selOrigem=TRF&chkMostrarBaixados=1
50237615520124047000,5023761-55.2012.4.04.7000,417,Apelação Criminal,GAB. 81 (Des. Federal LORACI FLORES DE LIMA),2014-11-10,2025-04-24T19:21:15.466Z,68,G2,https://www.trf4.jus.br/trf4/controlador.php?acao=consulta_processual_resultado_pesquisa&selForma=NU&txtValor=50237615520124047000&selOrigem=TRF&chkMostrarBaixados=1
50238375920244047000,5023837-59.2024.4.04.7000,417,Apelação Criminal,GAB. 73 (Des. Federal LUIZ CARLOS CANALLI),2025-07-29,2026-05-08T07:22:47.557000Z,40,G2,https://www.trf4.jus.br/trf4/controlador.php?acao=consulta_processual_resultado_pesquisa&selForma=NU&txtValor=50238375920244047000&selOrigem=TRF&chkMostrarBaixados=1
50238862320124047000,5023886-23.2012.4.04.7000,417,Apelação Criminal,GAB. 81 (Des. Federal LORACI FLORES DE LIMA),2017-06-28,2025-04-24T23:35:15.338Z,41,G2,https://www.trf4.jus.br/trf4/controlador.php?acao=consulta_processual_resultado_pesquisa&selForma=NU&txtValor=50238862320124047000&selOrigem=TRF&chkMostrarBaixados=1
50239246920114047000,5023924-69.2011.4.04.7000,417,Apelação Criminal,GAB. 72 (Des. Federal SALISE MONTEIRO SANCHOTENE),2015-07-14,2025-04-25T04:20:18.881Z,21,G2,https://www.trf4.jus.br/trf4/controlador.php?acao=consulta_processual_resultado_pesquisa&selForma=NU&txtValor=50239246920114047000&selOrigem=TRF&chkMostrarBaixados=1
50239424620184047000,5023942-46.2018.4.04.7000,417,Apelação Criminal,GAB. 81 (Des. Federal LORACI FLORES DE LIMA),2019-08-13,2025-08-01T20:51:01.663Z,531,G2,https://www.trf4.jus.br/trf4/controlador.php?acao=consulta_processual_resultado_pesquisa&selForma=NU&txtValor=50239424620184047000&selOrigem=TRF&chkMostrarBaixados=1
50239529020184047000,5023952-90.2018.4.04.7000,417,Apelação Criminal,GAB. 81 (Des. Federal LORACI FLORES DE LIMA),2021-07-05,2025-04-24T23:09:24.546Z,110,G2,https://www.trf4.jus.br/trf4/controlador.php?acao=consulta_processual_resultado_pesquisa&selForma=NU&txtValor=50239529020184047000&selOrigem=TRF&chkMostrarBaixados=1
50242289220164047000,5024228-92.2016.4.04.7000,417,Apelação Criminal,GAB. 82 (Des. Federal MARCELO MALUCELLI),2018-06-04,2025-04-25T03:10:06.922Z,46,G2,https://www.trf4.jus.br/trf4/controlador.php?acao=consulta_processual_resultado_pesquisa&selForma=NU&txtValor=50242289220164047000&selOrigem=TRF&chkMostrarBaixados=1
50242667020174047000,5024266-70.2017.4.04.7000,417,Apelação Criminal,Vice-Presidência,2021-07-08,2025-04-24T21:38:48.113Z,366,G2,https://www.trf4.jus.br/trf4/controlador.php?acao=consulta_processual_resultado_pesquisa&selForma=NU&txtValor=50242667020174047000&selOrigem=TRF&chkMostrarBaixados=1
50244594120244047000,5024459-41.2024.4.04.7000,417,Apelação Criminal,GAB 72 Des Federal ALEXANDRE GONCALVES LIPPEL,2026-04-10,2026-09-10T23:25:00.309000Z,24,G2,https://www.trf4.jus.br/trf4/controlador.php?acao=consulta_processual_resultado_pesquisa&selForma=NU&txtValor=50244594120244047000&selOrigem=TRF&chkMostrarBaixados=1
50245915520114047000,5024591-55.2011.4.04.7000,417,Apelação Criminal,GAB. 72 (Des. Federal SALISE MONTEIRO SANCHOTENE),2013-09-18,2025-04-24T23:53:28.681Z,106,G2,https://www.trf4.jus.br/trf4/controlador.php?acao=consulta_processual_resultado_pesquisa&selForma=NU&txtValor=50245915520114047000&selOrigem=TRF&chkMostrarBaixados=1
50246429520134047000,5024642-95.2013.4.04.7000,417,Apelação Criminal,GAB. 73 (Des. Federal LUIZ CARLOS CANALLI),2018-01-11,2025-04-25T00:14:50.117Z,20,G2,https://www.trf4.jus.br/trf4/controlador.php?acao=consulta_processual_resultado_pesquisa&selForma=NU&txtValor=50246429520134047000&selOrigem=TRF&chkMostrarBaixados=1
50246630320154047000,5024663-03.2015.4.04.7000,417,Apelação Criminal,GAB. 71 (Juiz Federal DANILO PEREIRA JÚNIOR),2016-03-10,2021-07-23T11:02:59.693000Z,36,G2,https://www.trf4.jus.br/trf4/controlador.php?acao=consulta_processual_resultado_pesquisa&selForma=NU&txtValor=50246630320154047000&selOrigem=TRF&chkMostrarBaixados=1
50248799020174047000,5024879-90.2017.4.04.7000,421,Embargos Infringentes e de Nulidade,GAB 71 Des Federal ANGELO ROBERTO ILHA DA SILVA,2018-02-27,2026-07-30T20:27:55.956000Z,139,G2,https://www.trf4.jus.br/trf4/controlador.php?acao=consulta_processual_resultado_pesquisa&selForma=NU&txtValor=50248799020174047000&selOrigem=TRF&chkMostrarBaixados=1
50250356820234047000,5025035-68.2023.4.04.7000,417,Apelação Criminal,GAB. 72 (Des. Federal SALISE MONTEIRO SANCHOTENE),2024-03-06,2025-04-04T20:35:40.716Z,28,G2,https://www.trf4.jus.br/trf4/controlador.php?acao=consulta_processual_resultado_pesquisa&selForma=NU&txtValor=50250356820234047000&selOrigem=TRF&chkMostrarBaixados=1
50251749820154047000,5025174-98.2015.4.04.7000,417,Apelação Criminal,GAB. 71 (Juiz Federal DANILO PEREIRA JÚNIOR),2015-09-16,2021-07-23T10:50:58.000000Z,22,G2,https://www.trf4.jus.br/trf4/controlador.php?acao=consulta_processual_resultado_pesquisa&selForma=NU&txtValor=50251749820154047000&selOrigem=TRF&chkMostrarBaixados=1
50253158820134047000,5025315-88.2013.4.04.7000,417,Apelação Criminal,GAB. 83 (Des. Federal CARLOS EDUARDO THOMPSON FLORES LENZ),2014-08-21,2021-07-16T04:50:15.319000Z,29,G2,https://www.trf4.jus.br/trf4/controlador.php?acao=consulta_processual_resultado_pesquisa&selForma=NU&txtValor=50253158820134047000&selOrigem=TRF&chkMostrarBaixados=1
50254229820144047000,5025422-98.2014.4.04.7000,417,Apelação Criminal,GAB. 83 (Des. Federal CARLOS EDUARDO THOMPSON FLORES LENZ),2016-04-01,2021-07-13T19:07:53.754000Z,33,G2,https://www.trf4.jus.br/trf4/controlador.php?acao=consulta_processual_resultado_pesquisa&selForma=NU&txtValor=50254229820144047000&selOrigem=TRF&chkMostrarBaixados=1
50256870320144047000,5025687-03.2014.4.04.7000,421,Embargos Infringentes e de Nulidade,GAB. 71 (Des. Federal ÂNGELO ROBERTO ILHA DA SILVA),2014-12-15,2025-06-15T02:30:46.644Z,163,G2,https://www.trf4.jus.br/trf4/controlador.php?acao=consulta_processual_resultado_pesquisa&selForma=NU&txtValor=50256870320144047000&selOrigem=TRF&chkMostrarBaixados=1
50256922520144047000,5025692-25.2014.4.04.7000,421,Embargos Infringentes e de Nulidade,GAB. 71 (Des. Federal ÂNGELO ROBERTO ILHA DA SILVA),2016-08-02,2024-09-21T11:21:33.412Z,163,G2,https://www.trf4.jus.br/trf4/controlador.php?acao=consulta_processual_resultado_pesquisa&selForma=NU&txtValor=50256922520144047000&selOrigem=TRF&chkMostrarBaixados=1
50256991720144047000,5025699-17.2014.4.04.7000,417,Apelação Criminal,Vice-Presidência,2021-10-06,2026-02-13T22:46:51.823000Z,205,G2,https://www.trf4.jus.br/trf4/controlador.php?acao=consulta_processual_resultado_pesquisa&selForma=NU&txtValor=50256991720144047000&selOrigem=TRF&chkMostrarBaixados=1
50257034920174047000,5025703-49.2017.4.04.7000,417,Apelação Criminal,GAB. 82 (Des. Federal MARCELO MALUCELLI),2019-03-14,2024-09-21T21:20:08.546Z,40,G2,https://www.trf4.jus.br/trf4/controlador.php?acao=consulta_processual_resultado_pesquisa&selForma=NU&txtValor=50257034920174047000&selOrigem=TRF&chkMostrarBaixados=1
50258234820244047000,5025823-48.2024.4.04.7000,417,Apelação Criminal,GAB. 81 (Des. Federal LORACI FLORES DE LIMA),2025-12-17,2026-01-15T14:56:05.113000Z,8,G2,https://www.trf4.jus.br/trf4/controlador.php?acao=consulta_processual_resultado_pesquisa&selForma=NU&txtValor=50258234820244047000&selOrigem=TRF&chkMostrarBaixados=1
50259090520134047000,5025909-05.2013.4.04.7000,417,Apelação Criminal,GAB. 81 (Juiz Federal NIVALDO BRUNONI),2015-04-13,2021-07-23T23:59:11.101000Z,63,G2,https://www.trf4.jus.br/trf4/controlador.php?acao=consulta_processual_resultado_pesquisa&selForma=NU&txtValor=50259090520134047000&selOrigem=TRF&chkMostrarBaixados=1
50259615920174047000,5025961-59.2017.4.04.7000,417,Apelação Criminal,GAB. 71 (Des. Federal ÂNGELO ROBERTO ILHA DA SILVA),2020-07-15,2025-05-13T20:30:29.963Z,105,G2,https://www.trf4.jus.br/trf4/controlador.php?acao=consulta_processual_resultado_pesquisa&selForma=NU&txtValor=50259615920174047000&selOrigem=TRF&chkMostrarBaixados=1
50259936420174047000,5025993-64.2017.4.04.7000,417,Apelação Criminal,GAB. 71 (Des. Federal ÂNGELO ROBERTO ILHA DA SILVA),2021-11-03,2025-08-02T22:40:11.959Z,35,G2,https://www.trf4.jus.br/trf4/controlador.php?acao=consulta_processual_resultado_pesquisa&selForma=NU&txtValor=50259936420174047000&selOrigem=TRF&chkMostrarBaixados=1
50260504820184047000,5026050-48.2018.4.04.7000,417,Apelação Criminal,Vice-Presidência,2023-03-06,2026-06-01T17:40:09.287000Z,125,G2,https://www.trf4.jus.br/trf4/controlador.php?acao=consulta_processual_resultado_pesquisa&selForma=NU&txtValor=50260504820184047000&selOrigem=TRF&chkMostrarBaixados=1
50262128220144047000,5026212-82.2014.4.04.7000,421,Embargos Infringentes e de Nulidade,GAB. 71 (Des. Federal ÂNGELO ROBERTO ILHA DA SILVA),2015-07-09,2024-09-21T21:30:03.892Z,457,G2,https://www.trf4.jus.br/trf4/controlador.php?acao=consulta_processual_resultado_pesquisa&selForma=NU&txtValor=50262128220144047000&selOrigem=TRF&chkMostrarBaixados=1
50262430520144047000,5026243-05.2014.4.04.7000,421,Embargos Infringentes e de Nulidade,GAB. 71 (Des. Federal ÂNGELO ROBERTO ILHA DA SILVA),2015-04-06,2026-06-01T08:50:13.052000Z,187,G2,https://www.trf4.jus.br/trf4/controlador.php?acao=consulta_processual_resultado_pesquisa&selForma=NU&txtValor=50262430520144047000&selOrigem=TRF&chkMostrarBaixados=1
50263123720144047000,5026312-37.2014.4.04.7000,208,Embargos Infringentes,GAB. 72 (Des. Federal SALISE MONTEIRO SANCHOTENE),2016-11-07,2022-06-04T22:49:31.920000Z,60,G2,https://www.trf4.jus.br/trf4/controlador.php?acao=consulta_processual_resultado_pesquisa&selForma=NU&txtValor=50263123720144047000&selOrigem=TRF&chkMostrarBaixados=1
50263155020184047000,5026315-50.2018.4.04.7000,417,Apelação Criminal,GAB. 81 (Des. Federal LORACI FLORES DE LIMA),2019-04-22,2025-08-02T16:31:10.466Z,52,G2,https://www.trf4.jus.br/trf4/controlador.php?acao=consulta_processual_resultado_pesquisa&selForma=NU&txtValor=50263155020184047000&selOrigem=TRF&chkMostrarBaixados=1
50265603220164047000,5026560-32.2016.4.04.7000,417,Apelação Criminal,GAB. 73 (Des. Federal LUIZ CARLOS CANALLI),2017-03-06,2021-07-21T20:39:46.033000Z,21,G2,https://www.trf4.jus.br/trf4/controlador.php?acao=consulta_processual_resultado_pesquisa&selForma=NU&txtValor=50265603220164047000&selOrigem=TRF&chkMostrarBaixados=1
50266631020144047000,5026663-10.2014.4.04.7000,421,Embargos Infringentes e de Nulidade,Vice-Presidência,2018-12-03,2024-09-23T07:50:03.938Z,182,G2,https://www.trf4.jus.br/trf4/controlador.php?acao=consulta_processual_resultado_pesquisa&selForma=NU&txtValor=50266631020144047000&selOrigem=TRF&chkMostrarBaixados=1
50267719720184047000,5026771-97.2018.4.04.7000,417,Apelação Criminal,GAB. 83 (Des. Federal CARLOS EDUARDO THOMPSON FLORES LENZ),2019-10-04,2024-09-22T10:20:12.678Z,23,G2,https://www.trf4.jus.br/trf4/controlador.php?acao=consulta_processual_resultado_pesquisa&selForma=NU&txtValor=50267719720184047000&selOrigem=TRF&chkMostrarBaixados=1
50267766620114047000,5026776-66.2011.4.04.7000,417,Apelação Criminal,GAB. 81 (Juiz Federal NIVALDO BRUNONI),2013-10-25,2021-07-10T01:48:53.548000Z,75,G2,https://www.trf4.jus.br/trf4/controlador.php?acao=consulta_processual_resultado_pesquisa&selForma=NU&txtValor=50267766620114047000&selOrigem=TRF&chkMostrarBaixados=1
50269816120124047000,5026981-61.2012.4.04.7000,417,Apelação Criminal,GAB. 83 (Des. Federal CARLOS EDUARDO THOMPSON FLORES LENZ),2020-11-24,2024-09-21T16:28:46.006Z,29,G2,https://www.trf4.jus.br/trf4/controlador.php?acao=consulta_processual_resultado_pesquisa&selForma=NU&txtValor=50269816120124047000&selOrigem=TRF&chkMostrarBaixados=1
50270697920244047000,5027069-79.2024.4.04.7000,417,Apelação Criminal,GAB 71 Des Federal ANGELO ROBERTO ILHA DA SILVA,2026-05-12,2026-07-30T20:28:20.520000Z,12,G2,https://www.trf4.jus.br/trf4/controlador.php?acao=consulta_processual_resultado_pesquisa&selForma=NU&txtValor=50270697920244047000&selOrigem=TRF&chkMostrarBaixados=1
50270926420204047000,5027092-64.2020.4.04.7000,417,Apelação Criminal,GAB 83 Des Federal ANA PAULA DE BORTOLI,2026-01-09,2026-09-11T03:51:03.114000Z,34,G2,https://www.trf4.jus.br/trf4/controlador.php?acao=consulta_processual_resultado_pesquisa&selForma=NU&txtValor=50270926420204047000&selOrigem=TRF&chkMostrarBaixados=1
50271149320184047000,5027114-93.2018.4.04.7000,417,Apelação Criminal,VicePresidencia,2021-07-22,2026-08-02T08:16:56.204000Z,146,G2,https://www.trf4.jus.br/trf4/controlador.php?acao=consulta_processual_resultado_pesquisa&selForma=NU&txtValor=50271149320184047000&selOrigem=TRF&chkMostrarBaixados=1
50273187420174047000,5027318-74.2017.4.04.7000,417,Apelação Criminal,GAB. 71 (Des. Federal ÂNGELO ROBERTO ILHA DA SILVA),2020-12-09,2024-08-30T19:20:55.338Z,81,G2,https://www.trf4.jus.br/trf4/controlador.php?acao=consulta_processual_resultado_pesquisa&selForma=NU&txtValor=50273187420174047000&selOrigem=TRF&chkMostrarBaixados=1
50274223720154047000,5027422-37.2015.4.04.7000,417,Apelação Criminal,GAB. 82 (Des. Federal MARCELO MALUCELLI),2016-08-15,2025-06-14T18:07:24.619Z,105,G2,https://www.trf4.jus.br/trf4/controlador.php?acao=consulta_processual_resultado_pesquisa&selForma=NU&txtValor=50274223720154047000&selOrigem=TRF&chkMostrarBaixados=1
50274749120194047000,5027474-91.2019.4.04.7000,417,Apelação Criminal,GAB. 73 (Des. Federal LUIZ CARLOS CANALLI),2020-02-04,2024-09-22T23:30:11.006Z,34,G2,https://www.trf4.jus.br/trf4/controlador.php?acao=consulta_processual_resultado_pesquisa&selForma=NU&txtValor=50274749120194047000&selOrigem=TRF&chkMostrarBaixados=1
50274777020244047000,5027477-70.2024.4.04.7000,426,Recurso em Sentido Estrito,GAB. 83 (Des. Federal ANA PAULA DE BORTOLI),2025-02-26,2025-11-14T23:10:02.131Z,38,G2,https://www.trf4.jus.br/trf4/controlador.php?acao=consulta_processual_resultado_pesquisa&selForma=NU&txtValor=50274777020244047000&selOrigem=TRF&chkMostrarBaixados=1
50275205120174047000,5027520-51.2017.4.04.7000,417,Apelação Criminal,GAB. 83 (Des. Federal CARLOS EDUARDO THOMPSON FLORES LENZ),2019-07-24,2024-09-21T14:15:42.476Z,53,G2,https://www.trf4.jus.br/trf4/controlador.php?acao=consulta_processual_resultado_pesquisa&selForma=NU&txtValor=50275205120174047000&selOrigem=TRF&chkMostrarBaixados=1
50276218320204047000,5027621-83.2020.4.04.7000,417,Apelação Criminal,GAB 83 Des Federal ANA PAULA DE BORTOLI,2026-07-16,2026-09-10T05:42:25.331000Z,12,G2,https://www.trf4.jus.br/trf4/controlador.php?acao=consulta_processual_resultado_pesquisa&selForma=NU&txtValor=50276218320204047000&selOrigem=TRF&chkMostrarBaixados=1
50276841620174047000,5027684-16.2017.4.04.7000,417,Apelação Criminal,GAB. 72 (Des. Federal SALISE MONTEIRO SANCHOTENE),2019-10-18,2025-04-24T22:05:08.536Z,31,G2,https://www.trf4.jus.br/trf4/controlador.php?acao=consulta_processual_resultado_pesquisa&selForma=NU&txtValor=50276841620174047000&selOrigem=TRF&chkMostrarBaixados=1
50276853520164047000,5027685-35.2016.4.04.7000,421,Embargos Infringentes e de Nulidade,Vice-Presidência,2017-07-27,2025-10-21T01:14:38.764Z,333,G2,https://www.trf4.jus.br/trf4/controlador.php?acao=consulta_processual_resultado_pesquisa&selForma=NU&txtValor=50276853520164047000&selOrigem=TRF&chkMostrarBaixados=1
50277115220244047000,5027711-52.2024.4.04.7000,417,Apelação Criminal,GAB. 81 (Des. Federal LORACI FLORES DE LIMA),2025-02-18,2025-06-20T01:00:04.801Z,20,G2,https://www.trf4.jus.br/trf4/controlador.php?acao=consulta_processual_resultado_pesquisa&selForma=NU&txtValor=50277115220244047000&selOrigem=TRF&chkMostrarBaixados=1
50278536620184047000,5027853-66.2018.4.04.7000,417,Apelação Criminal,GAB. 83 (Des. Federal CARLOS EDUARDO THOMPSON FLORES LENZ),2019-03-14,2025-06-14T01:49:16.798Z,25,G2,https://www.trf4.jus.br/trf4/controlador.php?acao=consulta_processual_resultado_pesquisa&selForma=NU&txtValor=50278536620184047000&selOrigem=TRF&chkMostrarBaixados=1
50279723720124047000,5027972-37.2012.4.04.7000,417,Apelação Criminal,GAB. 73 (Des. Federal LUIZ CARLOS CANALLI),2014-11-28,2025-04-24T19:12:44.812Z,288,G2,https://www.trf4.jus.br/trf4/controlador.php?acao=consulta_processual_resultado_pesquisa&selForma=NU&txtValor=50279723720124047000&selOrigem=TRF&chkMostrarBaixados=1
50282079120184047000,5028207-91.2018.4.04.7000,417,Apelação Criminal,GAB. 72 (Des. Federal SALISE MONTEIRO SANCHOTENE),2021-12-11,2024-09-25T11:10:03.593Z,36,G2,https://www.trf4.jus.br/trf4/controlador.php?acao=consulta_processual_resultado_pesquisa&selForma=NU&txtValor=50282079120184047000&selOrigem=TRF&chkMostrarBaixados=1
50284114320154047000,5028411-43.2015.4.04.7000,417,Apelação Criminal,GAB. 71 (Des. Federal ÂNGELO ROBERTO ILHA DA SILVA),2016-02-01,2025-08-02T16:01:55.075Z,62,G2,https://www.trf4.jus.br/trf4/controlador.php?acao=consulta_processual_resultado_pesquisa&selForma=NU&txtValor=50284114320154047000&selOrigem=TRF&chkMostrarBaixados=1
50286089520154047000,5028608-95.2015.4.04.7000,417,Apelação Criminal,GAB 83 Des Federal ANA PAULA DE BORTOLI,2018-11-13,2026-09-10T13:50:31.195000Z,176,G2,https://www.trf4.jus.br/trf4/controlador.php?acao=consulta_processual_resultado_pesquisa&selForma=NU&txtValor=50286089520154047000&selOrigem=TRF&chkMostrarBaixados=1
50287150320194047000,5028715-03.2019.4.04.7000,417,Apelação Criminal,Vice-Presidência,2022-02-01,2024-11-12T10:00:55.984Z,82,G2,https://www.trf4.jus.br/trf4/controlador.php?acao=consulta_processual_resultado_pesquisa&selForma=NU&txtValor=50287150320194047000&selOrigem=TRF&chkMostrarBaixados=1
50287812220154047000,5028781-22.2015.4.04.7000,417,Apelação Criminal,GAB. 72 (Des. Federal SALISE MONTEIRO SANCHOTENE),2016-10-28,2021-07-21T15:13:16.005000Z,21,G2,https://www.trf4.jus.br/trf4/controlador.php?acao=consulta_processual_resultado_pesquisa&selForma=NU&txtValor=50287812220154047000&selOrigem=TRF&chkMostrarBaixados=1
50287904720164047000,5028790-47.2016.4.04.7000,417,Apelação Criminal,GAB. 71 (Juiz Federal DANILO PEREIRA JÚNIOR),2017-06-22,2021-07-12T08:46:34.480000Z,22,G2,https://www.trf4.jus.br/trf4/controlador.php?acao=consulta_processual_resultado_pesquisa&selForma=NU&txtValor=50287904720164047000&selOrigem=TRF&chkMostrarBaixados=1
50293918220184047000,5029391-82.2018.4.04.7000,417,Apelação Criminal,GAB. 81 (Des. Federal LORACI FLORES DE LIMA),2019-08-07,2024-09-19T09:30:20.400Z,34,G2,https://www.trf4.jus.br/trf4/controlador.php?acao=consulta_processual_resultado_pesquisa&selForma=NU&txtValor=50293918220184047000&selOrigem=TRF&chkMostrarBaixados=1
50295084420164047000,5029508-44.2016.4.04.7000,417,Apelação Criminal,GAB. 81 (Des. Federal LORACI FLORES DE LIMA),2021-10-11,2024-08-12T13:34:01.860000Z,46,G2,https://www.trf4.jus.br/trf4/controlador.php?acao=consulta_processual_resultado_pesquisa&selForma=NU&txtValor=50295084420164047000&selOrigem=TRF&chkMostrarBaixados=1
50295221320254047000,5029522-13.2025.4.04.7000,417,Apelação Criminal,GAB 72 Des Federal ALEXANDRE GONCALVES LIPPEL,2026-08-28,2026-09-13T13:17:49.825000Z,8,G2,https://www.trf4.jus.br/trf4/controlador.php?acao=consulta_processual_resultado_pesquisa&selForma=NU&txtValor=50295221320254047000&selOrigem=TRF&chkMostrarBaixados=1
50296605320204047000,5029660-53.2020.4.04.7000,417,Apelação Criminal,GAB. 82 (Des. Federal MARCELO MALUCELLI),2021-11-29,2024-09-21T16:31:20.055Z,40,G2,https://www.trf4.jus.br/trf4/controlador.php?acao=consulta_processual_resultado_pesquisa&selForma=NU&txtValor=50296605320204047000&selOrigem=TRF&chkMostrarBaixados=1
50297373820154047000,5029737-38.2015.4.04.7000,417,Apelação Criminal,GAB. 82 (Des. Federal MARCELO MALUCELLI),2017-08-21,2025-04-24T19:13:56.129Z,103,G2,https://www.trf4.jus.br/trf4/controlador.php?acao=consulta_processual_resultado_pesquisa&selForma=NU&txtValor=50297373820154047000&selOrigem=TRF&chkMostrarBaixados=1
50302614020124047000,5030261-40.2012.4.04.7000,417,Apelação Criminal,GAB. 82 (Des. Federal JOÃO PEDRO GEBRAN NETO),2016-12-16,2021-07-21T02:05:32.540000Z,29,G2,https://www.trf4.jus.br/trf4/controlador.php?acao=consulta_processual_resultado_pesquisa&selForma=NU&txtValor=50302614020124047000&selOrigem=TRF&chkMostrarBaixados=1
50303356020134047000,5030335-60.2013.4.04.7000,417,Apelação Criminal,GAB. 71 (Juiz Federal DANILO PEREIRA JÚNIOR),2016-04-04,2021-07-21T15:11:18.964000Z,22,G2,https://www.trf4.jus.br/trf4/controlador.php?acao=consulta_processual_resultado_pesquisa&selForma=NU&txtValor=50303356020134047000&selOrigem=TRF&chkMostrarBaixados=1
50304247820164047000,5030424-78.2016.4.04.7000,421,Embargos Infringentes e de Nulidade,Vice-Presidência,2017-02-20,2025-09-14T17:21:54.729Z,251,G2,https://www.trf4.jus.br/trf4/controlador.php?acao=consulta_processual_resultado_pesquisa&selForma=NU&txtValor=50304247820164047000&selOrigem=TRF&chkMostrarBaixados=1
50304250520124047000,5030425-05.2012.4.04.7000,417,Apelação Criminal,GAB. 81 (Juiz Federal NIVALDO BRUNONI),2014-01-22,2021-07-23T23:40:02.805000Z,28,G2,https://www.trf4.jus.br/trf4/controlador.php?acao=consulta_processual_resultado_pesquisa&selForma=NU&txtValor=50304250520124047000&selOrigem=TRF&chkMostrarBaixados=1
50304657420184047000,5030465-74.2018.4.04.7000,417,Apelação Criminal,GAB. 83 (Des. Federal CARLOS EDUARDO THOMPSON FLORES LENZ),2021-01-21,2024-09-21T14:06:01.188Z,100,G2,https://www.trf4.jus.br/trf4/controlador.php?acao=consulta_processual_resultado_pesquisa&selForma=NU&txtValor=50304657420184047000&selOrigem=TRF&chkMostrarBaixados=1
50304720320174047000,5030472-03.2017.4.04.7000,417,Apelação Criminal,GAB. 82 (Des. Federal MARCELO MALUCELLI),2017-12-01,2025-06-15T01:10:35.092Z,62,G2,https://www.trf4.jus.br/trf4/controlador.php?acao=consulta_processual_resultado_pesquisa&selForma=NU&txtValor=50304720320174047000&selOrigem=TRF&chkMostrarBaixados=1
50304856520184047000,5030485-65.2018.4.04.7000,417,Apelação Criminal,GAB. 83 (Des. Federal CARLOS EDUARDO THOMPSON FLORES LENZ),2019-04-02,2024-09-23T04:20:03.321Z,39,G2,https://www.trf4.jus.br/trf4/controlador.php?acao=consulta_processual_resultado_pesquisa&selForma=NU&txtValor=50304856520184047000&selOrigem=TRF&chkMostrarBaixados=1
50305489520154047000,5030548-95.2015.4.04.7000,417,Apelação Criminal,GAB. 82 (Des. Federal MARCELO MALUCELLI),2016-11-23,2025-06-15T01:21:19.051Z,76,G2,https://www.trf4.jus.br/trf4/controlador.php?acao=consulta_processual_resultado_pesquisa&selForma=NU&txtValor=50305489520154047000&selOrigem=TRF&chkMostrarBaixados=1
50306404420134047000,5030640-44.2013.4.04.7000,417,Apelação Criminal,GAB. 83 (Des. Federal CARLOS EDUARDO THOMPSON FLORES LENZ),2016-04-12,2021-07-08T20:58:50.640000Z,40,G2,https://www.trf4.jus.br/trf4/controlador.php?acao=consulta_processual_resultado_pesquisa&selForma=NU&txtValor=50306404420134047000&selOrigem=TRF&chkMostrarBaixados=1
50306770820124047000,5030677-08.2012.4.04.7000,417,Apelação Criminal,GAB. 81 (Juiz Federal NIVALDO BRUNONI),2014-12-11,2021-07-23T23:55:24.335000Z,23,G2,https://www.trf4.jus.br/trf4/controlador.php?acao=consulta_processual_resultado_pesquisa&selForma=NU&txtValor=50306770820124047000&selOrigem=TRF&chkMostrarBaixados=1
50308111520244047000,5030811-15.2024.4.04.7000,417,Apelação Criminal,GAB 72 Des Federal ALEXANDRE GONCALVES LIPPEL,2026-01-19,2026-08-02T15:07:40.158000Z,22,G2,https://www.trf4.jus.br/trf4/controlador.php?acao=consulta_processual_resultado_pesquisa&selForma=NU&txtValor=50308111520244047000&selOrigem=TRF&chkMostrarBaixados=1
50308155220244047000,5030815-52.2024.4.04.7000,417,Apelação Criminal,GAB 72 Des Federal ALEXANDRE GONCALVES LIPPEL,2026-07-13,2026-08-02T23:31:44.247000Z,4,G2,https://www.trf4.jus.br/trf4/controlador.php?acao=consulta_processual_resultado_pesquisa&selForma=NU&txtValor=50308155220244047000&selOrigem=TRF&chkMostrarBaixados=1
50308323520174047000,5030832-35.2017.4.04.7000,417,Apelação Criminal,GAB. 72 (Des. Federal SALISE MONTEIRO SANCHOTENE),2019-06-19,2025-04-25T00:52:34.506Z,41,G2,https://www.trf4.jus.br/trf4/controlador.php?acao=consulta_processual_resultado_pesquisa&selForma=NU&txtValor=50308323520174047000&selOrigem=TRF&chkMostrarBaixados=1
50308838020164047000,5030883-80.2016.4.04.7000,421,Embargos Infringentes e de Nulidade,Vice-Presidência,2017-06-21,2025-06-03T19:30:22.018Z,236,G2,https://www.trf4.jus.br/trf4/controlador.php?acao=consulta_processual_resultado_pesquisa&selForma=NU&txtValor=50308838020164047000&selOrigem=TRF&chkMostrarBaixados=1
50310398720244047000,5031039-87.2024.4.04.7000,417,Apelação Criminal,GAB 71 Des Federal ANGELO ROBERTO ILHA DA SILVA,2026-03-16,2026-09-11T04:19:43.014000Z,16,G2,https://www.trf4.jus.br/trf4/controlador.php?acao=consulta_processual_resultado_pesquisa&selForma=NU&txtValor=50310398720244047000&selOrigem=TRF&chkMostrarBaixados=1
50313761820204047000,5031376-18.2020.4.04.7000,417,Apelação Criminal,GAB. 83 (Des. Federal CARLOS EDUARDO THOMPSON FLORES LENZ),2021-12-21,2024-09-23T19:40:05.532Z,21,G2,https://www.trf4.jus.br/trf4/controlador.php?acao=consulta_processual_resultado_pesquisa&selForma=NU&txtValor=50313761820204047000&selOrigem=TRF&chkMostrarBaixados=1
50315941720184047000,5031594-17.2018.4.04.7000,417,Apelação Criminal,GAB. 81 (Des. Federal LORACI FLORES DE LIMA),2021-08-18,2024-09-19T18:00:12.191Z,35,G2,https://www.trf4.jus.br/trf4/controlador.php?acao=consulta_processual_resultado_pesquisa&selForma=NU&txtValor=50315941720184047000&selOrigem=TRF&chkMostrarBaixados=1
50317198220184047000,5031719-82.2018.4.04.7000,417,Apelação Criminal,GAB. 82 (Des. Federal MARCELO MALUCELLI),2018-11-12,2025-06-14T23:30:43.700Z,22,G2,https://www.trf4.jus.br/trf4/controlador.php?acao=consulta_processual_resultado_pesquisa&selForma=NU&txtValor=50317198220184047000&selOrigem=TRF&chkMostrarBaixados=1
50317236620114047000,5031723-66.2011.4.04.7000,417,Apelação Criminal,GAB. 71 (Juiz Federal DANILO PEREIRA JÚNIOR),2014-07-07,2021-07-24T02:52:19.016000Z,38,G2,https://www.trf4.jus.br/trf4/controlador.php?acao=consulta_processual_resultado_pesquisa&selForma=NU&txtValor=50317236620114047000&selOrigem=TRF&chkMostrarBaixados=1
50318872620144047000,5031887-26.2014.4.04.7000,417,Apelação Criminal,GAB. 73 (Des. Federal LUIZ CARLOS CANALLI),2016-01-14,2025-06-15T08:20:32.891Z,23,G2,https://www.trf4.jus.br/trf4/controlador.php?acao=consulta_processual_resultado_pesquisa&selForma=NU&txtValor=50318872620144047000&selOrigem=TRF&chkMostrarBaixados=1
50318979420194047000,5031897-94.2019.4.04.7000,417,Apelação Criminal,GAB 83 Des Federal ANA PAULA DE BORTOLI,2024-03-18,2026-09-11T03:50:57.800000Z,20,G2,https://www.trf4.jus.br/trf4/controlador.php?acao=consulta_processual_resultado_pesquisa&selForma=NU&txtValor=50318979420194047000&selOrigem=TRF&chkMostrarBaixados=1
50319259620184047000,5031925-96.2018.4.04.7000,417,Apelação Criminal,GAB. 71 (Des. Federal ÂNGELO ROBERTO ILHA DA SILVA),2019-04-30,2025-08-02T15:53:10.058Z,24,G2,https://www.trf4.jus.br/trf4/controlador.php?acao=consulta_processual_resultado_pesquisa&selForma=NU&txtValor=50319259620184047000&selOrigem=TRF&chkMostrarBaixados=1
50319536420184047000,5031953-64.2018.4.04.7000,417,Apelação Criminal,GAB. 72 (Des. Federal SALISE MONTEIRO SANCHOTENE),2023-02-27,2025-01-12T15:30:21.980Z,50,G2,https://www.trf4.jus.br/trf4/controlador.php?acao=consulta_processual_resultado_pesquisa&selForma=NU&txtValor=50319536420184047000&selOrigem=TRF&chkMostrarBaixados=1
50321609220204047000,5032160-92.2020.4.04.7000,417,Apelação Criminal,GAB 83 Des Federal ANA PAULA DE BORTOLI,2026-07-27,2026-09-10T15:05:44.300000Z,16,G2,https://www.trf4.jus.br/trf4/controlador.php?acao=consulta_processual_resultado_pesquisa&selForma=NU&txtValor=50321609220204047000&selOrigem=TRF&chkMostrarBaixados=1
50322052320254047000,5032205-23.2025.4.04.7000,417,Apelação Criminal,GAB 81 Des Federal LORACI FLORES DE LIMA,2026-08-17,2026-09-12T12:25:22.937000Z,17,G2,https://www.trf4.jus.br/trf4/controlador.php?acao=consulta_processual_resultado_pesquisa&selForma=NU&txtValor=50322052320254047000&selOrigem=TRF&chkMostrarBaixados=1
50322129320174047000,5032212-93.2017.4.04.7000,421,Embargos Infringentes e de Nulidade,GAB. 72 (Des. Federal SALISE MONTEIRO SANCHOTENE),2019-04-08,2024-09-23T15:50:02.520Z,166,G2,https://www.trf4.jus.br/trf4/controlador.php?acao=consulta_processual_resultado_pesquisa&selForma=NU&txtValor=50322129320174047000&selOrigem=TRF&chkMostrarBaixados=1
50322146320174047000,5032214-63.2017.4.04.7000,417,Apelação Criminal,GAB. 83 (Des. Federal CARLOS EDUARDO THOMPSON FLORES LENZ),2020-12-01,2024-08-30T01:55:25.841Z,32,G2,https://www.trf4.jus.br/trf4/controlador.php?acao=consulta_processual_resultado_pesquisa&selForma=NU&txtValor=50322146320174047000&selOrigem=TRF&chkMostrarBaixados=1
50327867220244047000,5032786-72.2024.4.04.7000,417,Apelação Criminal,GAB 73 Des Federal LUIZ CARLOS CANALLI,2026-02-05,2026-08-02T13:53:17.533000Z,47,G2,https://www.trf4.jus.br/trf4/controlador.php?acao=consulta_processual_resultado_pesquisa&selForma=NU&txtValor=50327867220244047000&selOrigem=TRF&chkMostrarBaixados=1
50328290920244047000,5032829-09.2024.4.04.7000,426,Recurso em Sentido Estrito,GAB. 82 (Des. Federal MARCELO MALUCELLI),2025-07-01,2025-09-14T08:10:46.874Z,20,G2,https://www.trf4.jus.br/trf4/controlador.php?acao=consulta_processual_resultado_pesquisa&selForma=NU&txtValor=50328290920244047000&selOrigem=TRF&chkMostrarBaixados=1
50329218420244047000,5032921-84.2024.4.04.7000,417,Apelação Criminal,GAB 73 Des Federal LUIZ CARLOS CANALLI,2026-02-19,2026-08-02T06:26:09.299000Z,21,G2,https://www.trf4.jus.br/trf4/controlador.php?acao=consulta_processual_resultado_pesquisa&selForma=NU&txtValor=50329218420244047000&selOrigem=TRF&chkMostrarBaixados=1
50329490920114047000,5032949-09.2011.4.04.7000,417,Apelação Criminal,GAB. 73 (Des. Federal LUIZ CARLOS CANALLI),2016-11-16,2021-07-21T15:12:25.829000Z,24,G2,https://www.trf4.jus.br/trf4/controlador.php?acao=consulta_processual_resultado_pesquisa&selForma=NU&txtValor=50329490920114047000&selOrigem=TRF&chkMostrarBaixados=1
50330871920244047000,5033087-19.2024.4.04.7000,417,Apelação Criminal,GAB 81 Des Federal LORACI FLORES DE LIMA,2026-08-25,2026-09-13T10:02:50.344000Z,8,G2,https://www.trf4.jus.br/trf4/controlador.php?acao=consulta_processual_resultado_pesquisa&selForma=NU&txtValor=50330871920244047000&selOrigem=TRF&chkMostrarBaixados=1
50332986520184047000,5033298-65.2018.4.04.7000,417,Apelação Criminal,GAB. 73 (Des. Federal LUIZ CARLOS CANALLI),2020-09-14,2024-09-20T03:20:27.274Z,22,G2,https://www.trf4.jus.br/trf4/controlador.php?acao=consulta_processual_resultado_pesquisa&selForma=NU&txtValor=50332986520184047000&selOrigem=TRF&chkMostrarBaixados=1
50335436620244047000,5033543-66.2024.4.04.7000,417,Apelação Criminal,GAB 72 Des Federal ALEXANDRE GONCALVES LIPPEL,2026-08-26,2026-09-13T10:24:06.396000Z,9,G2,https://www.trf4.jus.br/trf4/controlador.php?acao=consulta_processual_resultado_pesquisa&selForma=NU&txtValor=50335436620244047000&selOrigem=TRF&chkMostrarBaixados=1
50337317420154047000,5033731-74.2015.4.04.7000,417,Apelação Criminal,GAB. 71 (Juiz Federal DANILO PEREIRA JÚNIOR),2016-07-01,2021-07-16T08:03:39.229000Z,54,G2,https://www.trf4.jus.br/trf4/controlador.php?acao=consulta_processual_resultado_pesquisa&selForma=NU&txtValor=50337317420154047000&selOrigem=TRF&chkMostrarBaixados=1
50338145620164047000,5033814-56.2016.4.04.7000,417,Apelação Criminal,GAB. 81 (Juiz Federal NIVALDO BRUNONI),2017-08-08,2021-07-12T14:57:02.821000Z,26,G2,https://www.trf4.jus.br/trf4/controlador.php?acao=consulta_processual_resultado_pesquisa&selForma=NU&txtValor=50338145620164047000&selOrigem=TRF&chkMostrarBaixados=1
50338315820174047000,5033831-58.2017.4.04.7000,417,Apelação Criminal,GAB. 83 (Des. Federal CARLOS EDUARDO THOMPSON FLORES LENZ),2018-08-24,2024-09-23T23:36:24.113Z,35,G2,https://www.trf4.jus.br/trf4/controlador.php?acao=consulta_processual_resultado_pesquisa&selForma=NU&txtValor=50338315820174047000&selOrigem=TRF&chkMostrarBaixados=1
50347508120164047000,5034750-81.2016.4.04.7000,417,Apelação Criminal,GAB. 73 (Des. Federal LUIZ CARLOS CANALLI),2017-06-12,2021-07-10T14:35:34.867000Z,20,G2,https://www.trf4.jus.br/trf4/controlador.php?acao=consulta_processual_resultado_pesquisa&selForma=NU&txtValor=50347508120164047000&selOrigem=TRF&chkMostrarBaixados=1
50347729520234047000,5034772-95.2023.4.04.7000,417,Apelação Criminal,GAB. 73 (Des. Federal LUIZ CARLOS CANALLI),2023-06-29,2025-10-15T11:54:31.407Z,67,G2,https://www.trf4.jus.br/trf4/controlador.php?acao=consulta_processual_resultado_pesquisa&selForma=NU&txtValor=50347729520234047000&selOrigem=TRF&chkMostrarBaixados=1
50350675020144047000,5035067-50.2014.4.04.7000,417,Apelação Criminal,GAB. 73 (Des. Federal LUIZ CARLOS CANALLI),2015-12-15,2021-07-13T19:10:20.049000Z,54,G2,https://www.trf4.jus.br/trf4/controlador.php?acao=consulta_processual_resultado_pesquisa&selForma=NU&txtValor=50350675020144047000&selOrigem=TRF&chkMostrarBaixados=1
50351983020114047000,5035198-30.2011.4.04.7000,417,Apelação Criminal,GAB. 81 (Juiz Federal NIVALDO BRUNONI),2013-08-06,2021-07-24T05:03:15.219000Z,25,G2,https://www.trf4.jus.br/trf4/controlador.php?acao=consulta_processual_resultado_pesquisa&selForma=NU&txtValor=50351983020114047000&selOrigem=TRF&chkMostrarBaixados=1
50352631520174047000,5035263-15.2017.4.04.7000,417,Apelação Criminal,GAB. 82 (Des. Federal MARCELO MALUCELLI),2020-09-03,2025-04-24T22:16:02.030Z,304,G2,https://www.trf4.jus.br/trf4/controlador.php?acao=consulta_processual_resultado_pesquisa&selForma=NU&txtValor=50352631520174047000&selOrigem=TRF&chkMostrarBaixados=1
50354939120164047000,5035493-91.2016.4.04.7000,417,Apelação Criminal,GAB. 72 (Des. Federal SALISE MONTEIRO SANCHOTENE),2018-04-11,2021-07-11T01:19:01.968000Z,20,G2,https://www.trf4.jus.br/trf4/controlador.php?acao=consulta_processual_resultado_pesquisa&selForma=NU&txtValor=50354939120164047000&selOrigem=TRF&chkMostrarBaixados=1
50354964620164047000,5035496-46.2016.4.04.7000,417,Apelação Criminal,GAB. 82 (Des. Federal MARCELO MALUCELLI),2018-11-19,2025-04-25T01:11:38.797Z,91,G2,https://www.trf4.jus.br/trf4/controlador.php?acao=consulta_processual_resultado_pesquisa&selForma=NU&txtValor=50354964620164047000&selOrigem=TRF&chkMostrarBaixados=1
50355437820204047000,5035543-78.2020.4.04.7000,417,Apelação Criminal,GAB. 83 (Des. Federal CARLOS EDUARDO THOMPSON FLORES LENZ),2021-07-05,2024-08-30T19:10:49.061Z,21,G2,https://www.trf4.jus.br/trf4/controlador.php?acao=consulta_processual_resultado_pesquisa&selForma=NU&txtValor=50355437820204047000&selOrigem=TRF&chkMostrarBaixados=1
50358543020244047000,5035854-30.2024.4.04.7000,417,Apelação Criminal,GAB 82 Des Federal MARCELO MALUCELLI,2026-04-13,2026-08-02T18:04:36.314000Z,25,G2,https://www.trf4.jus.br/trf4/controlador.php?acao=consulta_processual_resultado_pesquisa&selForma=NU&txtValor=50358543020244047000&selOrigem=TRF&chkMostrarBaixados=1
50359393620124047000,5035939-36.2012.4.04.7000,417,Apelação Criminal,GAB. 73 (Des. Federal LUIZ CARLOS CANALLI),2015-05-18,2021-07-21T04:29:01.155000Z,30,G2,https://www.trf4.jus.br/trf4/controlador.php?acao=consulta_processual_resultado_pesquisa&selForma=NU&txtValor=50359393620124047000&selOrigem=TRF&chkMostrarBaixados=1
50361072820184047000,5036107-28.2018.4.04.7000,417,Apelação Criminal,GAB. 82 (Des. Federal MARCELO MALUCELLI),2020-07-09,2024-09-21T14:22:12.456Z,42,G2,https://www.trf4.jus.br/trf4/controlador.php?acao=consulta_processual_resultado_pesquisa&selForma=NU&txtValor=50361072820184047000&selOrigem=TRF&chkMostrarBaixados=1
50362768320164047000,5036276-83.2016.4.04.7000,417,Apelação Criminal,GAB. 81 (Juiz Federal NIVALDO BRUNONI),2016-10-24,2021-07-13T18:58:17.434000Z,54,G2,https://www.trf4.jus.br/trf4/controlador.php?acao=consulta_processual_resultado_pesquisa&selForma=NU&txtValor=50362768320164047000&selOrigem=TRF&chkMostrarBaixados=1
50363692220114047000,5036369-22.2011.4.04.7000,427,Remessa Necessária Criminal,GAB. 71 (Des. Federal ÂNGELO ROBERTO ILHA DA SILVA),2021-05-11,2024-08-29T12:15:52.946Z,52,G2,https://www.trf4.jus.br/trf4/controlador.php?acao=consulta_processual_resultado_pesquisa&selForma=NU&txtValor=50363692220114047000&selOrigem=TRF&chkMostrarBaixados=1
50365187620154047000,5036518-76.2015.4.04.7000,417,Apelação Criminal,GAB. 82 (Des. Federal MARCELO MALUCELLI),2017-10-27,2025-04-24T19:16:34.111Z,190,G2,https://www.trf4.jus.br/trf4/controlador.php?acao=consulta_processual_resultado_pesquisa&selForma=NU&txtValor=50365187620154047000&selOrigem=TRF&chkMostrarBaixados=1
50365282320154047000,5036528-23.2015.4.04.7000,421,Embargos Infringentes e de Nulidade,GAB. 71 (Des. Federal ÂNGELO ROBERTO ILHA DA SILVA),2016-08-09,2025-06-03T19:30:18.307Z,415,G2,https://www.trf4.jus.br/trf4/controlador.php?acao=consulta_processual_resultado_pesquisa&selForma=NU&txtValor=50365282320154047000&selOrigem=TRF&chkMostrarBaixados=1
50365313620194047000,5036531-36.2019.4.04.7000,417,Apelação Criminal,GAB 83 Des Federal ANA PAULA DE BORTOLI,2025-01-28,2026-09-11T03:50:55.576000Z,45,G2,https://www.trf4.jus.br/trf4/controlador.php?acao=consulta_processual_resultado_pesquisa&selForma=NU&txtValor=50365313620194047000&selOrigem=TRF&chkMostrarBaixados=1
50366642020154047000,5036664-20.2015.4.04.7000,417,Apelação Criminal,GAB. 82 (Des. Federal MARCELO MALUCELLI),2016-03-09,2025-06-15T05:01:54.140Z,31,G2,https://www.trf4.jus.br/trf4/controlador.php?acao=consulta_processual_resultado_pesquisa&selForma=NU&txtValor=50366642020154047000&selOrigem=TRF&chkMostrarBaixados=1
50368088620184047000,5036808-86.2018.4.04.7000,417,Apelação Criminal,GAB. 82 (Des. Federal MARCELO MALUCELLI),2021-01-15,2025-04-24T21:57:49.481Z,67,G2,https://www.trf4.jus.br/trf4/controlador.php?acao=consulta_processual_resultado_pesquisa&selForma=NU&txtValor=50368088620184047000&selOrigem=TRF&chkMostrarBaixados=1
50368378320114047000,5036837-83.2011.4.04.7000,417,Apelação Criminal,GAB. 71 (Juiz Federal DANILO PEREIRA JÚNIOR),2014-04-10,2021-07-23T23:07:31.009000Z,68,G2,https://www.trf4.jus.br/trf4/controlador.php?acao=consulta_processual_resultado_pesquisa&selForma=NU&txtValor=50368378320114047000&selOrigem=TRF&chkMostrarBaixados=1
50370938420154047000,5037093-84.2015.4.04.7000,417,Apelação Criminal,GAB. 82 (Des. Federal MARCELO MALUCELLI),2019-02-05,2025-04-24T22:15:38.527Z,158,G2,https://www.trf4.jus.br/trf4/controlador.php?acao=consulta_processual_resultado_pesquisa&selForma=NU&txtValor=50370938420154047000&selOrigem=TRF&chkMostrarBaixados=1
50371028020144047000,5037102-80.2014.4.04.7000,421,Embargos Infringentes e de Nulidade,GAB. 81 (Des. Federal LORACI FLORES DE LIMA),2014-09-30,2025-06-14T14:30:40.557Z,195,G2,https://www.trf4.jus.br/trf4/controlador.php?acao=consulta_processual_resultado_pesquisa&selForma=NU&txtValor=50371028020144047000&selOrigem=TRF&chkMostrarBaixados=1
50371227120144047000,5037122-71.2014.4.04.7000,421,Embargos Infringentes e de Nulidade,GAB. 81 (Des. Federal LORACI FLORES DE LIMA),2014-11-14,2025-06-14T18:21:19.774Z,161,G2,https://www.trf4.jus.br/trf4/controlador.php?acao=consulta_processual_resultado_pesquisa&selForma=NU&txtValor=50371227120144047000&selOrigem=TRF&chkMostrarBaixados=1
50371382520144047000,5037138-25.2014.4.04.7000,417,Apelação Criminal,GAB. 71 (Des. Federal ÂNGELO ROBERTO ILHA DA SILVA),2014-10-09,2025-04-24T22:23:46.852Z,153,G2,https://www.trf4.jus.br/trf4/controlador.php?acao=consulta_processual_resultado_pesquisa&selForma=NU&txtValor=50371382520144047000&selOrigem=TRF&chkMostrarBaixados=1
50371520920144047000,5037152-09.2014.4.04.7000,417,Apelação Criminal,GAB. 71 (Des. Federal ÂNGELO ROBERTO ILHA DA SILVA),2014-10-01,2025-04-25T01:07:21.221Z,207,G2,https://www.trf4.jus.br/trf4/controlador.php?acao=consulta_processual_resultado_pesquisa&selForma=NU&txtValor=50371520920144047000&selOrigem=TRF&chkMostrarBaixados=1
50371829220244047000,5037182-92.2024.4.04.7000,417,Apelação Criminal,GAB 82 Des Federal MARCELO MALUCELLI,2026-06-02,2026-09-12T15:14:41.930000Z,42,G2,https://www.trf4.jus.br/trf4/controlador.php?acao=consulta_processual_resultado_pesquisa&selForma=NU&txtValor=50371829220244047000&selOrigem=TRF&chkMostrarBaixados=1
50372742220144047000,5037274-22.2014.4.04.7000,421,Embargos Infringentes e de Nulidade,GAB. 81 (Des. Federal LORACI FLORES DE LIMA),2014-10-01,2024-09-22T08:30:39.574Z,134,G2,https://www.trf4.jus.br/trf4/controlador.php?acao=consulta_processual_resultado_pesquisa&selForma=NU&txtValor=50372742220144047000&selOrigem=TRF&chkMostrarBaixados=1
50372846620144047000,5037284-66.2014.4.04.7000,417,Apelação Criminal,GAB. 71 (Des. Federal ÂNGELO ROBERTO ILHA DA SILVA),2014-10-01,2025-04-25T01:08:45.673Z,184,G2,https://www.trf4.jus.br/trf4/controlador.php?acao=consulta_processual_resultado_pesquisa&selForma=NU&txtValor=50372846620144047000&selOrigem=TRF&chkMostrarBaixados=1
50372959520144047000,5037295-95.2014.4.04.7000,421,Embargos Infringentes e de Nulidade,GAB. 81 (Des. Federal LORACI FLORES DE LIMA),2014-11-17,2024-09-21T16:33:52.355Z,209,G2,https://www.trf4.jus.br/trf4/controlador.php?acao=consulta_processual_resultado_pesquisa&selForma=NU&txtValor=50372959520144047000&selOrigem=TRF&chkMostrarBaixados=1
50373054220144047000,5037305-42.2014.4.04.7000,421,Embargos Infringentes e de Nulidade,GAB. 81 (Des. Federal LORACI FLORES DE LIMA),2015-01-30,2024-09-23T09:00:07.120Z,272,G2,https://www.trf4.jus.br/trf4/controlador.php?acao=consulta_processual_resultado_pesquisa&selForma=NU&txtValor=50373054220144047000&selOrigem=TRF&chkMostrarBaixados=1
50373140420144047000,5037314-04.2014.4.04.7000,417,Apelação Criminal,GAB. 71 (Des. Federal ÂNGELO ROBERTO ILHA DA SILVA),2014-12-02,2025-04-25T00:41:22.192Z,150,G2,https://www.trf4.jus.br/trf4/controlador.php?acao=consulta_processual_resultado_pesquisa&selForma=NU&txtValor=50373140420144047000&selOrigem=TRF&chkMostrarBaixados=1
50373175620144047000,5037317-56.2014.4.04.7000,421,Embargos Infringentes e de Nulidade,GAB. 81 (Des. Federal LORACI FLORES DE LIMA),2014-11-14,2025-06-14T13:25:26.445Z,163,G2,https://www.trf4.jus.br/trf4/controlador.php?acao=consulta_processual_resultado_pesquisa&selForma=NU&txtValor=50373175620144047000&selOrigem=TRF&chkMostrarBaixados=1
50373590820144047000,5037359-08.2014.4.04.7000,417,Apelação Criminal,GAB. 71 (Des. Federal ÂNGELO ROBERTO ILHA DA SILVA),2015-02-25,2025-04-16T18:52:01.822Z,153,G2,https://www.trf4.jus.br/trf4/controlador.php?acao=consulta_processual_resultado_pesquisa&selForma=NU&txtValor=50373590820144047000&selOrigem=TRF&chkMostrarBaixados=1
50373678220144047000,5037367-82.2014.4.04.7000,417,Apelação Criminal,GAB. 71 (Des. Federal ÂNGELO ROBERTO ILHA DA SILVA),2014-10-01,2025-04-24T22:00:37.166Z,149,G2,https://www.trf4.jus.br/trf4/controlador.php?acao=consulta_processual_resultado_pesquisa&selForma=NU&txtValor=50373678220144047000&selOrigem=TRF&chkMostrarBaixados=1
50373747420144047000,5037374-74.2014.4.04.7000,421,Embargos Infringentes e de Nulidade,GAB. 81 (Des. Federal LORACI FLORES DE LIMA),2014-10-15,2024-09-22T23:50:10.830Z,160,G2,https://www.trf4.jus.br/trf4/controlador.php?acao=consulta_processual_resultado_pesquisa&selForma=NU&txtValor=50373747420144047000&selOrigem=TRF&chkMostrarBaixados=1
50373808120144047000,5037380-81.2014.4.04.7000,421,Embargos Infringentes e de Nulidade,GAB. 81 (Des. Federal LORACI FLORES DE LIMA),2014-10-01,2025-06-14T20:37:57.821Z,149,G2,https://www.trf4.jus.br/trf4/controlador.php?acao=consulta_processual_resultado_pesquisa&selForma=NU&txtValor=50373808120144047000&selOrigem=TRF&chkMostrarBaixados=1
50373825120144047000,5037382-51.2014.4.04.7000,421,Embargos Infringentes e de Nulidade,GAB. 81 (Des. Federal LORACI FLORES DE LIMA),2014-10-21,2025-06-15T00:51:05.358Z,150,G2,https://www.trf4.jus.br/trf4/controlador.php?acao=consulta_processual_resultado_pesquisa&selForma=NU&txtValor=50373825120144047000&selOrigem=TRF&chkMostrarBaixados=1
50373850620144047000,5037385-06.2014.4.04.7000,417,Apelação Criminal,GAB. 71 (Des. Federal ÂNGELO ROBERTO ILHA DA SILVA),2014-10-15,2025-04-24T21:57:33.017Z,48,G2,https://www.trf4.jus.br/trf4/controlador.php?acao=consulta_processual_resultado_pesquisa&selForma=NU&txtValor=50373850620144047000&selOrigem=TRF&chkMostrarBaixados=1
50374105320134047000,5037410-53.2013.4.04.7000,417,Apelação Criminal,VicePresidencia,2017-11-10,2026-09-11T07:42:50.399000Z,528,G2,https://www.trf4.jus.br/trf4/controlador.php?acao=consulta_processual_resultado_pesquisa&selForma=NU&txtValor=50374105320134047000&selOrigem=TRF&chkMostrarBaixados=1
50374771820134047000,5037477-18.2013.4.04.7000,417,Apelação Criminal,GAB. 72 (Des. Federal SALISE MONTEIRO SANCHOTENE),2014-12-01,2021-07-24T02:38:27.879000Z,47,G2,https://www.trf4.jus.br/trf4/controlador.php?acao=consulta_processual_resultado_pesquisa&selForma=NU&txtValor=50374771820134047000&selOrigem=TRF&chkMostrarBaixados=1
50375219520174047000,5037521-95.2017.4.04.7000,417,Apelação Criminal,GAB. 72 (Des. Federal ALEXANDRE GONÇALVES LIPPEL),2018-07-31,2025-11-15T01:25:16.159Z,58,G2,https://www.trf4.jus.br/trf4/controlador.php?acao=consulta_processual_resultado_pesquisa&selForma=NU&txtValor=50375219520174047000&selOrigem=TRF&chkMostrarBaixados=1
50376605720114047000,5037660-57.2011.4.04.7000,417,Apelação Criminal,GAB. 73 (Des. Federal LUIZ CARLOS CANALLI),2014-01-31,2021-07-13T21:02:05.077000Z,43,G2,https://www.trf4.jus.br/trf4/controlador.php?acao=consulta_processual_resultado_pesquisa&selForma=NU&txtValor=50376605720114047000&selOrigem=TRF&chkMostrarBaixados=1
50378001820164047000,5037800-18.2016.4.04.7000,417,Apelação Criminal,GAB. 82 (Des. Federal MARCELO MALUCELLI),2018-08-20,2025-04-24T21:58:09.501Z,342,G2,https://www.trf4.jus.br/trf4/controlador.php?acao=consulta_processual_resultado_pesquisa&selForma=NU&txtValor=50378001820164047000&selOrigem=TRF&chkMostrarBaixados=1
50380687720134047000,5038068-77.2013.4.04.7000,417,Apelação Criminal,GAB. 71 (Juiz Federal DANILO PEREIRA JÚNIOR),2015-09-22,2021-07-23T23:09:09.655000Z,40,G2,https://www.trf4.jus.br/trf4/controlador.php?acao=consulta_processual_resultado_pesquisa&selForma=NU&txtValor=50380687720134047000&selOrigem=TRF&chkMostrarBaixados=1
50382640820174047000,5038264-08.2017.4.04.7000,417,Apelação Criminal,GAB. 83 (Des. Federal CARLOS EDUARDO THOMPSON FLORES LENZ),2018-06-04,2024-08-15T07:37:53.108Z,27,G2,https://www.trf4.jus.br/trf4/controlador.php?acao=consulta_processual_resultado_pesquisa&selForma=NU&txtValor=50382640820174047000&selOrigem=TRF&chkMostrarBaixados=1
50382887520134047000,5038288-75.2013.4.04.7000,417,Apelação Criminal,GAB. 82 (Des. Federal JOÃO PEDRO GEBRAN NETO),2014-10-28,2021-07-24T04:55:15.814000Z,54,G2,https://www.trf4.jus.br/trf4/controlador.php?acao=consulta_processual_resultado_pesquisa&selForma=NU&txtValor=50382887520134047000&selOrigem=TRF&chkMostrarBaixados=1
50387266220174047000,5038726-62.2017.4.04.7000,417,Apelação Criminal,GAB. 72 (Des. Federal SALISE MONTEIRO SANCHOTENE),2018-08-29,2024-08-30T18:44:04.015Z,21,G2,https://www.trf4.jus.br/trf4/controlador.php?acao=consulta_processual_resultado_pesquisa&selForma=NU&txtValor=50387266220174047000&selOrigem=TRF&chkMostrarBaixados=1
50394755020154047000,5039475-50.2015.4.04.7000,421,Embargos Infringentes e de Nulidade,GAB. 71 (Des. Federal ÂNGELO ROBERTO ILHA DA SILVA),2016-05-23,2024-10-02T05:53:14.531Z,224,G2,https://www.trf4.jus.br/trf4/controlador.php?acao=consulta_processual_resultado_pesquisa&selForma=NU&txtValor=50394755020154047000&selOrigem=TRF&chkMostrarBaixados=1
50395801220244047000,5039580-12.2024.4.04.7000,417,Apelação Criminal,GAB. 83 (Des. Federal ANA PAULA DE BORTOLI),2025-08-07,2025-09-14T16:50:57.139Z,13,G2,https://www.trf4.jus.br/trf4/controlador.php?acao=consulta_processual_resultado_pesquisa&selForma=NU&txtValor=50395801220244047000&selOrigem=TRF&chkMostrarBaixados=1
50396363120134047000,5039636-31.2013.4.04.7000,417,Apelação Criminal,GAB. 72 (Des. Federal SALISE MONTEIRO SANCHOTENE),2017-07-25,2021-07-12T14:56:18.356000Z,21,G2,https://www.trf4.jus.br/trf4/controlador.php?acao=consulta_processual_resultado_pesquisa&selForma=NU&txtValor=50396363120134047000&selOrigem=TRF&chkMostrarBaixados=1
50398458720194047000,5039845-87.2019.4.04.7000,417,Apelação Criminal,GAB 83 Des Federal ANA PAULA DE BORTOLI,2025-04-03,2026-09-11T03:50:49.782000Z,20,G2,https://www.trf4.jus.br/trf4/controlador.php?acao=consulta_processual_resultado_pesquisa&selForma=NU&txtValor=50398458720194047000&selOrigem=TRF&chkMostrarBaixados=1
50400182420134047000,5040018-24.2013.4.04.7000,417,Apelação Criminal,GAB. 81 (Juiz Federal NIVALDO BRUNONI),2015-02-19,2021-07-23T13:43:34.169000Z,24,G2,https://www.trf4.jus.br/trf4/controlador.php?acao=consulta_processual_resultado_pesquisa&selForma=NU&txtValor=50400182420134047000&selOrigem=TRF&chkMostrarBaixados=1
50401062320174047000,5040106-23.2017.4.04.7000,421,Embargos Infringentes e de Nulidade,GAB 83 Des Federal ANA PAULA DE BORTOLI,2019-10-25,2026-09-13T10:27:26.553000Z,184,G2,https://www.trf4.jus.br/trf4/controlador.php?acao=consulta_processual_resultado_pesquisa&selForma=NU&txtValor=50401062320174047000&selOrigem=TRF&chkMostrarBaixados=1
50401114520174047000,5040111-45.2017.4.04.7000,417,Apelação Criminal,GAB. 73 (Des. Federal LUIZ CARLOS CANALLI),2019-07-01,2024-09-23T16:10:06.553Z,125,G2,https://www.trf4.jus.br/trf4/controlador.php?acao=consulta_processual_resultado_pesquisa&selForma=NU&txtValor=50401114520174047000&selOrigem=TRF&chkMostrarBaixados=1
50401175220174047000,5040117-52.2017.4.04.7000,421,Embargos Infringentes e de Nulidade,VicePresidencia,2020-02-06,2026-09-11T22:10:39.278000Z,262,G2,https://www.trf4.jus.br/trf4/controlador.php?acao=consulta_processual_resultado_pesquisa&selForma=NU&txtValor=50401175220174047000&selOrigem=TRF&chkMostrarBaixados=1
50404531220244047000,5040453-12.2024.4.04.7000,417,Apelação Criminal,GAB. 82 (Des. Federal MARCELO MALUCELLI),2025-06-24,2025-10-19T08:08:07.542Z,22,G2,https://www.trf4.jus.br/trf4/controlador.php?acao=consulta_processual_resultado_pesquisa&selForma=NU&txtValor=50404531220244047000&selOrigem=TRF&chkMostrarBaixados=1
50407528620244047000,5040752-86.2024.4.04.7000,417,Apelação Criminal,GAB 73 Des Federal LUIZ CARLOS CANALLI,2026-08-05,2026-09-11T04:28:13.600000Z,13,G2,https://www.trf4.jus.br/trf4/controlador.php?acao=consulta_processual_resultado_pesquisa&selForma=NU&txtValor=50407528620244047000&selOrigem=TRF&chkMostrarBaixados=1
50412206020184047000,5041220-60.2018.4.04.7000,417,Apelação Criminal,GAB. 71 (Des. Federal ÂNGELO ROBERTO ILHA DA SILVA),2024-01-16,2025-04-04T20:38:46.759Z,36,G2,https://www.trf4.jus.br/trf4/controlador.php?acao=consulta_processual_resultado_pesquisa&selForma=NU&txtValor=50412206020184047000&selOrigem=TRF&chkMostrarBaixados=1
50414611020134047000,5041461-10.2013.4.04.7000,417,Apelação Criminal,GAB. 73 (Des. Federal LUIZ CARLOS CANALLI),2014-02-06,2021-07-23T13:41:52.107000Z,55,G2,https://www.trf4.jus.br/trf4/controlador.php?acao=consulta_processual_resultado_pesquisa&selForma=NU&txtValor=50414611020134047000&selOrigem=TRF&chkMostrarBaixados=1
50418257920134047000,5041825-79.2013.4.04.7000,417,Apelação Criminal,GAB. 83 (Des. Federal CARLOS EDUARDO THOMPSON FLORES LENZ),2016-06-21,2024-11-02T09:40:02.427Z,133,G2,https://www.trf4.jus.br/trf4/controlador.php?acao=consulta_processual_resultado_pesquisa&selForma=NU&txtValor=50418257920134047000&selOrigem=TRF&chkMostrarBaixados=1
50418608720234047000,5041860-87.2023.4.04.7000,417,Apelação Criminal,GAB. 73 (Des. Federal LUIZ CARLOS CANALLI),2024-04-22,2024-10-01T14:30:33.759Z,38,G2,https://www.trf4.jus.br/trf4/controlador.php?acao=consulta_processual_resultado_pesquisa&selForma=NU&txtValor=50418608720234047000&selOrigem=TRF&chkMostrarBaixados=1
50419087520254047000,5041908-75.2025.4.04.7000,417,Apelação Criminal,GAB. 71 (Des. Federal ÂNGELO ROBERTO ILHA DA SILVA),2025-11-19,2026-05-08T05:31:46.867000Z,46,G2,https://www.trf4.jus.br/trf4/controlador.php?acao=consulta_processual_resultado_pesquisa&selForma=NU&txtValor=50419087520254047000&selOrigem=TRF&chkMostrarBaixados=1
50423829020184047000,5042382-90.2018.4.04.7000,417,Apelação Criminal,GAB. 73 (Des. Federal LUIZ CARLOS CANALLI),2019-04-12,2021-07-09T03:09:35.935000Z,18,G2,https://www.trf4.jus.br/trf4/controlador.php?acao=consulta_processual_resultado_pesquisa&selForma=NU&txtValor=50423829020184047000&selOrigem=TRF&chkMostrarBaixados=1
50428833420244047000,5042883-34.2024.4.04.7000,417,Apelação Criminal,GAB. 82 (Des. Federal MARCELO MALUCELLI),2025-04-15,2025-08-01T20:21:48.075Z,25,G2,https://www.trf4.jus.br/trf4/controlador.php?acao=consulta_processual_resultado_pesquisa&selForma=NU&txtValor=50428833420244047000&selOrigem=TRF&chkMostrarBaixados=1
50431306420144047000,5043130-64.2014.4.04.7000,417,Apelação Criminal,GAB. 82 (Des. Federal MARCELO MALUCELLI),2020-07-02,2024-09-21T16:25:55.520Z,73,G2,https://www.trf4.jus.br/trf4/controlador.php?acao=consulta_processual_resultado_pesquisa&selForma=NU&txtValor=50431306420144047000&selOrigem=TRF&chkMostrarBaixados=1
50431421520134047000,5043142-15.2013.4.04.7000,417,Apelação Criminal,GAB. 72 (Des. Federal SALISE MONTEIRO SANCHOTENE),2016-09-13,2021-07-24T02:51:54.176000Z,20,G2,https://www.trf4.jus.br/trf4/controlador.php?acao=consulta_processual_resultado_pesquisa&selForma=NU&txtValor=50431421520134047000&selOrigem=TRF&chkMostrarBaixados=1
50436996520144047000,5043699-65.2014.4.04.7000,417,Apelação Criminal,GAB. 73 (Des. Federal LUIZ CARLOS CANALLI),2015-07-17,2024-09-21T17:30:10.566Z,442,G2,https://www.trf4.jus.br/trf4/controlador.php?acao=consulta_processual_resultado_pesquisa&selForma=NU&txtValor=50436996520144047000&selOrigem=TRF&chkMostrarBaixados=1
50439998520184047000,5043999-85.2018.4.04.7000,417,Apelação Criminal,GAB. 71 (Des. Federal ÂNGELO ROBERTO ILHA DA SILVA),2019-09-23,2025-06-14T12:17:20.749Z,25,G2,https://www.trf4.jus.br/trf4/controlador.php?acao=consulta_processual_resultado_pesquisa&selForma=NU&txtValor=50439998520184047000&selOrigem=TRF&chkMostrarBaixados=1
50443037420244047000,5044303-74.2024.4.04.7000,417,Apelação Criminal,GAB 73 Des Federal LUIZ CARLOS CANALLI,2026-05-07,2026-09-12T10:47:01.489000Z,23,G2,https://www.trf4.jus.br/trf4/controlador.php?acao=consulta_processual_resultado_pesquisa&selForma=NU&txtValor=50443037420244047000&selOrigem=TRF&chkMostrarBaixados=1
50445279520134047000,5044527-95.2013.4.04.7000,417,Apelação Criminal,GAB. 82 (Des. Federal JOÃO PEDRO GEBRAN NETO),2015-01-21,2021-07-23T13:47:12.098000Z,33,G2,https://www.trf4.jus.br/trf4/controlador.php?acao=consulta_processual_resultado_pesquisa&selForma=NU&txtValor=50445279520134047000&selOrigem=TRF&chkMostrarBaixados=1
50447672120124047000,5044767-21.2012.4.04.7000,417,Apelação Criminal,GAB. 82 (Des. Federal MARCELO MALUCELLI),2017-06-29,2025-06-14T12:32:50.766Z,37,G2,https://www.trf4.jus.br/trf4/controlador.php?acao=consulta_processual_resultado_pesquisa&selForma=NU&txtValor=50447672120124047000&selOrigem=TRF&chkMostrarBaixados=1
50449262220164047000,5044926-22.2016.4.04.7000,417,Apelação Criminal,GAB. 71 (Juiz Federal DANILO PEREIRA JÚNIOR),2017-06-26,2021-07-10T06:45:38.614000Z,21,G2,https://www.trf4.jus.br/trf4/controlador.php?acao=consulta_processual_resultado_pesquisa&selForma=NU&txtValor=50449262220164047000&selOrigem=TRF&chkMostrarBaixados=1
50450232220164047000,5045023-22.2016.4.04.7000,417,Apelação Criminal,GAB. 82 (Des. Federal MARCELO MALUCELLI),2019-05-10,2025-08-02T01:10:04.051Z,124,G2,https://www.trf4.jus.br/trf4/controlador.php?acao=consulta_processual_resultado_pesquisa&selForma=NU&txtValor=50450232220164047000&selOrigem=TRF&chkMostrarBaixados=1
50450244120154047000,5045024-41.2015.4.04.7000,417,Apelação Criminal,GAB. 81 (Des. Federal LORACI FLORES DE LIMA),2017-06-20,2025-06-14T13:20:58.306Z,42,G2,https://www.trf4.jus.br/trf4/controlador.php?acao=consulta_processual_resultado_pesquisa&selForma=NU&txtValor=50450244120154047000&selOrigem=TRF&chkMostrarBaixados=1
50450630920134047000,5045063-09.2013.4.04.7000,417,Apelação Criminal,GAB. 73 (Des. Federal LUIZ CARLOS CANALLI),2016-02-16,2021-07-21T11:18:08.751000Z,23,G2,https://www.trf4.jus.br/trf4/controlador.php?acao=consulta_processual_resultado_pesquisa&selForma=NU&txtValor=50450630920134047000&selOrigem=TRF&chkMostrarBaixados=1
50450747220124047000,5045074-72.2012.4.04.7000,417,Apelação Criminal,GAB. 81 (Des. Federal LORACI FLORES DE LIMA),2014-11-12,2025-04-24T19:23:19.391Z,56,G2,https://www.trf4.jus.br/trf4/controlador.php?acao=consulta_processual_resultado_pesquisa&selForma=NU&txtValor=50450747220124047000&selOrigem=TRF&chkMostrarBaixados=1
50452418420154047000,5045241-84.2015.4.04.7000,421,Embargos Infringentes e de Nulidade,GAB. 71 (Des. Federal ÂNGELO ROBERTO ILHA DA SILVA),2016-08-29,2025-01-13T07:00:11.618Z,468,G2,https://www.trf4.jus.br/trf4/controlador.php?acao=consulta_processual_resultado_pesquisa&selForma=NU&txtValor=50452418420154047000&selOrigem=TRF&chkMostrarBaixados=1
50454172920164047000,5045417-29.2016.4.04.7000,417,Apelação Criminal,GAB. 83 (Des. Federal CARLOS EDUARDO THOMPSON FLORES LENZ),2019-09-04,2024-09-22T06:50:16.275Z,75,G2,https://www.trf4.jus.br/trf4/controlador.php?acao=consulta_processual_resultado_pesquisa&selForma=NU&txtValor=50454172920164047000&selOrigem=TRF&chkMostrarBaixados=1
50455146320154047000,5045514-63.2015.4.04.7000,417,Apelação Criminal,GAB. 82 (Des. Federal JOÃO PEDRO GEBRAN NETO),2016-09-26,2021-07-21T09:07:34.201000Z,20,G2,https://www.trf4.jus.br/trf4/controlador.php?acao=consulta_processual_resultado_pesquisa&selForma=NU&txtValor=50455146320154047000&selOrigem=TRF&chkMostrarBaixados=1
50455293220154047000,5045529-32.2015.4.04.7000,417,Apelação Criminal,GAB. 83 (Des. Federal CARLOS EDUARDO THOMPSON FLORES LENZ),2023-11-08,2025-04-24T19:13:24.944Z,67,G2,https://www.trf4.jus.br/trf4/controlador.php?acao=consulta_processual_resultado_pesquisa&selForma=NU&txtValor=50455293220154047000&selOrigem=TRF&chkMostrarBaixados=1
50455576320164047000,5045557-63.2016.4.04.7000,417,Apelação Criminal,GAB. 71 (Des. Federal ÂNGELO ROBERTO ILHA DA SILVA),2019-08-05,2025-04-24T23:39:23.538Z,28,G2,https://www.trf4.jus.br/trf4/controlador.php?acao=consulta_processual_resultado_pesquisa&selForma=NU&txtValor=50455576320164047000&selOrigem=TRF&chkMostrarBaixados=1
50459718520214047000,5045971-85.2021.4.04.7000,417,Apelação Criminal,GAB. 71 (Des. Federal ÂNGELO ROBERTO ILHA DA SILVA),2022-09-20,2024-08-13T12:40:33.523Z,29,G2,https://www.trf4.jus.br/trf4/controlador.php?acao=consulta_processual_resultado_pesquisa&selForma=NU&txtValor=50459718520214047000&selOrigem=TRF&chkMostrarBaixados=1
50459784320224047000,5045978-43.2022.4.04.7000,417,Apelação Criminal,GAB. 71 (Des. Federal ÂNGELO ROBERTO ILHA DA SILVA),2022-10-03,2024-08-12T14:05:46.233000Z,38,G2,https://www.trf4.jus.br/trf4/controlador.php?acao=consulta_processual_resultado_pesquisa&selForma=NU&txtValor=50459784320224047000&selOrigem=TRF&chkMostrarBaixados=1
50463289420234047000,5046328-94.2023.4.04.7000,417,Apelação Criminal,GAB. 83 (Des. Federal ANA PAULA DE BORTOLI),2024-03-08,2025-12-14T06:20:27.828Z,36,G2,https://www.trf4.jus.br/trf4/controlador.php?acao=consulta_processual_resultado_pesquisa&selForma=NU&txtValor=50463289420234047000&selOrigem=TRF&chkMostrarBaixados=1
50464045020254047000,5046404-50.2025.4.04.7000,417,Apelação Criminal,GAB 72 Des Federal ALEXANDRE GONCALVES LIPPEL,2026-08-20,2026-09-12T16:27:59.031000Z,4,G2,https://www.trf4.jus.br/trf4/controlador.php?acao=consulta_processual_resultado_pesquisa&selForma=NU&txtValor=50464045020254047000&selOrigem=TRF&chkMostrarBaixados=1
50464207720204047000,5046420-77.2020.4.04.7000,417,Apelação Criminal,GAB. 81 (Des. Federal LORACI FLORES DE LIMA),2024-07-30,2026-01-14T16:50:13.697000Z,38,G2,https://www.trf4.jus.br/trf4/controlador.php?acao=consulta_processual_resultado_pesquisa&selForma=NU&txtValor=50464207720204047000&selOrigem=TRF&chkMostrarBaixados=1
50465129420164047000,5046512-94.2016.4.04.7000,417,Apelação Criminal,GAB. 82 (Des. Federal MARCELO MALUCELLI),2017-08-23,2025-06-03T19:20:09.366Z,398,G2,https://www.trf4.jus.br/trf4/controlador.php?acao=consulta_processual_resultado_pesquisa&selForma=NU&txtValor=50465129420164047000&selOrigem=TRF&chkMostrarBaixados=1
50466852620134047000,5046685-26.2013.4.04.7000,417,Apelação Criminal,GAB. 82 (Des. Federal JOÃO PEDRO GEBRAN NETO),2016-09-29,2021-07-24T02:27:55.263000Z,34,G2,https://www.trf4.jus.br/trf4/controlador.php?acao=consulta_processual_resultado_pesquisa&selForma=NU&txtValor=50466852620134047000&selOrigem=TRF&chkMostrarBaixados=1
50468854720244047000,5046885-47.2024.4.04.7000,417,Apelação Criminal,GAB 71 Des Federal ANGELO ROBERTO ILHA DA SILVA,2026-06-09,2026-09-11T14:28:52.568000Z,19,G2,https://www.trf4.jus.br/trf4/controlador.php?acao=consulta_processual_resultado_pesquisa&selForma=NU&txtValor=50468854720244047000&selOrigem=TRF&chkMostrarBaixados=1
50470383220144047000,5047038-32.2014.4.04.7000,417,Apelação Criminal,GAB. 82 (Des. Federal JOÃO PEDRO GEBRAN NETO),2015-08-14,2021-07-23T22:38:36.039000Z,60,G2,https://www.trf4.jus.br/trf4/controlador.php?acao=consulta_processual_resultado_pesquisa&selForma=NU&txtValor=50470383220144047000&selOrigem=TRF&chkMostrarBaixados=1
50472297720144047000,5047229-77.2014.4.04.7000,421,Embargos Infringentes e de Nulidade,GAB. 71 (Juiz Federal DANILO PEREIRA JÚNIOR),2015-07-29,2022-06-05T06:27:35.479000Z,220,G2,https://www.trf4.jus.br/trf4/controlador.php?acao=consulta_processual_resultado_pesquisa&selForma=NU&txtValor=50472297720144047000&selOrigem=TRF&chkMostrarBaixados=1
50473113520194047000,5047311-35.2019.4.04.7000,417,Apelação Criminal,GAB. 71 (Des. Federal ÂNGELO ROBERTO ILHA DA SILVA),2022-05-03,2024-08-13T05:30:20.039000Z,42,G2,https://www.trf4.jus.br/trf4/controlador.php?acao=consulta_processual_resultado_pesquisa&selForma=NU&txtValor=50473113520194047000&selOrigem=TRF&chkMostrarBaixados=1
50473451020194047000,5047345-10.2019.4.04.7000,417,Apelação Criminal,GAB 83 Des Federal ANA PAULA DE BORTOLI,2024-06-12,2026-09-10T03:41:56.071000Z,50,G2,https://www.trf4.jus.br/trf4/controlador.php?acao=consulta_processual_resultado_pesquisa&selForma=NU&txtValor=50473451020194047000&selOrigem=TRF&chkMostrarBaixados=1
50475715420154047000,5047571-54.2015.4.04.7000,417,Apelação Criminal,GAB. 73 (Des. Federal LUIZ CARLOS CANALLI),2015-09-24,2025-04-24T19:15:56.153Z,30,G2,https://www.trf4.jus.br/trf4/controlador.php?acao=consulta_processual_resultado_pesquisa&selForma=NU&txtValor=50475715420154047000&selOrigem=TRF&chkMostrarBaixados=1
50476109020114047000,5047610-90.2011.4.04.7000,417,Apelação Criminal,GAB. 73 (Des. Federal LUIZ CARLOS CANALLI),2014-02-14,2021-07-23T10:20:59.077000Z,59,G2,https://www.trf4.jus.br/trf4/controlador.php?acao=consulta_processual_resultado_pesquisa&selForma=NU&txtValor=50476109020114047000&selOrigem=TRF&chkMostrarBaixados=1
50478707020114047000,5047870-70.2011.4.04.7000,417,Apelação Criminal,GAB. 82 (Des. Federal MARCELO MALUCELLI),2015-05-13,2025-06-14T15:10:33.568Z,164,G2,https://www.trf4.jus.br/trf4/controlador.php?acao=consulta_processual_resultado_pesquisa&selForma=NU&txtValor=50478707020114047000&selOrigem=TRF&chkMostrarBaixados=1
50480207520164047000,5048020-75.2016.4.04.7000,417,Apelação Criminal,GAB. 83 (Des. Federal CARLOS EDUARDO THOMPSON FLORES LENZ),2019-03-12,2024-09-21T11:04:17.524Z,62,G2,https://www.trf4.jus.br/trf4/controlador.php?acao=consulta_processual_resultado_pesquisa&selForma=NU&txtValor=50480207520164047000&selOrigem=TRF&chkMostrarBaixados=1
50481314920224047000,5048131-49.2022.4.04.7000,417,Apelação Criminal,Vice-Presidência,2023-07-11,2024-09-24T16:20:03.304Z,90,G2,https://www.trf4.jus.br/trf4/controlador.php?acao=consulta_processual_resultado_pesquisa&selForma=NU&txtValor=50481314920224047000&selOrigem=TRF&chkMostrarBaixados=1
50481319820124047000,5048131-98.2012.4.04.7000,417,Apelação Criminal,GAB. 72 (Des. Federal SALISE MONTEIRO SANCHOTENE),2014-11-13,2021-07-23T13:50:53.528000Z,42,G2,https://www.trf4.jus.br/trf4/controlador.php?acao=consulta_processual_resultado_pesquisa&selForma=NU&txtValor=50481319820124047000&selOrigem=TRF&chkMostrarBaixados=1
50482426220244047000,5048242-62.2024.4.04.7000,417,Apelação Criminal,GAB 83 Des Federal ANA PAULA DE BORTOLI,2026-08-25,2026-09-13T10:02:40.285000Z,4,G2,https://www.trf4.jus.br/trf4/controlador.php?acao=consulta_processual_resultado_pesquisa&selForma=NU&txtValor=50482426220244047000&selOrigem=TRF&chkMostrarBaixados=1
50483297220114047000,5048329-72.2011.4.04.7000,417,Apelação Criminal,GAB. 73 (Des. Federal LUIZ CARLOS CANALLI),2015-07-31,2021-07-23T10:18:27.923000Z,24,G2,https://www.trf4.jus.br/trf4/controlador.php?acao=consulta_processual_resultado_pesquisa&selForma=NU&txtValor=50483297220114047000&selOrigem=TRF&chkMostrarBaixados=1
50483775520164047000,5048377-55.2016.4.04.7000,417,Apelação Criminal,GAB. 72 (Des. Federal SALISE MONTEIRO SANCHOTENE),2017-12-12,2021-07-10T09:18:50.969000Z,23,G2,https://www.trf4.jus.br/trf4/controlador.php?acao=consulta_processual_resultado_pesquisa&selForma=NU&txtValor=50483775520164047000&selOrigem=TRF&chkMostrarBaixados=1
50490800520244047000,5049080-05.2024.4.04.7000,417,Apelação Criminal,GAB. 73 (Des. Federal LUIZ CARLOS CANALLI),2026-01-29,2026-06-02T10:20:21.681000Z,23,G2,https://www.trf4.jus.br/trf4/controlador.php?acao=consulta_processual_resultado_pesquisa&selForma=NU&txtValor=50490800520244047000&selOrigem=TRF&chkMostrarBaixados=1
50493207220164047000,5049320-72.2016.4.04.7000,417,Apelação Criminal,GAB. 83 (Juíza Federal ANA PAULA DE BORTOLI),2018-08-01,2025-07-16T03:11:16.834Z,88,G2,https://www.trf4.jus.br/trf4/controlador.php?acao=consulta_processual_resultado_pesquisa&selForma=NU&txtValor=50493207220164047000&selOrigem=TRF&chkMostrarBaixados=1
50494763620114047000,5049476-36.2011.4.04.7000,417,Apelação Criminal,GAB. 81 (Des. Federal LORACI FLORES DE LIMA),2014-03-26,2024-09-23T05:50:03.948Z,116,G2,https://www.trf4.jus.br/trf4/controlador.php?acao=consulta_processual_resultado_pesquisa&selForma=NU&txtValor=50494763620114047000&selOrigem=TRF&chkMostrarBaixados=1
50497692520194047000,5049769-25.2019.4.04.7000,417,Apelação Criminal,GAB. 72 (Des. Federal SALISE MONTEIRO SANCHOTENE),2021-03-17,2024-09-22T14:10:04.727Z,21,G2,https://www.trf4.jus.br/trf4/controlador.php?acao=consulta_processual_resultado_pesquisa&selForma=NU&txtValor=50497692520194047000&selOrigem=TRF&chkMostrarBaixados=1
50499362320114047000,5049936-23.2011.4.04.7000,417,Apelação Criminal,GAB. 81 (Juiz Federal NIVALDO BRUNONI),2013-09-05,2021-07-23T10:45:36.310000Z,51,G2,https://www.trf4.jus.br/trf4/controlador.php?acao=consulta_processual_resultado_pesquisa&selForma=NU&txtValor=50499362320114047000&selOrigem=TRF&chkMostrarBaixados=1
50501324620184047000,5050132-46.2018.4.04.7000,417,Apelação Criminal,GAB. 82 (Des. Federal MARCELO MALUCELLI),2019-07-12,2025-04-24T19:16:33.524Z,42,G2,https://www.trf4.jus.br/trf4/controlador.php?acao=consulta_processual_resultado_pesquisa&selForma=NU&txtValor=50501324620184047000&selOrigem=TRF&chkMostrarBaixados=1
50501652620244047000,5050165-26.2024.4.04.7000,417,Apelação Criminal,GAB 82 Des Federal MARCELO MALUCELLI,2026-08-17,2026-09-12T12:21:28.167000Z,9,G2,https://www.trf4.jus.br/trf4/controlador.php?acao=consulta_processual_resultado_pesquisa&selForma=NU&txtValor=50501652620244047000&selOrigem=TRF&chkMostrarBaixados=1
50504209120184047000,5050420-91.2018.4.04.7000,417,Apelação Criminal,GAB. 72 (Des. Federal SALISE MONTEIRO SANCHOTENE),2019-10-24,2024-09-23T08:50:05.411Z,28,G2,https://www.trf4.jus.br/trf4/controlador.php?acao=consulta_processual_resultado_pesquisa&selForma=NU&txtValor=50504209120184047000&selOrigem=TRF&chkMostrarBaixados=1
50504234620184047000,5050423-46.2018.4.04.7000,417,Apelação Criminal,GAB. 72 (Des. Federal SALISE MONTEIRO SANCHOTENE),2020-01-07,2024-09-20T08:00:07.676Z,52,G2,https://www.trf4.jus.br/trf4/controlador.php?acao=consulta_processual_resultado_pesquisa&selForma=NU&txtValor=50504234620184047000&selOrigem=TRF&chkMostrarBaixados=1
50505687320164047000,5050568-73.2016.4.04.7000,417,Apelação Criminal,GAB. 82 (Des. Federal MARCELO MALUCELLI),2020-06-02,2025-07-14T15:41:48.300Z,230,G2,https://www.trf4.jus.br/trf4/controlador.php?acao=consulta_processual_resultado_pesquisa&selForma=NU&txtValor=50505687320164047000&selOrigem=TRF&chkMostrarBaixados=1
50506745420244047000,5050674-54.2024.4.04.7000,417,Apelação Criminal,GAB 71 Des Federal ANGELO ROBERTO ILHA DA SILVA,2026-01-30,2026-09-12T03:06:23.560000Z,23,G2,https://www.trf4.jus.br/trf4/controlador.php?acao=consulta_processual_resultado_pesquisa&selForma=NU&txtValor=50506745420244047000&selOrigem=TRF&chkMostrarBaixados=1
50507852420134047000,5050785-24.2013.4.04.7000,417,Apelação Criminal,GAB. 83 (Des. Federal CARLOS EDUARDO THOMPSON FLORES LENZ),2014-09-29,2021-07-23T23:51:00.116000Z,54,G2,https://www.trf4.jus.br/trf4/controlador.php?acao=consulta_processual_resultado_pesquisa&selForma=NU&txtValor=50507852420134047000&selOrigem=TRF&chkMostrarBaixados=1
50508363520134047000,5050836-35.2013.4.04.7000,417,Apelação Criminal,GAB. 82 (Des. Federal JOÃO PEDRO GEBRAN NETO),2015-02-27,2021-07-24T02:35:50.191000Z,36,G2,https://www.trf4.jus.br/trf4/controlador.php?acao=consulta_processual_resultado_pesquisa&selForma=NU&txtValor=50508363520134047000&selOrigem=TRF&chkMostrarBaixados=1
50508581020244047000,5050858-10.2024.4.04.7000,417,Apelação Criminal,GAB 72 Des Federal ALEXANDRE GONCALVES LIPPEL,2026-02-05,2026-08-02T23:39:47.997000Z,31,G2,https://www.trf4.jus.br/trf4/controlador.php?acao=consulta_processual_resultado_pesquisa&selForma=NU&txtValor=50508581020244047000&selOrigem=TRF&chkMostrarBaixados=1
50508633220244047000,5050863-32.2024.4.04.7000,417,Apelação Criminal,GAB 82 Des Federal MARCELO MALUCELLI,2026-05-26,2026-09-11T04:14:33.040000Z,21,G2,https://www.trf4.jus.br/trf4/controlador.php?acao=consulta_processual_resultado_pesquisa&selForma=NU&txtValor=50508633220244047000&selOrigem=TRF&chkMostrarBaixados=1
50509114020144047000,5050911-40.2014.4.04.7000,417,Apelação Criminal,GAB. 72 (Des. Federal SALISE MONTEIRO SANCHOTENE),2016-08-03,2021-07-23T22:19:17.528000Z,43,G2,https://www.trf4.jus.br/trf4/controlador.php?acao=consulta_processual_resultado_pesquisa&selForma=NU&txtValor=50509114020144047000&selOrigem=TRF&chkMostrarBaixados=1
50509532120164047000,5050953-21.2016.4.04.7000,417,Apelação Criminal,GAB. 71 (Des. Federal ÂNGELO ROBERTO ILHA DA SILVA),2017-10-31,2025-04-24T19:07:51.748Z,34,G2,https://www.trf4.jus.br/trf4/controlador.php?acao=consulta_processual_resultado_pesquisa&selForma=NU&txtValor=50509532120164047000&selOrigem=TRF&chkMostrarBaixados=1
50509766920134047000,5050976-69.2013.4.04.7000,417,Apelação Criminal,GAB. 82 (Des. Federal JOÃO PEDRO GEBRAN NETO),2016-03-21,2021-07-21T20:40:09.347000Z,50,G2,https://www.trf4.jus.br/trf4/controlador.php?acao=consulta_processual_resultado_pesquisa&selForma=NU&txtValor=50509766920134047000&selOrigem=TRF&chkMostrarBaixados=1
50513796720154047000,5051379-67.2015.4.04.7000,417,Apelação Criminal,GAB 83 Des Federal ANA PAULA DE BORTOLI,2024-02-16,2026-09-11T03:50:50.310000Z,81,G2,https://www.trf4.jus.br/trf4/controlador.php?acao=consulta_processual_resultado_pesquisa&selForma=NU&txtValor=50513796720154047000&selOrigem=TRF&chkMostrarBaixados=1
50514766220184047000,5051476-62.2018.4.04.7000,417,Apelação Criminal,GAB. 83 (Des. Federal CARLOS EDUARDO THOMPSON FLORES LENZ),2020-01-27,2024-09-21T20:00:06.341Z,53,G2,https://www.trf4.jus.br/trf4/controlador.php?acao=consulta_processual_resultado_pesquisa&selForma=NU&txtValor=50514766220184047000&selOrigem=TRF&chkMostrarBaixados=1
50516646020154047000,5051664-60.2015.4.04.7000,417,Apelação Criminal,GAB. 82 (Des. Federal JOÃO PEDRO GEBRAN NETO),2016-08-25,2021-07-12T05:57:21.607000Z,21,G2,https://www.trf4.jus.br/trf4/controlador.php?acao=consulta_processual_resultado_pesquisa&selForma=NU&txtValor=50516646020154047000&selOrigem=TRF&chkMostrarBaixados=1
50517134320114047000,5051713-43.2011.4.04.7000,417,Apelação Criminal,GAB. 71 (Juiz Federal DANILO PEREIRA JÚNIOR),2014-10-28,2021-07-23T23:33:07.362000Z,30,G2,https://www.trf4.jus.br/trf4/controlador.php?acao=consulta_processual_resultado_pesquisa&selForma=NU&txtValor=50517134320114047000&selOrigem=TRF&chkMostrarBaixados=1
50519480520144047000,5051948-05.2014.4.04.7000,417,Apelação Criminal,GAB. 82 (Des. Federal JOÃO PEDRO GEBRAN NETO),2016-06-14,2021-07-23T23:08:35.665000Z,26,G2,https://www.trf4.jus.br/trf4/controlador.php?acao=consulta_processual_resultado_pesquisa&selForma=NU&txtValor=50519480520144047000&selOrigem=TRF&chkMostrarBaixados=1
50520008320234047000,5052000-83.2023.4.04.7000,417,Apelação Criminal,GAB 83 Des Federal ANA PAULA DE BORTOLI,2024-03-05,2026-09-10T13:56:55.911000Z,14,G2,https://www.trf4.jus.br/trf4/controlador.php?acao=consulta_processual_resultado_pesquisa&selForma=NU&txtValor=50520008320234047000&selOrigem=TRF&chkMostrarBaixados=1
50521605520164047000,5052160-55.2016.4.04.7000,417,Apelação Criminal,GAB. 71 (Des. Federal ÂNGELO ROBERTO ILHA DA SILVA),2018-01-12,2024-09-21T13:01:48.831Z,64,G2,https://www.trf4.jus.br/trf4/controlador.php?acao=consulta_processual_resultado_pesquisa&selForma=NU&txtValor=50521605520164047000&selOrigem=TRF&chkMostrarBaixados=1
50522866620204047000,5052286-66.2020.4.04.7000,417,Apelação Criminal,GAB. 71 (Des. Federal ÂNGELO ROBERTO ILHA DA SILVA),2021-10-06,2024-09-23T19:12:22.460Z,24,G2,https://www.trf4.jus.br/trf4/controlador.php?acao=consulta_processual_resultado_pesquisa&selForma=NU&txtValor=50522866620204047000&selOrigem=TRF&chkMostrarBaixados=1
50523218420244047000,5052321-84.2024.4.04.7000,417,Apelação Criminal,GAB. 81 (Des. Federal LORACI FLORES DE LIMA),2025-11-24,2026-03-11T11:17:05.290000Z,23,G2,https://www.trf4.jus.br/trf4/controlador.php?acao=consulta_processual_resultado_pesquisa&selForma=NU&txtValor=50523218420244047000&selOrigem=TRF&chkMostrarBaixados=1
50525660820184047000,5052566-08.2018.4.04.7000,417,Apelação Criminal,GAB. 82 (Des. Federal MARCELO MALUCELLI),2020-08-19,2025-08-01T20:50:59.407Z,48,G2,https://www.trf4.jus.br/trf4/controlador.php?acao=consulta_processual_resultado_pesquisa&selForma=NU&txtValor=50525660820184047000&selOrigem=TRF&chkMostrarBaixados=1
50526089120174047000,5052608-91.2017.4.04.7000,417,Apelação Criminal,GAB. 82 (Des. Federal JOÃO PEDRO GEBRAN NETO),2018-07-23,2021-07-10T13:02:24.227000Z,22,G2,https://www.trf4.jus.br/trf4/controlador.php?acao=consulta_processual_resultado_pesquisa&selForma=NU&txtValor=50526089120174047000&selOrigem=TRF&chkMostrarBaixados=1
50526241120184047000,5052624-11.2018.4.04.7000,417,Apelação Criminal,GAB. 81 (Des. Federal LORACI FLORES DE LIMA),2019-11-12,2024-09-22T02:20:14.784Z,36,G2,https://www.trf4.jus.br/trf4/controlador.php?acao=consulta_processual_resultado_pesquisa&selForma=NU&txtValor=50526241120184047000&selOrigem=TRF&chkMostrarBaixados=1
50526744220154047000,5052674-42.2015.4.04.7000,417,Apelação Criminal,GAB. 72 (Des. Federal SALISE MONTEIRO SANCHOTENE),2017-06-19,2024-08-30T17:25:14.671Z,71,G2,https://www.trf4.jus.br/trf4/controlador.php?acao=consulta_processual_resultado_pesquisa&selForma=NU&txtValor=50526744220154047000&selOrigem=TRF&chkMostrarBaixados=1
50530133020174047000,5053013-30.2017.4.04.7000,417,Apelação Criminal,GAB. 81 (Des. Federal LORACI FLORES DE LIMA),2020-12-18,2025-04-24T19:16:42.598Z,106,G2,https://www.trf4.jus.br/trf4/controlador.php?acao=consulta_processual_resultado_pesquisa&selForma=NU&txtValor=50530133020174047000&selOrigem=TRF&chkMostrarBaixados=1
50530251020184047000,5053025-10.2018.4.04.7000,417,Apelação Criminal,Vice-Presidência,2021-11-17,2025-09-14T15:11:28.290Z,77,G2,https://www.trf4.jus.br/trf4/controlador.php?acao=consulta_processual_resultado_pesquisa&selForma=NU&txtValor=50530251020184047000&selOrigem=TRF&chkMostrarBaixados=1
50530800520114047000,5053080-05.2011.4.04.7000,417,Apelação Criminal,GAB. 71 (Juiz Federal DANILO PEREIRA JÚNIOR),2013-03-13,2022-06-04T15:52:11.431000Z,53,G2,https://www.trf4.jus.br/trf4/controlador.php?acao=consulta_processual_resultado_pesquisa&selForma=NU&txtValor=50530800520114047000&selOrigem=TRF&chkMostrarBaixados=1
50534780520184047000,5053478-05.2018.4.04.7000,417,Apelação Criminal,GAB. 81 (Des. Federal LORACI FLORES DE LIMA),2019-04-30,2025-04-24T18:59:17.915Z,94,G2,https://www.trf4.jus.br/trf4/controlador.php?acao=consulta_processual_resultado_pesquisa&selForma=NU&txtValor=50534780520184047000&selOrigem=TRF&chkMostrarBaixados=1
50534787320164047000,5053478-73.2016.4.04.7000,421,Embargos Infringentes e de Nulidade,GAB. 81 (Des. Federal LORACI FLORES DE LIMA),2018-07-16,2026-06-02T05:59:47.952000Z,143,G2,https://www.trf4.jus.br/trf4/controlador.php?acao=consulta_processual_resultado_pesquisa&selForma=NU&txtValor=50534787320164047000&selOrigem=TRF&chkMostrarBaixados=1
50541868920174047000,5054186-89.2017.4.04.7000,421,Embargos Infringentes e de Nulidade,GAB. 71 (Des. Federal ÂNGELO ROBERTO ILHA DA SILVA),2018-09-04,2025-06-03T19:20:55.354Z,156,G2,https://www.trf4.jus.br/trf4/controlador.php?acao=consulta_processual_resultado_pesquisa&selForma=NU&txtValor=50541868920174047000&selOrigem=TRF&chkMostrarBaixados=1
50543033620244047000,5054303-36.2024.4.04.7000,417,Apelação Criminal,GAB 71 Des Federal ANGELO ROBERTO ILHA DA SILVA,2026-04-23,2026-07-31T12:58:27.011000Z,21,G2,https://www.trf4.jus.br/trf4/controlador.php?acao=consulta_processual_resultado_pesquisa&selForma=NU&txtValor=50543033620244047000&selOrigem=TRF&chkMostrarBaixados=1
50545990520174047000,5054599-05.2017.4.04.7000,417,Apelação Criminal,GAB. 72 (Des. Federal SALISE MONTEIRO SANCHOTENE),2018-10-09,2025-04-24T21:44:10.509Z,145,G2,https://www.trf4.jus.br/trf4/controlador.php?acao=consulta_processual_resultado_pesquisa&selForma=NU&txtValor=50545990520174047000&selOrigem=TRF&chkMostrarBaixados=1
50546333320244047000,5054633-33.2024.4.04.7000,417,Apelação Criminal,GAB 72 Des Federal ALEXANDRE GONCALVES LIPPEL,2026-05-25,2026-08-02T08:08:01.537000Z,12,G2,https://www.trf4.jus.br/trf4/controlador.php?acao=consulta_processual_resultado_pesquisa&selForma=NU&txtValor=50546333320244047000&selOrigem=TRF&chkMostrarBaixados=1
50546678620164047000,5054667-86.2016.4.04.7000,417,Apelação Criminal,GAB. 72 (Des. Federal SALISE MONTEIRO SANCHOTENE),2017-08-09,2021-07-11T01:07:43.606000Z,22,G2,https://www.trf4.jus.br/trf4/controlador.php?acao=consulta_processual_resultado_pesquisa&selForma=NU&txtValor=50546678620164047000&selOrigem=TRF&chkMostrarBaixados=1
50546975820154047000,5054697-58.2015.4.04.7000,417,Apelação Criminal,Vice-Presidência,2020-11-09,2025-04-24T19:15:09.762Z,104,G2,https://www.trf4.jus.br/trf4/controlador.php?acao=consulta_processual_resultado_pesquisa&selForma=NU&txtValor=50546975820154047000&selOrigem=TRF&chkMostrarBaixados=1
50547879520174047000,5054787-95.2017.4.04.7000,417,Apelação Criminal,GAB. 81 (Des. Federal LORACI FLORES DE LIMA),2022-09-25,2025-07-14T06:50:51.934Z,58,G2,https://www.trf4.jus.br/trf4/controlador.php?acao=consulta_processual_resultado_pesquisa&selForma=NU&txtValor=50547879520174047000&selOrigem=TRF&chkMostrarBaixados=1
50549572320244047000,5054957-23.2024.4.04.7000,417,Apelação Criminal,GAB 81 Des Federal LORACI FLORES DE LIMA,2026-04-22,2026-08-01T02:42:41.339000Z,22,G2,https://www.trf4.jus.br/trf4/controlador.php?acao=consulta_processual_resultado_pesquisa&selForma=NU&txtValor=50549572320244047000&selOrigem=TRF&chkMostrarBaixados=1
50551213720144047000,5055121-37.2014.4.04.7000,417,Apelação Criminal,GAB. 82 (Des. Federal JOÃO PEDRO GEBRAN NETO),2016-08-04,2021-07-11T02:48:18.300000Z,60,G2,https://www.trf4.jus.br/trf4/controlador.php?acao=consulta_processual_resultado_pesquisa&selForma=NU&txtValor=50551213720144047000&selOrigem=TRF&chkMostrarBaixados=1
50551387320144047000,5055138-73.2014.4.04.7000,417,Apelação Criminal,GAB. 73 (Des. Federal LUIZ CARLOS CANALLI),2015-10-26,2021-07-23T10:41:59.407000Z,16,G2,https://www.trf4.jus.br/trf4/controlador.php?acao=consulta_processual_resultado_pesquisa&selForma=NU&txtValor=50551387320144047000&selOrigem=TRF&chkMostrarBaixados=1
50551467420194047000,5055146-74.2019.4.04.7000,417,Apelação Criminal,GAB. 83 (Des. Federal CARLOS EDUARDO THOMPSON FLORES LENZ),2021-08-16,2024-09-22T02:20:26.166Z,36,G2,https://www.trf4.jus.br/trf4/controlador.php?acao=consulta_processual_resultado_pesquisa&selForma=NU&txtValor=50551467420194047000&selOrigem=TRF&chkMostrarBaixados=1
50552787820124047000,5055278-78.2012.4.04.7000,417,Apelação Criminal,GAB. 82 (Des. Federal JOÃO PEDRO GEBRAN NETO),2017-03-06,2021-07-12T05:54:30.282000Z,81,G2,https://www.trf4.jus.br/trf4/controlador.php?acao=consulta_processual_resultado_pesquisa&selForma=NU&txtValor=50552787820124047000&selOrigem=TRF&chkMostrarBaixados=1
50553015320144047000,5055301-53.2014.4.04.7000,421,Embargos Infringentes e de Nulidade,GAB. 73 (Des. Federal LUIZ CARLOS CANALLI),2015-06-03,2025-06-14T22:11:20.217Z,189,G2,https://www.trf4.jus.br/trf4/controlador.php?acao=consulta_processual_resultado_pesquisa&selForma=NU&txtValor=50553015320144047000&selOrigem=TRF&chkMostrarBaixados=1
50553026220194047000,5055302-62.2019.4.04.7000,417,Apelação Criminal,GAB. 83 (Des. Federal CARLOS EDUARDO THOMPSON FLORES LENZ),2021-06-14,2025-04-24T19:11:20.683Z,41,G2,https://www.trf4.jus.br/trf4/controlador.php?acao=consulta_processual_resultado_pesquisa&selForma=NU&txtValor=50553026220194047000&selOrigem=TRF&chkMostrarBaixados=1
50553575720124047000,5055357-57.2012.4.04.7000,421,Embargos Infringentes e de Nulidade,GAB. 72 (Des. Federal SALISE MONTEIRO SANCHOTENE),2014-06-25,2022-06-04T15:59:26.120000Z,78,G2,https://www.trf4.jus.br/trf4/controlador.php?acao=consulta_processual_resultado_pesquisa&selForma=NU&txtValor=50553575720124047000&selOrigem=TRF&chkMostrarBaixados=1
50553620620174047000,5055362-06.2017.4.04.7000,417,Apelação Criminal,GAB. 81 (Des. Federal LORACI FLORES DE LIMA),2021-08-23,2025-04-24T19:18:08.364Z,75,G2,https://www.trf4.jus.br/trf4/controlador.php?acao=consulta_processual_resultado_pesquisa&selForma=NU&txtValor=50553620620174047000&selOrigem=TRF&chkMostrarBaixados=1
50553866320194047000,5055386-63.2019.4.04.7000,417,Apelação Criminal,GAB. 73 (Des. Federal LUIZ CARLOS CANALLI),2024-06-27,2024-12-11T08:50:36.423Z,22,G2,https://www.trf4.jus.br/trf4/controlador.php?acao=consulta_processual_resultado_pesquisa&selForma=NU&txtValor=50553866320194047000&selOrigem=TRF&chkMostrarBaixados=1
50554849220124047000,5055484-92.2012.4.04.7000,417,Apelação Criminal,GAB. 82 (Des. Federal JOÃO PEDRO GEBRAN NETO),2016-11-09,2021-07-13T19:00:31.457000Z,21,G2,https://www.trf4.jus.br/trf4/controlador.php?acao=consulta_processual_resultado_pesquisa&selForma=NU&txtValor=50554849220124047000&selOrigem=TRF&chkMostrarBaixados=1
50555756520244047000,5055575-65.2024.4.04.7000,417,Apelação Criminal,GAB 83 Des Federal ANA PAULA DE BORTOLI,2026-06-05,2026-08-02T10:19:24.906000Z,21,G2,https://www.trf4.jus.br/trf4/controlador.php?acao=consulta_processual_resultado_pesquisa&selForma=NU&txtValor=50555756520244047000&selOrigem=TRF&chkMostrarBaixados=1
50556007820244047000,5055600-78.2024.4.04.7000,417,Apelação Criminal,GAB 82 Des Federal MARCELO MALUCELLI,2026-02-24,2026-08-02T23:34:09.841000Z,30,G2,https://www.trf4.jus.br/trf4/controlador.php?acao=consulta_processual_resultado_pesquisa&selForma=NU&txtValor=50556007820244047000&selOrigem=TRF&chkMostrarBaixados=1
50557480720154047000,5055748-07.2015.4.04.7000,417,Apelação Criminal,GAB. 83 (Des. Federal CARLOS EDUARDO THOMPSON FLORES LENZ),2016-11-09,2021-07-21T17:50:23.433000Z,24,G2,https://www.trf4.jus.br/trf4/controlador.php?acao=consulta_processual_resultado_pesquisa&selForma=NU&txtValor=50557480720154047000&selOrigem=TRF&chkMostrarBaixados=1
50557636820184047000,5055763-68.2018.4.04.7000,417,Apelação Criminal,GAB. 72 (Des. Federal SALISE MONTEIRO SANCHOTENE),2020-07-10,2024-09-21T16:31:10.840Z,69,G2,https://www.trf4.jus.br/trf4/controlador.php?acao=consulta_processual_resultado_pesquisa&selForma=NU&txtValor=50557636820184047000&selOrigem=TRF&chkMostrarBaixados=1
50560052720184047000,5056005-27.2018.4.04.7000,417,Apelação Criminal,GAB. 72 (Des. Federal SALISE MONTEIRO SANCHOTENE),2020-08-26,2024-09-22T04:40:18.761Z,20,G2,https://www.trf4.jus.br/trf4/controlador.php?acao=consulta_processual_resultado_pesquisa&selForma=NU&txtValor=50560052720184047000&selOrigem=TRF&chkMostrarBaixados=1
50562943320134047000,5056294-33.2013.4.04.7000,417,Apelação Criminal,GAB. 71 (Juiz Federal DANILO PEREIRA JÚNIOR),2016-01-25,2021-07-23T10:21:38.785000Z,34,G2,https://www.trf4.jus.br/trf4/controlador.php?acao=consulta_processual_resultado_pesquisa&selForma=NU&txtValor=50562943320134047000&selOrigem=TRF&chkMostrarBaixados=1
50563950220154047000,5056395-02.2015.4.04.7000,417,Apelação Criminal,GAB. 71 (Juiz Federal DANILO PEREIRA JÚNIOR),2016-06-15,2021-07-21T09:46:49.827000Z,34,G2,https://www.trf4.jus.br/trf4/controlador.php?acao=consulta_processual_resultado_pesquisa&selForma=NU&txtValor=50563950220154047000&selOrigem=TRF&chkMostrarBaixados=1
50564314920124047000,5056431-49.2012.4.04.7000,417,Apelação Criminal,GAB. 81 (Juiz Federal NIVALDO BRUNONI),2013-12-13,2021-07-23T13:37:45.058000Z,59,G2,https://www.trf4.jus.br/trf4/controlador.php?acao=consulta_processual_resultado_pesquisa&selForma=NU&txtValor=50564314920124047000&selOrigem=TRF&chkMostrarBaixados=1
50565333220164047000,5056533-32.2016.4.04.7000,417,Apelação Criminal,GAB. 81 (Des. Federal LORACI FLORES DE LIMA),2020-12-16,2025-08-02T00:00:04.004Z,106,G2,https://www.trf4.jus.br/trf4/controlador.php?acao=consulta_processual_resultado_pesquisa&selForma=NU&txtValor=50565333220164047000&selOrigem=TRF&chkMostrarBaixados=1
50566835220124047000,5056683-52.2012.4.04.7000,417,Apelação Criminal,GAB. 82 (Des. Federal JOÃO PEDRO GEBRAN NETO),2017-02-13,2021-07-12T05:55:32.593000Z,59,G2,https://www.trf4.jus.br/trf4/controlador.php?acao=consulta_processual_resultado_pesquisa&selForma=NU&txtValor=50566835220124047000&selOrigem=TRF&chkMostrarBaixados=1
50567754420234047000,5056775-44.2023.4.04.7000,417,Apelação Criminal,GAB. 81 (Des. Federal LORACI FLORES DE LIMA),2024-12-06,2025-03-19T06:20:05.463Z,22,G2,https://www.trf4.jus.br/trf4/controlador.php?acao=consulta_processual_resultado_pesquisa&selForma=NU&txtValor=50567754420234047000&selOrigem=TRF&chkMostrarBaixados=1
50569147420154047000,5056914-74.2015.4.04.7000,417,Apelação Criminal,GAB. 82 (Des. Federal MARCELO MALUCELLI),2018-05-23,2024-08-30T19:12:24.060Z,55,G2,https://www.trf4.jus.br/trf4/controlador.php?acao=consulta_processual_resultado_pesquisa&selForma=NU&txtValor=50569147420154047000&selOrigem=TRF&chkMostrarBaixados=1
50569421320134047000,5056942-13.2013.4.04.7000,417,Apelação Criminal,GAB. 72 (Des. Federal SALISE MONTEIRO SANCHOTENE),2015-08-24,2021-07-24T02:57:28.781000Z,20,G2,https://www.trf4.jus.br/trf4/controlador.php?acao=consulta_processual_resultado_pesquisa&selForma=NU&txtValor=50569421320134047000&selOrigem=TRF&chkMostrarBaixados=1
50569967120164047000,5056996-71.2016.4.04.7000,417,Apelação Criminal,GAB. 82 (Des. Federal MARCELO MALUCELLI),2018-10-24,2025-04-24T21:08:00.409Z,130,G2,https://www.trf4.jus.br/trf4/controlador.php?acao=consulta_processual_resultado_pesquisa&selForma=NU&txtValor=50569967120164047000&selOrigem=TRF&chkMostrarBaixados=1
50571725020164047000,5057172-50.2016.4.04.7000,417,Apelação Criminal,GAB. 71 (Des. Federal ÂNGELO ROBERTO ILHA DA SILVA),2017-09-13,2025-04-25T01:09:44.530Z,49,G2,https://www.trf4.jus.br/trf4/controlador.php?acao=consulta_processual_resultado_pesquisa&selForma=NU&txtValor=50571725020164047000&selOrigem=TRF&chkMostrarBaixados=1
50573847620134047000,5057384-76.2013.4.04.7000,417,Apelação Criminal,GAB. 83 (Des. Federal CARLOS EDUARDO THOMPSON FLORES LENZ),2017-04-10,2021-07-16T04:18:54.215000Z,24,G2,https://www.trf4.jus.br/trf4/controlador.php?acao=consulta_processual_resultado_pesquisa&selForma=NU&txtValor=50573847620134047000&selOrigem=TRF&chkMostrarBaixados=1
50574593220244047000,5057459-32.2024.4.04.7000,417,Apelação Criminal,Vice-Presidência,2025-08-26,2026-05-08T07:15:50.274000Z,52,G2,https://www.trf4.jus.br/trf4/controlador.php?acao=consulta_processual_resultado_pesquisa&selForma=NU&txtValor=50574593220244047000&selOrigem=TRF&chkMostrarBaixados=1
50574696220134047000,5057469-62.2013.4.04.7000,417,Apelação Criminal,GAB. 71 (Juiz Federal DANILO PEREIRA JÚNIOR),2015-02-13,2021-07-23T23:29:31.251000Z,20,G2,https://www.trf4.jus.br/trf4/controlador.php?acao=consulta_processual_resultado_pesquisa&selForma=NU&txtValor=50574696220134047000&selOrigem=TRF&chkMostrarBaixados=1
50576869520194047000,5057686-95.2019.4.04.7000,426,Recurso em Sentido Estrito,GAB 83 Des Federal ANA PAULA DE BORTOLI,2026-08-07,2026-09-11T07:44:53.363000Z,12,G2,https://www.trf4.jus.br/trf4/controlador.php?acao=consulta_processual_resultado_pesquisa&selForma=NU&txtValor=50576869520194047000&selOrigem=TRF&chkMostrarBaixados=1
50579302920164047000,5057930-29.2016.4.04.7000,417,Apelação Criminal,GAB. 72 (Des. Federal SALISE MONTEIRO SANCHOTENE),2017-10-16,2021-07-09T21:07:40.599000Z,21,G2,https://www.trf4.jus.br/trf4/controlador.php?acao=consulta_processual_resultado_pesquisa&selForma=NU&txtValor=50579302920164047000&selOrigem=TRF&chkMostrarBaixados=1
50580924820214047000,5058092-48.2021.4.04.7000,417,Apelação Criminal,GAB. 71 (Des. Federal ÂNGELO ROBERTO ILHA DA SILVA),2022-09-09,2024-08-15T07:53:37.313Z,22,G2,https://www.trf4.jus.br/trf4/controlador.php?acao=consulta_processual_resultado_pesquisa&selForma=NU&txtValor=50580924820214047000&selOrigem=TRF&chkMostrarBaixados=1
50583263520184047000,5058326-35.2018.4.04.7000,417,Apelação Criminal,GAB. 83 (Des. Federal CARLOS EDUARDO THOMPSON FLORES LENZ),2020-03-20,2024-08-29T23:01:49.179Z,34,G2,https://www.trf4.jus.br/trf4/controlador.php?acao=consulta_processual_resultado_pesquisa&selForma=NU&txtValor=50583263520184047000&selOrigem=TRF&chkMostrarBaixados=1
50585779220144047000,5058577-92.2014.4.04.7000,417,Apelação Criminal,GAB. 81 (Juiz Federal NIVALDO BRUNONI),2015-10-30,2021-07-23T10:46:14.575000Z,25,G2,https://www.trf4.jus.br/trf4/controlador.php?acao=consulta_processual_resultado_pesquisa&selForma=NU&txtValor=50585779220144047000&selOrigem=TRF&chkMostrarBaixados=1
50591260520144047000,5059126-05.2014.4.04.7000,417,Apelação Criminal,Vice-Presidência,2021-07-20,2024-09-24T06:30:05.813Z,133,G2,https://www.trf4.jus.br/trf4/controlador.php?acao=consulta_processual_resultado_pesquisa&selForma=NU&txtValor=50591260520144047000&selOrigem=TRF&chkMostrarBaixados=1
50591692920204047000,5059169-29.2020.4.04.7000,417,Apelação Criminal,Vice-Presidência,2023-08-23,2026-05-08T09:36:55.940000Z,122,G2,https://www.trf4.jus.br/trf4/controlador.php?acao=consulta_processual_resultado_pesquisa&selForma=NU&txtValor=50591692920204047000&selOrigem=TRF&chkMostrarBaixados=1
50591736620204047000,5059173-66.2020.4.04.7000,417,Apelação Criminal,Vice-Presidência,2022-09-30,2025-09-14T10:51:20.377Z,46,G2,https://www.trf4.jus.br/trf4/controlador.php?acao=consulta_processual_resultado_pesquisa&selForma=NU&txtValor=50591736620204047000&selOrigem=TRF&chkMostrarBaixados=1
50592556820184047000,5059255-68.2018.4.04.7000,417,Apelação Criminal,GAB. 73 (Des. Federal LUIZ CARLOS CANALLI),2020-03-09,2025-08-01T20:51:13.542Z,29,G2,https://www.trf4.jus.br/trf4/controlador.php?acao=consulta_processual_resultado_pesquisa&selForma=NU&txtValor=50592556820184047000&selOrigem=TRF&chkMostrarBaixados=1
50595613720184047000,5059561-37.2018.4.04.7000,417,Apelação Criminal,GAB. 81 (Des. Federal LORACI FLORES DE LIMA),2018-05-09,2024-08-30T01:27:40.798Z,42,G2,https://www.trf4.jus.br/trf4/controlador.php?acao=consulta_processual_resultado_pesquisa&selForma=NU&txtValor=50595613720184047000&selOrigem=TRF&chkMostrarBaixados=1
50595622220184047000,5059562-22.2018.4.04.7000,417,Apelação Criminal,GAB. 82 (Des. Federal MARCELO MALUCELLI),2015-01-30,2025-06-03T19:30:23.377Z,215,G2,https://www.trf4.jus.br/trf4/controlador.php?acao=consulta_processual_resultado_pesquisa&selForma=NU&txtValor=50595622220184047000&selOrigem=TRF&chkMostrarBaixados=1
50597254120144047000,5059725-41.2014.4.04.7000,417,Apelação Criminal,GAB. 72 (Des. Federal SALISE MONTEIRO SANCHOTENE),2016-05-05,2021-07-23T13:45:22.656000Z,20,G2,https://www.trf4.jus.br/trf4/controlador.php?acao=consulta_processual_resultado_pesquisa&selForma=NU&txtValor=50597254120144047000&selOrigem=TRF&chkMostrarBaixados=1
50599511220154047000,5059951-12.2015.4.04.7000,421,Embargos Infringentes e de Nulidade,GAB. 82 (Des. Federal JOÃO PEDRO GEBRAN NETO),2016-10-13,2022-06-05T00:01:28.432000Z,67,G2,https://www.trf4.jus.br/trf4/controlador.php?acao=consulta_processual_resultado_pesquisa&selForma=NU&txtValor=50599511220154047000&selOrigem=TRF&chkMostrarBaixados=1
50600386520154047000,5060038-65.2015.4.04.7000,417,Apelação Criminal,GAB. 71 (Des. Federal ÂNGELO ROBERTO ILHA DA SILVA),2018-04-26,2024-09-23T11:50:02.362Z,21,G2,https://www.trf4.jus.br/trf4/controlador.php?acao=consulta_processual_resultado_pesquisa&selForma=NU&txtValor=50600386520154047000&selOrigem=TRF&chkMostrarBaixados=1
50601073420144047000,5060107-34.2014.4.04.7000,417,Apelação Criminal,GAB. 73 (Des. Federal LUIZ CARLOS CANALLI),2016-05-02,2021-07-21T09:18:31.795000Z,53,G2,https://www.trf4.jus.br/trf4/controlador.php?acao=consulta_processual_resultado_pesquisa&selForma=NU&txtValor=50601073420144047000&selOrigem=TRF&chkMostrarBaixados=1
50603688620204047000,5060368-86.2020.4.04.7000,417,Apelação Criminal,GAB. 73 (Des. Federal LUIZ CARLOS CANALLI),2021-11-04,2024-09-23T19:10:16.769Z,28,G2,https://www.trf4.jus.br/trf4/controlador.php?acao=consulta_processual_resultado_pesquisa&selForma=NU&txtValor=50603688620204047000&selOrigem=TRF&chkMostrarBaixados=1
50604250220234047000,5060425-02.2023.4.04.7000,417,Apelação Criminal,GAB. 81 (Des. Federal LORACI FLORES DE LIMA),2024-01-15,2024-08-12T03:02:13.178000Z,33,G2,https://www.trf4.jus.br/trf4/controlador.php?acao=consulta_processual_resultado_pesquisa&selForma=NU&txtValor=50604250220234047000&selOrigem=TRF&chkMostrarBaixados=1
50604884220144047000,5060488-42.2014.4.04.7000,417,Apelação Criminal,GAB. 83 (Des. Federal CARLOS EDUARDO THOMPSON FLORES LENZ),2016-08-10,2025-04-25T02:51:18.736Z,26,G2,https://www.trf4.jus.br/trf4/controlador.php?acao=consulta_processual_resultado_pesquisa&selForma=NU&txtValor=50604884220144047000&selOrigem=TRF&chkMostrarBaixados=1
50605499720144047000,5060549-97.2014.4.04.7000,417,Apelação Criminal,GAB. 71 (Juiz Federal DANILO PEREIRA JÚNIOR),2016-05-23,2021-07-24T02:22:05.411000Z,23,G2,https://www.trf4.jus.br/trf4/controlador.php?acao=consulta_processual_resultado_pesquisa&selForma=NU&txtValor=50605499720144047000&selOrigem=TRF&chkMostrarBaixados=1
50605876020244047000,5060587-60.2024.4.04.7000,417,Apelação Criminal,GAB 71 Des Federal ANGELO ROBERTO ILHA DA SILVA,2026-07-21,2026-08-03T07:57:57.233000Z,4,G2,https://www.trf4.jus.br/trf4/controlador.php?acao=consulta_processual_resultado_pesquisa&selForma=NU&txtValor=50605876020244047000&selOrigem=TRF&chkMostrarBaixados=1
50607612120144047000,5060761-21.2014.4.04.7000,417,Apelação Criminal,GAB. 82 (Des. Federal JOÃO PEDRO GEBRAN NETO),2016-03-22,2021-07-23T11:25:21.459000Z,21,G2,https://www.trf4.jus.br/trf4/controlador.php?acao=consulta_processual_resultado_pesquisa&selForma=NU&txtValor=50607612120144047000&selOrigem=TRF&chkMostrarBaixados=1
50608645720164047000,5060864-57.2016.4.04.7000,417,Apelação Criminal,GAB. 71 (Juiz Federal DANILO PEREIRA JÚNIOR),2017-10-02,2021-07-09T18:49:17.104000Z,77,G2,https://www.trf4.jus.br/trf4/controlador.php?acao=consulta_processual_resultado_pesquisa&selForma=NU&txtValor=50608645720164047000&selOrigem=TRF&chkMostrarBaixados=1
50612114620234047000,5061211-46.2023.4.04.7000,417,Apelação Criminal,GAB. 81 (Des. Federal LORACI FLORES DE LIMA),2024-12-06,2025-03-20T05:50:02.754Z,21,G2,https://www.trf4.jus.br/trf4/controlador.php?acao=consulta_processual_resultado_pesquisa&selForma=NU&txtValor=50612114620234047000&selOrigem=TRF&chkMostrarBaixados=1
50615785120154047000,5061578-51.2015.4.04.7000,421,Embargos Infringentes e de Nulidade,GAB. 71 (Des. Federal ÂNGELO ROBERTO ILHA DA SILVA),2016-11-14,2025-06-03T19:20:53.515Z,342,G2,https://www.trf4.jus.br/trf4/controlador.php?acao=consulta_processual_resultado_pesquisa&selForma=NU&txtValor=50615785120154047000&selOrigem=TRF&chkMostrarBaixados=1
50618472720144047000,5061847-27.2014.4.04.7000,417,Apelação Criminal,GAB. 81 (Des. Federal LORACI FLORES DE LIMA),2016-04-26,2025-04-24T19:24:07.276Z,23,G2,https://www.trf4.jus.br/trf4/controlador.php?acao=consulta_processual_resultado_pesquisa&selForma=NU&txtValor=50618472720144047000&selOrigem=TRF&chkMostrarBaixados=1
50622860420154047000,5062286-04.2015.4.04.7000,417,Apelação Criminal,GAB. 82 (Des. Federal MARCELO MALUCELLI),2018-11-05,2025-04-24T21:59:51.524Z,80,G2,https://www.trf4.jus.br/trf4/controlador.php?acao=consulta_processual_resultado_pesquisa&selForma=NU&txtValor=50622860420154047000&selOrigem=TRF&chkMostrarBaixados=1
50624656920144047000,5062465-69.2014.4.04.7000,417,Apelação Criminal,GAB. 72 (Des. Federal SALISE MONTEIRO SANCHOTENE),2017-07-28,2021-07-10T12:14:47.088000Z,26,G2,https://www.trf4.jus.br/trf4/controlador.php?acao=consulta_processual_resultado_pesquisa&selForma=NU&txtValor=50624656920144047000&selOrigem=TRF&chkMostrarBaixados=1
50625763820234047000,5062576-38.2023.4.04.7000,417,Apelação Criminal,GAB. 81 (Des. Federal LORACI FLORES DE LIMA),2023-11-30,2025-04-24T17:55:45.850Z,36,G2,https://www.trf4.jus.br/trf4/controlador.php?acao=consulta_processual_resultado_pesquisa&selForma=NU&txtValor=50625763820234047000&selOrigem=TRF&chkMostrarBaixados=1
50628916620234047000,5062891-66.2023.4.04.7000,417,Apelação Criminal,GAB. 81 (Des. Federal LORACI FLORES DE LIMA),2024-11-25,2026-06-03T10:58:54.276000Z,44,G2,https://www.trf4.jus.br/trf4/controlador.php?acao=consulta_processual_resultado_pesquisa&selForma=NU&txtValor=50628916620234047000&selOrigem=TRF&chkMostrarBaixados=1
50629266520194047000,5062926-65.2019.4.04.7000,417,Apelação Criminal,GAB. 81 (Des. Federal LORACI FLORES DE LIMA),2022-08-09,2025-06-15T10:20:33.084Z,39,G2,https://www.trf4.jus.br/trf4/controlador.php?acao=consulta_processual_resultado_pesquisa&selForma=NU&txtValor=50629266520194047000&selOrigem=TRF&chkMostrarBaixados=1
50640330820234047000,5064033-08.2023.4.04.7000,417,Apelação Criminal,GAB. 72 (Des. Federal SALISE MONTEIRO SANCHOTENE),2024-04-25,2025-04-04T20:35:41.134Z,33,G2,https://www.trf4.jus.br/trf4/controlador.php?acao=consulta_processual_resultado_pesquisa&selForma=NU&txtValor=50640330820234047000&selOrigem=TRF&chkMostrarBaixados=1
50642592820144047000,5064259-28.2014.4.04.7000,417,Apelação Criminal,GAB. 73 (Des. Federal LUIZ CARLOS CANALLI),2014-10-01,2021-07-21T04:25:41.550000Z,45,G2,https://www.trf4.jus.br/trf4/controlador.php?acao=consulta_processual_resultado_pesquisa&selForma=NU&txtValor=50642592820144047000&selOrigem=TRF&chkMostrarBaixados=1
50646793320144047000,5064679-33.2014.4.04.7000,417,Apelação Criminal,GAB. 83 (Des. Federal CARLOS EDUARDO THOMPSON FLORES LENZ),2017-08-03,2025-04-24T06:23:33.366Z,79,G2,https://www.trf4.jus.br/trf4/controlador.php?acao=consulta_processual_resultado_pesquisa&selForma=NU&txtValor=50646793320144047000&selOrigem=TRF&chkMostrarBaixados=1
50657758320144047000,5065775-83.2014.4.04.7000,417,Apelação Criminal,Vice-Presidência,2021-09-28,2024-09-21T16:32:40.724Z,60,G2,https://www.trf4.jus.br/trf4/controlador.php?acao=consulta_processual_resultado_pesquisa&selForma=NU&txtValor=50657758320144047000&selOrigem=TRF&chkMostrarBaixados=1
50657869720234047000,5065786-97.2023.4.04.7000,417,Apelação Criminal,GAB. 73 (Des. Federal LUIZ CARLOS CANALLI),2025-04-15,2025-10-19T00:56:15.827Z,23,G2,https://www.trf4.jus.br/trf4/controlador.php?acao=consulta_processual_resultado_pesquisa&selForma=NU&txtValor=50657869720234047000&selOrigem=TRF&chkMostrarBaixados=1
50678420620234047000,5067842-06.2023.4.04.7000,417,Apelação Criminal,GAB. 81 (Des. Federal LORACI FLORES DE LIMA),2025-02-27,2025-03-25T06:50:16.700Z,4,G2,https://www.trf4.jus.br/trf4/controlador.php?acao=consulta_processual_resultado_pesquisa&selForma=NU&txtValor=50678420620234047000&selOrigem=TRF&chkMostrarBaixados=1
50680535720144047000,5068053-57.2014.4.04.7000,417,Apelação Criminal,GAB. 82 (Des. Federal MARCELO MALUCELLI),2017-06-02,2025-06-14T22:11:19.023Z,80,G2,https://www.trf4.jus.br/trf4/controlador.php?acao=consulta_processual_resultado_pesquisa&selForma=NU&txtValor=50680535720144047000&selOrigem=TRF&chkMostrarBaixados=1
50681629520194047000,5068162-95.2019.4.04.7000,417,Apelação Criminal,GAB 83 Des Federal ANA PAULA DE BORTOLI,2024-02-15,2026-09-11T03:51:04.449000Z,16,G2,https://www.trf4.jus.br/trf4/controlador.php?acao=consulta_processual_resultado_pesquisa&selForma=NU&txtValor=50681629520194047000&selOrigem=TRF&chkMostrarBaixados=1
50697406920144047000,5069740-69.2014.4.04.7000,417,Apelação Criminal,GAB. 83 (Des. Federal CARLOS EDUARDO THOMPSON FLORES LENZ),2015-07-17,2021-07-23T10:12:35.827000Z,37,G2,https://www.trf4.jus.br/trf4/controlador.php?acao=consulta_processual_resultado_pesquisa&selForma=NU&txtValor=50697406920144047000&selOrigem=TRF&chkMostrarBaixados=1
50702359820234047000,5070235-98.2023.4.04.7000,417,Apelação Criminal,VicePresidencia,2026-05-14,2026-09-11T08:13:39.849000Z,47,G2,https://www.trf4.jus.br/trf4/controlador.php?acao=consulta_processual_resultado_pesquisa&selForma=NU&txtValor=50702359820234047000&selOrigem=TRF&chkMostrarBaixados=1
50708205320234047000,5070820-53.2023.4.04.7000,417,Apelação Criminal,GAB. 71 (Des. Federal ÂNGELO ROBERTO ILHA DA SILVA),2024-06-18,2024-11-12T07:37:16.255Z,36,G2,https://www.trf4.jus.br/trf4/controlador.php?acao=consulta_processual_resultado_pesquisa&selForma=NU&txtValor=50708205320234047000&selOrigem=TRF&chkMostrarBaixados=1
50708657220144047000,5070865-72.2014.4.04.7000,417,Apelação Criminal,GAB. 82 (Des. Federal JOÃO PEDRO GEBRAN NETO),2016-08-17,2021-07-21T10:58:53.090000Z,45,G2,https://www.trf4.jus.br/trf4/controlador.php?acao=consulta_processual_resultado_pesquisa&selForma=NU&txtValor=50708657220144047000&selOrigem=TRF&chkMostrarBaixados=1
50713662620144047000,5071366-26.2014.4.04.7000,421,Embargos Infringentes e de Nulidade,GAB. 81 (Des. Federal LORACI FLORES DE LIMA),2016-06-09,2024-08-30T05:48:18.753Z,102,G2,https://www.trf4.jus.br/trf4/controlador.php?acao=consulta_processual_resultado_pesquisa&selForma=NU&txtValor=50713662620144047000&selOrigem=TRF&chkMostrarBaixados=1
50714251420144047000,5071425-14.2014.4.04.7000,417,Apelação Criminal,GAB. 82 (Des. Federal JOÃO PEDRO GEBRAN NETO),2014-10-30,2021-07-24T02:37:25.451000Z,14,G2,https://www.trf4.jus.br/trf4/controlador.php?acao=consulta_processual_resultado_pesquisa&selForma=NU&txtValor=50714251420144047000&selOrigem=TRF&chkMostrarBaixados=1
50736406020144047000,5073640-60.2014.4.04.7000,417,Apelação Criminal,GAB. 73 (Des. Federal LUIZ CARLOS CANALLI),2016-07-05,2021-07-23T23:09:47.681000Z,26,G2,https://www.trf4.jus.br/trf4/controlador.php?acao=consulta_processual_resultado_pesquisa&selForma=NU&txtValor=50736406020144047000&selOrigem=TRF&chkMostrarBaixados=1
50737230320194047000,5073723-03.2019.4.04.7000,417,Apelação Criminal,GAB. 83 (Des. Federal CARLOS EDUARDO THOMPSON FLORES LENZ),2021-11-17,2024-08-30T19:21:23.373Z,21,G2,https://www.trf4.jus.br/trf4/controlador.php?acao=consulta_processual_resultado_pesquisa&selForma=NU&txtValor=50737230320194047000&selOrigem=TRF&chkMostrarBaixados=1
50750495620234047000,5075049-56.2023.4.04.7000,417,Apelação Criminal,GAB. 71 (Des. Federal ÂNGELO ROBERTO ILHA DA SILVA),2026-02-06,2026-05-07T23:31:54.699000Z,4,G2,https://www.trf4.jus.br/trf4/controlador.php?acao=consulta_processual_resultado_pesquisa&selForma=NU&txtValor=50750495620234047000&selOrigem=TRF&chkMostrarBaixados=1
50752274420194047000,5075227-44.2019.4.04.7000,417,Apelação Criminal,GAB 83 Des Federal ANA PAULA DE BORTOLI,2024-03-31,2026-09-11T03:50:54.721000Z,14,G2,https://www.trf4.jus.br/trf4/controlador.php?acao=consulta_processual_resultado_pesquisa&selForma=NU&txtValor=50752274420194047000&selOrigem=TRF&chkMostrarBaixados=1
50757120520234047000,5075712-05.2023.4.04.7000,417,Apelação Criminal,VicePresidencia,2025-01-10,2026-09-13T00:31:53.560000Z,43,G2,https://www.trf4.jus.br/trf4/controlador.php?acao=consulta_processual_resultado_pesquisa&selForma=NU&txtValor=50757120520234047000&selOrigem=TRF&chkMostrarBaixados=1
50764627520214047000,5076462-75.2021.4.04.7000,417,Apelação Criminal,Vice-Presidência,2023-06-12,2026-05-08T08:45:38.062000Z,80,G2,https://www.trf4.jus.br/trf4/controlador.php?acao=consulta_processual_resultado_pesquisa&selForma=NU&txtValor=50764627520214047000&selOrigem=TRF&chkMostrarBaixados=1
50771741220144047000,5077174-12.2014.4.04.7000,417,Apelação Criminal,GAB. 72 (Des. Federal SALISE MONTEIRO SANCHOTENE),2016-03-22,2021-07-23T11:27:50.478000Z,20,G2,https://www.trf4.jus.br/trf4/controlador.php?acao=consulta_processual_resultado_pesquisa&selForma=NU&txtValor=50771741220144047000&selOrigem=TRF&chkMostrarBaixados=1
50772623520234047000,5077262-35.2023.4.04.7000,417,Apelação Criminal,GAB. 82 (Des. Federal MARCELO MALUCELLI),2024-12-09,2025-11-16T04:15:51.652Z,35,G2,https://www.trf4.jus.br/trf4/controlador.php?acao=consulta_processual_resultado_pesquisa&selForma=NU&txtValor=50772623520234047000&selOrigem=TRF&chkMostrarBaixados=1
50773143120234047000,5077314-31.2023.4.04.7000,417,Apelação Criminal,GAB 83 Des Federal ANA PAULA DE BORTOLI,2026-04-07,2026-09-11T06:06:37.778000Z,25,G2,https://www.trf4.jus.br/trf4/controlador.php?acao=consulta_processual_resultado_pesquisa&selForma=NU&txtValor=50773143120234047000&selOrigem=TRF&chkMostrarBaixados=1
50774200820144047000,5077420-08.2014.4.04.7000,417,Apelação Criminal,GAB. 83 (Des. Federal CARLOS EDUARDO THOMPSON FLORES LENZ),2016-05-27,2021-07-12T15:08:22.911000Z,42,G2,https://www.trf4.jus.br/trf4/controlador.php?acao=consulta_processual_resultado_pesquisa&selForma=NU&txtValor=50774200820144047000&selOrigem=TRF&chkMostrarBaixados=1
50778175220234047000,5077817-52.2023.4.04.7000,417,Apelação Criminal,GAB 71 Des Federal ANGELO ROBERTO ILHA DA SILVA,2026-07-08,2026-08-02T17:33:29.396000Z,12,G2,https://www.trf4.jus.br/trf4/controlador.php?acao=consulta_processual_resultado_pesquisa&selForma=NU&txtValor=50778175220234047000&selOrigem=TRF&chkMostrarBaixados=1
50778313620234047000,5077831-36.2023.4.04.7000,417,Apelação Criminal,GAB 81 Des Federal LORACI FLORES DE LIMA,2026-08-10,2026-09-11T14:16:47.133000Z,18,G2,https://www.trf4.jus.br/trf4/controlador.php?acao=consulta_processual_resultado_pesquisa&selForma=NU&txtValor=50778313620234047000&selOrigem=TRF&chkMostrarBaixados=1
50784975220144047000,5078497-52.2014.4.04.7000,417,Apelação Criminal,GAB. 71 (Des. Federal ÂNGELO ROBERTO ILHA DA SILVA),2016-02-01,2025-04-25T03:30:03.116Z,24,G2,https://www.trf4.jus.br/trf4/controlador.php?acao=consulta_processual_resultado_pesquisa&selForma=NU&txtValor=50784975220144047000&selOrigem=TRF&chkMostrarBaixados=1
50785599220144047000,5078559-92.2014.4.04.7000,417,Apelação Criminal,GAB. 83 (Des. Federal ANA PAULA DE BORTOLI),2020-10-26,2025-09-14T07:21:10.580Z,149,G2,https://www.trf4.jus.br/trf4/controlador.php?acao=consulta_processual_resultado_pesquisa&selForma=NU&txtValor=50785599220144047000&selOrigem=TRF&chkMostrarBaixados=1
50799991120234047000,5079999-11.2023.4.04.7000,417,Apelação Criminal,GAB. 81 (Des. Federal LORACI FLORES DE LIMA),2025-07-07,2025-10-14T13:29:46.135Z,23,G2,https://www.trf4.jus.br/trf4/controlador.php?acao=consulta_processual_resultado_pesquisa&selForma=NU&txtValor=50799991120234047000&selOrigem=TRF&chkMostrarBaixados=1
50807259720144047000,5080725-97.2014.4.04.7000,417,Apelação Criminal,GAB. 83 (Des. Federal CARLOS EDUARDO THOMPSON FLORES LENZ),2015-02-19,2021-07-23T10:47:44.574000Z,53,G2,https://www.trf4.jus.br/trf4/controlador.php?acao=consulta_processual_resultado_pesquisa&selForma=NU&txtValor=50807259720144047000&selOrigem=TRF&chkMostrarBaixados=1
50811187520214047000,5081118-75.2021.4.04.7000,417,Apelação Criminal,GAB. 73 (Des. Federal LUIZ CARLOS CANALLI),2024-11-12,2025-11-14T11:18:12.209Z,70,G2,https://www.trf4.jus.br/trf4/controlador.php?acao=consulta_processual_resultado_pesquisa&selForma=NU&txtValor=50811187520214047000&selOrigem=TRF&chkMostrarBaixados=1
50815710220234047000,5081571-02.2023.4.04.7000,417,Apelação Criminal,GAB. 71 (Des. Federal ÂNGELO ROBERTO ILHA DA SILVA),2026-03-26,2026-05-08T03:35:32.685000Z,10,G2,https://www.trf4.jus.br/trf4/controlador.php?acao=consulta_processual_resultado_pesquisa&selForma=NU&txtValor=50815710220234047000&selOrigem=TRF&chkMostrarBaixados=1
50816750920144047000,5081675-09.2014.4.04.7000,417,Apelação Criminal,GAB. 82 (Des. Federal JOÃO PEDRO GEBRAN NETO),2016-07-19,2021-07-15T15:46:45.262000Z,20,G2,https://www.trf4.jus.br/trf4/controlador.php?acao=consulta_processual_resultado_pesquisa&selForma=NU&txtValor=50816750920144047000&selOrigem=TRF&chkMostrarBaixados=1
50831230220234047000,5083123-02.2023.4.04.7000,417,Apelação Criminal,GAB 73 Des Federal LUIZ CARLOS CANALLI,2026-04-27,2026-08-02T06:51:07.070000Z,41,G2,https://www.trf4.jus.br/trf4/controlador.php?acao=consulta_processual_resultado_pesquisa&selForma=NU&txtValor=50831230220234047000&selOrigem=TRF&chkMostrarBaixados=1
50832582920144047000,5083258-29.2014.4.04.7000,421,Embargos Infringentes e de Nulidade,GAB. 71 (Des. Federal ÂNGELO ROBERTO ILHA DA SILVA),2015-11-18,2025-04-24T19:13:37.457Z,244,G2,https://www.trf4.jus.br/trf4/controlador.php?acao=consulta_processual_resultado_pesquisa&selForma=NU&txtValor=50832582920144047000&selOrigem=TRF&chkMostrarBaixados=1
50833518920144047000,5083351-89.2014.4.04.7000,421,Embargos Infringentes e de Nulidade,Vice-Presidência,2016-04-06,2024-08-30T02:04:14.714Z,344,G2,https://www.trf4.jus.br/trf4/controlador.php?acao=consulta_processual_resultado_pesquisa&selForma=NU&txtValor=50833518920144047000&selOrigem=TRF&chkMostrarBaixados=1
50833605120144047000,5083360-51.2014.4.04.7000,421,Embargos Infringentes e de Nulidade,GAB. 71 (Des. Federal ÂNGELO ROBERTO ILHA DA SILVA),2016-03-31,2024-09-19T17:30:15.759Z,193,G2,https://www.trf4.jus.br/trf4/controlador.php?acao=consulta_processual_resultado_pesquisa&selForma=NU&txtValor=50833605120144047000&selOrigem=TRF&chkMostrarBaixados=1
50833760520144047000,5083376-05.2014.4.04.7000,421,Embargos Infringentes e de Nulidade,GAB. 71 (Des. Federal ÂNGELO ROBERTO ILHA DA SILVA),2015-10-13,2025-02-12T15:06:44.970Z,428,G2,https://www.trf4.jus.br/trf4/controlador.php?acao=consulta_processual_resultado_pesquisa&selForma=NU&txtValor=50833760520144047000&selOrigem=TRF&chkMostrarBaixados=1
50834011820144047000,5083401-18.2014.4.04.7000,421,Embargos Infringentes e de Nulidade,GAB 72 Des Federal ALEXANDRE GONCALVES LIPPEL,2016-03-30,2026-08-02T13:33:15.972000Z,514,G2,https://www.trf4.jus.br/trf4/controlador.php?acao=consulta_processual_resultado_pesquisa&selForma=NU&txtValor=50834011820144047000&selOrigem=TRF&chkMostrarBaixados=1
50838385920144047000,5083838-59.2014.4.04.7000,421,Embargos Infringentes e de Nulidade,GAB. 71 (Des. Federal ÂNGELO ROBERTO ILHA DA SILVA),2015-10-29,2025-06-14T14:00:37.897Z,148,G2,https://www.trf4.jus.br/trf4/controlador.php?acao=consulta_processual_resultado_pesquisa&selForma=NU&txtValor=50838385920144047000&selOrigem=TRF&chkMostrarBaixados=1
50850225020144047000,5085022-50.2014.4.04.7000,417,Apelação Criminal,GAB. 73 (Des. Federal LUIZ CARLOS CANALLI),2016-07-04,2025-06-14T11:53:34.020Z,70,G2,https://www.trf4.jus.br/trf4/controlador.php?acao=consulta_processual_resultado_pesquisa&selForma=NU&txtValor=50850225020144047000&selOrigem=TRF&chkMostrarBaixados=1
50855274120144047000,5085527-41.2014.4.04.7000,417,Apelação Criminal,GAB. 83 (Des. Federal CARLOS EDUARDO THOMPSON FLORES LENZ),2017-02-15,2024-09-21T15:41:28.927Z,107,G2,https://www.trf4.jus.br/trf4/controlador.php?acao=consulta_processual_resultado_pesquisa&selForma=NU&txtValor=50855274120144047000&selOrigem=TRF&chkMostrarBaixados=1
50860635220144047000,5086063-52.2014.4.04.7000,417,Apelação Criminal,GAB. 72 (Des. Federal SALISE MONTEIRO SANCHOTENE),2016-07-19,2021-07-24T02:44:08.468000Z,20,G2,https://www.trf4.jus.br/trf4/controlador.php?acao=consulta_processual_resultado_pesquisa&selForma=NU&txtValor=50860635220144047000&selOrigem=TRF&chkMostrarBaixados=1
50516062320164047000,5051606-23.2016.4.04.7000,417,Apelação Criminal,GAB. 82 (Des. Federal MARCELO MALUCELLI),2017-06-01,2024-09-23T08:50:01.672Z,383,G2,https://www.trf4.jus.br/trf4/controlador.php?acao=consulta_processual_resultado_pesquisa&selForma=NU&txtValor=50516062320164047000&selOrigem=TRF&chkMostrarBaixados=1
