numero_processo,numero_cnj,classe_codigo,classe_nome,assuntos,data_ajuizamento,ultima_atualizacao,qtd_movimentos,grau,formato,link_consulta
08612304619004025101,0861230-46.1900.4.02.5101,1727,Petição Criminal,Contravenções Penais,1981-01-09,2024-07-05T23:23:31.937000Z,2,G1,Eletrônico,https://eproc.jfrj.jus.br/eproc/externo_controlador.php?acao=processo_consulta_publica
00399558419914025101,0039955-84.1991.4.02.5101,283,Ação Penal - Procedimento Ordinário,Contravenções Penais,1991-07-04,2024-07-05T23:50:24.391000Z,12,G1,Eletrônico,https://eproc.jfrj.jus.br/eproc/externo_controlador.php?acao=processo_consulta_publica
00370218519934025101,0037021-85.1993.4.02.5101,283,Ação Penal - Procedimento Ordinário,Contravenções Penais,1993-09-14,2024-07-05T23:50:34.832000Z,6,G1,Eletrônico,https://eproc.jfrj.jus.br/eproc/externo_controlador.php?acao=processo_consulta_publica
00392160919944025101,0039216-09.1994.4.02.5101,283,Ação Penal - Procedimento Ordinário,Roubo ,1994-05-24,2026-08-21T00:08:05.330000Z,33,G1,Eletrônico,https://eproc.jfrj.jus.br/eproc/externo_controlador.php?acao=processo_consulta_publica
00315493519954025101,0031549-35.1995.4.02.5101,279,Inquérito Policial,Contravenções Penais,1995-06-29,2024-07-05T23:48:19.918000Z,5,G1,Eletrônico,https://eproc.jfrj.jus.br/eproc/externo_controlador.php?acao=processo_consulta_publica
00266635619964025101,0026663-56.1996.4.02.5101,283,Ação Penal - Procedimento Ordinário,Contravenções Penais,1996-05-08,2025-11-13T17:52:09.544000Z,9,G1,Eletrônico,https://eproc.jfrj.jus.br/eproc/externo_controlador.php?acao=processo_consulta_publica
00235401619974025101,0023540-16.1997.4.02.5101,283,Ação Penal - Procedimento Ordinário,Falsidade ideológica ,1997-01-27,2024-10-18T11:25:21.846000Z,32,G1,Eletrônico,https://eproc.jfrj.jus.br/eproc/externo_controlador.php?acao=processo_consulta_publica
00611753119974025101,0061175-31.1997.4.02.5101,279,Inquérito Policial,Contravenções Penais,1997-08-06,2024-07-05T23:20:56.567000Z,6,G1,Eletrônico,https://eproc.jfrj.jus.br/eproc/externo_controlador.php?acao=processo_consulta_publica
00619131919974025101,0061913-19.1997.4.02.5101,283,Ação Penal - Procedimento Ordinário,Crimes contra a Ordem Tributária,1997-09-19,2024-11-13T21:32:39.657000Z,9,G1,Eletrônico,https://eproc.jfrj.jus.br/eproc/externo_controlador.php?acao=processo_consulta_publica
00485806319984025101,0048580-63.1998.4.02.5101,283,Ação Penal - Procedimento Ordinário,Crimes do Sistema Nacional de Armas,1998-06-05,2026-04-08T21:51:09.485000Z,15,G1,Eletrônico,https://eproc.jfrj.jus.br/eproc/externo_controlador.php?acao=processo_consulta_publica
00495757619984025101,0049575-76.1998.4.02.5101,283,Ação Penal - Procedimento Ordinário,Contravenções Penais,1998-08-06,2024-07-06T00:12:37.561000Z,7,G1,Eletrônico,https://eproc.jfrj.jus.br/eproc/externo_controlador.php?acao=processo_consulta_publica
00632232619984025101,0063223-26.1998.4.02.5101,283,Ação Penal - Procedimento Ordinário,Crimes contra o Sistema Financeiro Nacional,1998-09-21,2024-09-26T21:02:35.772000Z,30,G1,Eletrônico,https://eproc.jfrj.jus.br/eproc/externo_controlador.php?acao=processo_consulta_publica
00468975419994025101,0046897-54.1999.4.02.5101,283,Ação Penal - Procedimento Ordinário,Crimes contra o Sistema Financeiro Nacional; Quadrilha ou Bando,1999-05-13,2024-07-05T23:50:42.417000Z,26,G1,Eletrônico,https://eproc.jfrj.jus.br/eproc/externo_controlador.php?acao=processo_consulta_publica
00473140719994025101,0047314-07.1999.4.02.5101,279,Inquérito Policial,Contravenções Penais,1999-06-15,2024-07-06T00:12:36.476000Z,6,G1,Eletrônico,https://eproc.jfrj.jus.br/eproc/externo_controlador.php?acao=processo_consulta_publica
00476371219994025101,0047637-12.1999.4.02.5101,283,Ação Penal - Procedimento Ordinário,Peculato,1999-07-19,2025-03-13T20:32:49.374000Z,52,G1,Eletrônico,https://eproc.jfrj.jus.br/eproc/externo_controlador.php?acao=processo_consulta_publica
00479454819994025101,0047945-48.1999.4.02.5101,283,Ação Penal - Procedimento Ordinário,Estelionato,1999-08-18,2024-07-05T23:50:25.491000Z,20,G1,Eletrônico,https://eproc.jfrj.jus.br/eproc/externo_controlador.php?acao=processo_consulta_publica
00484279319994025101,0048427-93.1999.4.02.5101,279,Inquérito Policial,Contravenções Penais,1999-10-04,2025-08-16T02:38:10.031000Z,21,G1,Eletrônico,https://eproc.jfrj.jus.br/eproc/externo_controlador.php?acao=processo_consulta_publica
00485421719994025101,0048542-17.1999.4.02.5101,283,Ação Penal - Procedimento Ordinário,Uso de documento falso ,1999-10-20,2025-12-13T14:34:42.325000Z,21,G1,Eletrônico,https://eproc.jfrj.jus.br/eproc/externo_controlador.php?acao=processo_consulta_publica
05002994820004025101,0500299-48.2000.4.02.5101,283,Ação Penal - Procedimento Ordinário,Falsificação de documento público; Uso de documento falso ,2000-01-27,2024-07-06T00:37:24.356000Z,19,G1,Eletrônico,https://eproc.jfrj.jus.br/eproc/externo_controlador.php?acao=processo_consulta_publica
05010304420004025101,0501030-44.2000.4.02.5101,283,Ação Penal - Procedimento Ordinário,Falsificação de documento público; Uso de documento falso ,2000-03-28,2024-07-06T00:37:02.906000Z,11,G1,Eletrônico,https://eproc.jfrj.jus.br/eproc/externo_controlador.php?acao=processo_consulta_publica
05091420220004025101,0509142-02.2000.4.02.5101,283,Ação Penal - Procedimento Ordinário,Contravenções Penais,2000-07-07,2024-07-06T00:38:31.974000Z,9,G1,Eletrônico,https://eproc.jfrj.jus.br/eproc/externo_controlador.php?acao=processo_consulta_publica
05122755220004025101,0512275-52.2000.4.02.5101,283,Ação Penal - Procedimento Ordinário,Contravenções Penais,2000-07-12,2026-07-15T06:36:59.169000Z,31,G1,Eletrônico,https://eproc.jfrj.jus.br/eproc/externo_controlador.php?acao=processo_consulta_publica
05123404720004025101,0512340-47.2000.4.02.5101,283,Ação Penal - Procedimento Ordinário,Uso de documento falso ,2000-07-20,2024-12-13T17:20:37.649000Z,27,G1,Eletrônico,https://eproc.jfrj.jus.br/eproc/externo_controlador.php?acao=processo_consulta_publica
05310606220004025101,0531060-62.2000.4.02.5101,329,Seqüestro,Contravenções Penais,2000-11-23,2024-07-06T00:39:41.707000Z,50,G1,Eletrônico,https://eproc.jfrj.jus.br/eproc/externo_controlador.php?acao=processo_consulta_publica
05311368620004025101,0531136-86.2000.4.02.5101,283,Ação Penal - Procedimento Ordinário,Roubo ,2000-11-29,2024-07-05T23:22:35.108000Z,33,G1,Eletrônico,https://eproc.jfrj.jus.br/eproc/externo_controlador.php?acao=processo_consulta_publica
05271023420014025101,0527102-34.2001.4.02.5101,283,Ação Penal - Procedimento Ordinário,Crimes contra a Ordem Tributária,2001-04-10,2025-10-14T08:24:44.953000Z,23,G1,Eletrônico,https://eproc.jfrj.jus.br/eproc/externo_controlador.php?acao=processo_consulta_publica
05291913020014025101,0529191-30.2001.4.02.5101,283,Ação Penal - Procedimento Ordinário,Destruição / Subração / Ocultação de Cadáver; Estelionato; Falsidade ideológica ; Homicídio Qualificado,2001-06-28,2026-07-15T06:40:19.471000Z,47,G1,Eletrônico,https://eproc.jfrj.jus.br/eproc/externo_controlador.php?acao=processo_consulta_publica
05297906620014025101,0529790-66.2001.4.02.5101,283,Ação Penal - Procedimento Ordinário,Uso de documento falso ,2001-08-08,2026-04-08T21:21:47.647000Z,18,G1,Eletrônico,https://eproc.jfrj.jus.br/eproc/externo_controlador.php?acao=processo_consulta_publica
04900267320014025101,0490026-73.2001.4.02.5101,283,Ação Penal - Procedimento Ordinário,Crimes de Tráfico Ilícito e Uso Indevido de Drogas,2001-10-12,2024-07-06T00:36:45.593000Z,29,G1,Eletrônico,https://eproc.jfrj.jus.br/eproc/externo_controlador.php?acao=processo_consulta_publica
04900328020014025101,0490032-80.2001.4.02.5101,280,Auto de Prisão em Flagrante,Crimes de Tráfico Ilícito e Uso Indevido de Drogas,2001-10-12,2024-07-06T00:37:05.481000Z,4,G1,Eletrônico,https://eproc.jfrj.jus.br/eproc/externo_controlador.php?acao=processo_consulta_publica
05349308120014025101,0534930-81.2001.4.02.5101,283,Ação Penal - Procedimento Ordinário,Contrabando ou descaminho ,2001-11-07,2024-07-06T00:39:41.381000Z,9,G1,Eletrônico,https://eproc.jfrj.jus.br/eproc/externo_controlador.php?acao=processo_consulta_publica
05349480520014025101,0534948-05.2001.4.02.5101,283,Ação Penal - Procedimento Ordinário,Contravenções Penais,2001-11-12,2025-04-14T14:27:07.912000Z,27,G1,Eletrônico,https://eproc.jfrj.jus.br/eproc/externo_controlador.php?acao=processo_consulta_publica
05010012320024025101,0501001-23.2002.4.02.5101,283,Ação Penal - Procedimento Ordinário,Crimes contra a Ordem Tributária,2002-01-08,2026-04-08T21:31:52.113000Z,19,G1,Eletrônico,https://eproc.jfrj.jus.br/eproc/externo_controlador.php?acao=processo_consulta_publica
05012714720024025101,0501271-47.2002.4.02.5101,1727,Petição Criminal,Contravenções Penais,2002-01-31,2025-11-13T17:52:22.048000Z,23,G1,Eletrônico,https://eproc.jfrj.jus.br/eproc/externo_controlador.php?acao=processo_consulta_publica
00004334320024025108,0000433-43.2002.4.02.5108,283,Ação Penal - Procedimento Ordinário,Uso de documento falso ,2002-05-09,2025-07-15T19:28:20.735000Z,54,G1,Eletrônico,https://eproc.jfrj.jus.br/eproc/externo_controlador.php?acao=processo_consulta_publica
05100750420024025101,0510075-04.2002.4.02.5101,283,Ação Penal - Procedimento Ordinário,Extorsão mediante Sequestro Seguida de Lesão Corporal Grave,2002-06-05,2024-07-06T00:38:45.495000Z,18,G1,Eletrônico,https://eproc.jfrj.jus.br/eproc/externo_controlador.php?acao=processo_consulta_publica
00003804120024025115,0000380-41.2002.4.02.5115,279,Inquérito Policial,Contravenções Penais,2002-06-20,2024-09-26T20:54:25.017000Z,9,G1,Eletrônico,https://eproc.jfrj.jus.br/eproc/externo_controlador.php?acao=processo_consulta_publica
05151831420024025101,0515183-14.2002.4.02.5101,283,Ação Penal - Procedimento Ordinário,Contrabando ou descaminho ,2002-08-15,2024-07-06T00:39:26.791000Z,17,G1,Eletrônico,https://eproc.jfrj.jus.br/eproc/externo_controlador.php?acao=processo_consulta_publica
05152767420024025101,0515276-74.2002.4.02.5101,283,Ação Penal - Procedimento Ordinário,Crimes de Tráfico Ilícito e Uso Indevido de Drogas,2002-08-22,2026-09-15T22:56:05.128000Z,25,G1,Eletrônico,https://eproc.jfrj.jus.br/eproc/externo_controlador.php?acao=processo_consulta_publica
05152862120024025101,0515286-21.2002.4.02.5101,329,Seqüestro,Contravenções Penais,2002-08-23,2024-07-06T00:39:39.661000Z,2,G1,Eletrônico,https://eproc.jfrj.jus.br/eproc/externo_controlador.php?acao=processo_consulta_publica
05154759620024025101,0515475-96.2002.4.02.5101,283,Ação Penal - Procedimento Ordinário,Uso de documento falso ,2002-09-05,2026-06-13T14:00:23.964000Z,49,G1,Eletrônico,https://eproc.jfrj.jus.br/eproc/externo_controlador.php?acao=processo_consulta_publica
05268604120024025101,0526860-41.2002.4.02.5101,279,Inquérito Policial,Contravenções Penais,2002-11-27,2024-07-06T00:40:43.032000Z,2,G1,Eletrônico,https://eproc.jfrj.jus.br/eproc/externo_controlador.php?acao=processo_consulta_publica
05330537220024025101,0533053-72.2002.4.02.5101,283,Ação Penal - Procedimento Ordinário,Crimes de Tráfico Ilícito e Uso Indevido de Drogas,2002-12-05,2024-07-06T00:39:21.108000Z,14,G1,Eletrônico,https://eproc.jfrj.jus.br/eproc/externo_controlador.php?acao=processo_consulta_publica
04902403020024025101,0490240-30.2002.4.02.5101,279,Inquérito Policial,Contravenções Penais,2002-12-23,2026-06-13T14:09:41.734000Z,8,G1,Eletrônico,https://eproc.jfrj.jus.br/eproc/externo_controlador.php?acao=processo_consulta_publica
05013188420034025101,0501318-84.2003.4.02.5101,283,Ação Penal - Procedimento Ordinário,Crimes contra a Ordem Tributária,2003-01-24,2024-07-06T00:37:26.430000Z,20,G1,Eletrônico,https://eproc.jfrj.jus.br/eproc/externo_controlador.php?acao=processo_consulta_publica
05016427420034025101,0501642-74.2003.4.02.5101,283,Ação Penal - Procedimento Ordinário,Contravenções Penais,2003-02-04,2024-07-06T00:37:29.663000Z,8,G1,Eletrônico,https://eproc.jfrj.jus.br/eproc/externo_controlador.php?acao=processo_consulta_publica
05034424020034025101,0503442-40.2003.4.02.5101,283,Ação Penal - Procedimento Ordinário,Falsificação / Corrupção / Adulteração / Alteração de produto destinado a fins terapêuticos ou medicinais,2003-03-17,2024-09-26T21:03:10.099000Z,27,G1,Eletrônico,https://eproc.jfrj.jus.br/eproc/externo_controlador.php?acao=processo_consulta_publica
05054309620034025101,0505430-96.2003.4.02.5101,283,Ação Penal - Procedimento Ordinário,Moeda Falsa / Assimilados,2003-04-29,2024-07-06T00:37:12.831000Z,11,G1,Eletrônico,https://eproc.jfrj.jus.br/eproc/externo_controlador.php?acao=processo_consulta_publica
05056647820034025101,0505664-78.2003.4.02.5101,283,Ação Penal - Procedimento Ordinário,Crimes contra a Ordem Tributária,2003-05-13,2024-09-26T20:54:18.617000Z,64,G1,Eletrônico,https://eproc.jfrj.jus.br/eproc/externo_controlador.php?acao=processo_consulta_publica
05057643320034025101,0505764-33.2003.4.02.5101,283,Ação Penal - Procedimento Ordinário,Crimes contra a Ordem Tributária,2003-05-20,2026-09-15T22:57:14.913000Z,44,G1,Eletrônico,https://eproc.jfrj.jus.br/eproc/externo_controlador.php?acao=processo_consulta_publica
05081019220034025101,0508101-92.2003.4.02.5101,283,Ação Penal - Procedimento Ordinário,Contravenções Penais,2003-05-29,2024-07-06T00:38:35.731000Z,9,G1,Eletrônico,https://eproc.jfrj.jus.br/eproc/externo_controlador.php?acao=processo_consulta_publica
05158644720034025101,0515864-47.2003.4.02.5101,283,Ação Penal - Procedimento Ordinário,"Crimes de &quot;Lavagem&quot; ou Ocultação de Bens, Direitos ou Valores",2003-09-09,2024-11-13T21:27:28.831000Z,16,G1,Eletrônico,https://eproc.jfrj.jus.br/eproc/externo_controlador.php?acao=processo_consulta_publica
05159805320034025101,0515980-53.2003.4.02.5101,283,Ação Penal - Procedimento Ordinário,Crimes de Tráfico Ilícito e Uso Indevido de Drogas,2003-09-16,2026-08-20T23:47:59.501000Z,43,G1,Eletrônico,https://eproc.jfrj.jus.br/eproc/externo_controlador.php?acao=processo_consulta_publica
05221391220034025101,0522139-12.2003.4.02.5101,279,Inquérito Policial,Contravenções Penais,2003-10-06,2024-07-06T00:39:51.008000Z,4,G1,Eletrônico,https://eproc.jfrj.jus.br/eproc/externo_controlador.php?acao=processo_consulta_publica
05275252320034025101,0527525-23.2003.4.02.5101,283,Ação Penal - Procedimento Ordinário,Crimes de Tráfico Ilícito e Uso Indevido de Drogas,2003-10-30,2026-04-08T21:32:02.431000Z,12,G1,Eletrônico,https://eproc.jfrj.jus.br/eproc/externo_controlador.php?acao=processo_consulta_publica
05324194220034025101,0532419-42.2003.4.02.5101,279,Inquérito Policial,Contravenções Penais,2003-11-04,2024-07-06T00:39:29.793000Z,2,G1,Eletrônico,https://eproc.jfrj.jus.br/eproc/externo_controlador.php?acao=processo_consulta_publica
05325363320034025101,0532536-33.2003.4.02.5101,283,Ação Penal - Procedimento Ordinário,Contravenções Penais,2003-11-11,2024-07-06T00:39:50.676000Z,7,G1,Eletrônico,https://eproc.jfrj.jus.br/eproc/externo_controlador.php?acao=processo_consulta_publica
05362422420034025101,0536242-24.2003.4.02.5101,283,Ação Penal - Procedimento Ordinário,Estelionato Majorado ,2003-12-02,2024-07-06T00:40:14.379000Z,27,G1,Eletrônico,https://eproc.jfrj.jus.br/eproc/externo_controlador.php?acao=processo_consulta_publica
00000405020044025108,0000040-50.2004.4.02.5108,283,Ação Penal - Procedimento Ordinário,Moeda Falsa / Assimilados,2004-01-21,2025-11-13T17:44:39.286000Z,25,G1,Eletrônico,https://eproc.jfrj.jus.br/eproc/externo_controlador.php?acao=processo_consulta_publica
05083025020044025101,0508302-50.2004.4.02.5101,283,Ação Penal - Procedimento Ordinário,Crimes contra a Ordem Tributária,2004-03-05,2024-07-06T00:37:56.612000Z,18,G1,Eletrônico,https://eproc.jfrj.jus.br/eproc/externo_controlador.php?acao=processo_consulta_publica
05088394620044025101,0508839-46.2004.4.02.5101,283,Ação Penal - Procedimento Ordinário,Crimes contra a Ordem Tributária,2004-04-02,2024-07-05T23:22:34.316000Z,31,G1,Eletrônico,https://eproc.jfrj.jus.br/eproc/externo_controlador.php?acao=processo_consulta_publica
05144472520044025101,0514447-25.2004.4.02.5101,279,Inquérito Policial,Contravenções Penais,2004-05-26,2024-07-05T23:22:51.467000Z,2,G1,Eletrônico,https://eproc.jfrj.jus.br/eproc/externo_controlador.php?acao=processo_consulta_publica
05190409720044025101,0519040-97.2004.4.02.5101,283,Ação Penal - Procedimento Ordinário,Crimes contra a Ordem Tributária,2004-07-06,2024-07-06T00:39:52.016000Z,40,G1,Eletrônico,https://eproc.jfrj.jus.br/eproc/externo_controlador.php?acao=processo_consulta_publica
05237359420044025101,0523735-94.2004.4.02.5101,283,Ação Penal - Procedimento Ordinário,Apropriação indébita Previdenciária ,2004-08-17,2025-03-13T20:20:54.199000Z,22,G1,Eletrônico,https://eproc.jfrj.jus.br/eproc/externo_controlador.php?acao=processo_consulta_publica
05280896520044025101,0528089-65.2004.4.02.5101,279,Inquérito Policial,Contravenções Penais,2004-09-08,2024-07-06T00:39:20.484000Z,2,G1,Eletrônico,https://eproc.jfrj.jus.br/eproc/externo_controlador.php?acao=processo_consulta_publica
05352936320044025101,0535293-63.2004.4.02.5101,283,Ação Penal - Procedimento Ordinário,Uso de documento falso ,2004-11-30,2024-07-05T23:22:50.768000Z,18,G1,Eletrônico,https://eproc.jfrj.jus.br/eproc/externo_controlador.php?acao=processo_consulta_publica
05357933220044025101,0535793-32.2004.4.02.5101,283,Ação Penal - Procedimento Ordinário,Estelionato,2004-12-17,2024-07-06T00:40:49.121000Z,24,G1,Eletrônico,https://eproc.jfrj.jus.br/eproc/externo_controlador.php?acao=processo_consulta_publica
05057160620054025101,0505716-06.2005.4.02.5101,279,Inquérito Policial,Contravenções Penais,2005-06-07,2024-10-18T11:34:42.068000Z,18,G1,Eletrônico,https://eproc.jfrj.jus.br/eproc/externo_controlador.php?acao=processo_consulta_publica
05152281320054025101,0515228-13.2005.4.02.5101,279,Inquérito Policial,Contravenções Penais,2005-07-11,2024-07-06T00:39:11.521000Z,5,G1,Eletrônico,https://eproc.jfrj.jus.br/eproc/externo_controlador.php?acao=processo_consulta_publica
05156577720054025101,0515657-77.2005.4.02.5101,283,Ação Penal - Procedimento Ordinário,Falsidade ideológica ; Falsificação de documento particular ; Peculato; Uso de documento falso ,2005-07-21,2026-08-20T23:22:30.705000Z,26,G1,Eletrônico,https://eproc.jfrj.jus.br/eproc/externo_controlador.php?acao=processo_consulta_publica
05221905220054025101,0522190-52.2005.4.02.5101,283,Ação Penal - Procedimento Ordinário,Crimes de Tráfico Ilícito e Uso Indevido de Drogas,2005-10-06,2026-06-13T14:31:48.510000Z,28,G1,Eletrônico,https://eproc.jfrj.jus.br/eproc/externo_controlador.php?acao=processo_consulta_publica
05233562220054025101,0523356-22.2005.4.02.5101,283,Ação Penal - Procedimento Ordinário,Estelionato Majorado ,2005-11-14,2024-07-06T00:39:39.329000Z,16,G1,Eletrônico,https://eproc.jfrj.jus.br/eproc/externo_controlador.php?acao=processo_consulta_publica
05234385320054025101,0523438-53.2005.4.02.5101,279,Inquérito Policial,Contravenções Penais,2005-11-18,2024-07-06T00:40:13.318000Z,12,G1,Eletrônico,https://eproc.jfrj.jus.br/eproc/externo_controlador.php?acao=processo_consulta_publica
05382128820054025101,0538212-88.2005.4.02.5101,283,Ação Penal - Procedimento Ordinário,Corrupção passiva ,2005-12-14,2024-07-06T00:40:50.124000Z,16,G1,Eletrônico,https://eproc.jfrj.jus.br/eproc/externo_controlador.php?acao=processo_consulta_publica
05020359120064025101,0502035-91.2006.4.02.5101,283,Ação Penal - Procedimento Ordinário,Apropriação indébita Previdenciária ,2006-01-24,2024-07-05T23:22:55.653000Z,32,G1,Eletrônico,https://eproc.jfrj.jus.br/eproc/externo_controlador.php?acao=processo_consulta_publica
05031435820064025101,0503143-58.2006.4.02.5101,283,Ação Penal - Procedimento Ordinário,Crime de Desvio e/ou Circulação de Moeda Não Autorizada,2006-02-16,2024-07-06T00:38:10.606000Z,10,G1,Eletrônico,https://eproc.jfrj.jus.br/eproc/externo_controlador.php?acao=processo_consulta_publica
05035826920064025101,0503582-69.2006.4.02.5101,283,Ação Penal - Procedimento Ordinário,Crimes contra a Ordem Tributária,2006-03-20,2024-07-06T00:38:02.948000Z,9,G1,Eletrônico,https://eproc.jfrj.jus.br/eproc/externo_controlador.php?acao=processo_consulta_publica
05035852420064025101,0503585-24.2006.4.02.5101,279,Inquérito Policial,Contravenções Penais,2006-03-20,2024-07-06T00:38:12.389000Z,2,G1,Eletrônico,https://eproc.jfrj.jus.br/eproc/externo_controlador.php?acao=processo_consulta_publica
05091749420064025101,0509174-94.2006.4.02.5101,283,Ação Penal - Procedimento Ordinário,Estelionato,2006-04-05,2024-07-06T00:38:38.220000Z,13,G1,Eletrônico,https://eproc.jfrj.jus.br/eproc/externo_controlador.php?acao=processo_consulta_publica
05099941620064025101,0509994-16.2006.4.02.5101,283,Ação Penal - Procedimento Ordinário,Crimes contra a Ordem Tributária,2006-04-27,2024-07-06T00:38:52.622000Z,23,G1,Eletrônico,https://eproc.jfrj.jus.br/eproc/externo_controlador.php?acao=processo_consulta_publica
05130488720064025101,0513048-87.2006.4.02.5101,279,Inquérito Policial,Contravenções Penais,2006-04-28,2024-07-06T00:39:11.458000Z,2,G1,Eletrônico,https://eproc.jfrj.jus.br/eproc/externo_controlador.php?acao=processo_consulta_publica
05170284220064025101,0517028-42.2006.4.02.5101,283,Ação Penal - Procedimento Ordinário,"Crimes contra a Ordem Tributária; Crimes contra o Sistema Financeiro Nacional; Crimes de &quot;Lavagem&quot; ou Ocultação de Bens, Direitos ou Valores; Quadrilha ou Bando",2006-05-26,2024-07-06T00:40:11.149000Z,23,G1,Eletrônico,https://eproc.jfrj.jus.br/eproc/externo_controlador.php?acao=processo_consulta_publica
05230363520064025101,0523036-35.2006.4.02.5101,283,Ação Penal - Procedimento Ordinário,Crimes contra o Sistema Financeiro Nacional,2006-06-28,2024-07-06T00:39:44.650000Z,5,G1,Eletrônico,https://eproc.jfrj.jus.br/eproc/externo_controlador.php?acao=processo_consulta_publica
04901637920064025101,0490163-79.2006.4.02.5101,283,Ação Penal - Procedimento Ordinário,Moeda Falsa / Assimilados,2006-07-18,2024-07-06T00:37:15.895000Z,12,G1,Eletrônico,https://eproc.jfrj.jus.br/eproc/externo_controlador.php?acao=processo_consulta_publica
05237639120064025101,0523763-91.2006.4.02.5101,279,Inquérito Policial,Contravenções Penais,2006-07-21,2024-07-06T00:39:55.286000Z,5,G1,Eletrônico,https://eproc.jfrj.jus.br/eproc/externo_controlador.php?acao=processo_consulta_publica
05292106020064025101,0529210-60.2006.4.02.5101,279,Inquérito Policial,Contravenções Penais,2006-09-05,2024-07-06T00:40:23.511000Z,2,G1,Eletrônico,https://eproc.jfrj.jus.br/eproc/externo_controlador.php?acao=processo_consulta_publica
05298012220064025101,0529801-22.2006.4.02.5101,279,Inquérito Policial,Contravenções Penais,2006-09-28,2024-07-06T00:39:49.434000Z,2,G1,Eletrônico,https://eproc.jfrj.jus.br/eproc/externo_controlador.php?acao=processo_consulta_publica
05325691820064025101,0532569-18.2006.4.02.5101,279,Inquérito Policial,Contravenções Penais,2006-11-07,2024-07-06T00:39:37.926000Z,2,G1,Eletrônico,https://eproc.jfrj.jus.br/eproc/externo_controlador.php?acao=processo_consulta_publica
05326921620064025101,0532692-16.2006.4.02.5101,279,Inquérito Policial,Contravenções Penais,2006-11-09,2024-07-06T00:39:52.853000Z,2,G1,Eletrônico,https://eproc.jfrj.jus.br/eproc/externo_controlador.php?acao=processo_consulta_publica
05382316020064025101,0538231-60.2006.4.02.5101,283,Ação Penal - Procedimento Ordinário,Uso de documento falso ,2006-12-12,2024-09-26T20:50:07.624000Z,23,G1,Eletrônico,https://eproc.jfrj.jus.br/eproc/externo_controlador.php?acao=processo_consulta_publica
05382558820064025101,0538255-88.2006.4.02.5101,279,Inquérito Policial,Contravenções Penais,2006-12-13,2024-07-06T00:40:40.907000Z,2,G1,Eletrônico,https://eproc.jfrj.jus.br/eproc/externo_controlador.php?acao=processo_consulta_publica
08010120320074025101,0801012-03.2007.4.02.5101,283,Ação Penal - Procedimento Ordinário,Tráfico de Drogas e Condutas Afins,2007-01-08,2024-07-06T00:41:04.425000Z,42,G1,Eletrônico,https://eproc.jfrj.jus.br/eproc/externo_controlador.php?acao=processo_consulta_publica
08015074720074025101,0801507-47.2007.4.02.5101,283,Ação Penal - Procedimento Ordinário,Crimes contra o Sistema Financeiro Nacional,2007-01-29,2024-07-05T23:23:21.032000Z,45,G1,Eletrônico,https://eproc.jfrj.jus.br/eproc/externo_controlador.php?acao=processo_consulta_publica
50104059820244025101,5010405-98.2024.4.02.5101,283,Ação Penal - Procedimento Ordinário,Estelionato Majorado ,2007-03-13,2024-09-26T21:10:52.401000Z,5,G1,Eletrônico,https://eproc.jfrj.jus.br/eproc/externo_controlador.php?acao=processo_consulta_publica
00011405320074025102,0001140-53.2007.4.02.5102,283,Ação Penal - Procedimento Ordinário,Estelionato Majorado ,2007-03-13,2025-04-14T14:33:31.500000Z,29,G1,Eletrônico,https://eproc.jfrj.jus.br/eproc/externo_controlador.php?acao=processo_consulta_publica
08028160620074025101,0802816-06.2007.4.02.5101,279,Inquérito Policial,Contravenções Penais,2007-04-10,2024-07-06T00:41:18.851000Z,10,G1,Eletrônico,https://eproc.jfrj.jus.br/eproc/externo_controlador.php?acao=processo_consulta_publica
08046200920074025101,0804620-09.2007.4.02.5101,1727,Petição Criminal,"Crimes de &quot;Lavagem&quot; ou Ocultação de Bens, Direitos ou Valores",2007-05-18,2024-07-06T00:41:06.625000Z,4,G1,Eletrônico,https://eproc.jfrj.jus.br/eproc/externo_controlador.php?acao=processo_consulta_publica
08046219120074025101,0804621-91.2007.4.02.5101,1727,Petição Criminal,"Crimes de &quot;Lavagem&quot; ou Ocultação de Bens, Direitos ou Valores",2007-05-18,2024-07-06T00:40:52.449000Z,4,G1,Eletrônico,https://eproc.jfrj.jus.br/eproc/externo_controlador.php?acao=processo_consulta_publica
08049839320074025101,0804983-93.2007.4.02.5101,283,Ação Penal - Procedimento Ordinário,Homicídio Qualificado,2007-06-06,2024-07-06T00:40:16.864000Z,11,G1,Eletrônico,https://eproc.jfrj.jus.br/eproc/externo_controlador.php?acao=processo_consulta_publica
08063080620074025101,0806308-06.2007.4.02.5101,283,Ação Penal - Procedimento Ordinário,"Crimes de &quot;Lavagem&quot; ou Ocultação de Bens, Direitos ou Valores",2007-06-22,2024-07-06T00:41:26.137000Z,9,G1,Eletrônico,https://eproc.jfrj.jus.br/eproc/externo_controlador.php?acao=processo_consulta_publica
08068659020074025101,0806865-90.2007.4.02.5101,283,Ação Penal - Procedimento Ordinário,"Crimes de &quot;Lavagem&quot; ou Ocultação de Bens, Direitos ou Valores",2007-07-17,2024-07-05T23:23:00.144000Z,12,G1,Eletrônico,https://eproc.jfrj.jus.br/eproc/externo_controlador.php?acao=processo_consulta_publica
08079813420074025101,0807981-34.2007.4.02.5101,283,Ação Penal - Procedimento Ordinário,Calúnia,2007-09-06,2024-07-06T00:39:50.590000Z,11,G1,Eletrônico,https://eproc.jfrj.jus.br/eproc/externo_controlador.php?acao=processo_consulta_publica
04901894320074025101,0490189-43.2007.4.02.5101,283,Ação Penal - Procedimento Ordinário,Falsidade ideológica ; Quadrilha ou Bando,2007-09-08,2024-07-06T00:36:36.067000Z,23,G1,Eletrônico,https://eproc.jfrj.jus.br/eproc/externo_controlador.php?acao=processo_consulta_publica
08097178720074025101,0809717-87.2007.4.02.5101,279,Inquérito Policial,Contravenções Penais,2007-09-20,2024-07-06T00:59:48.516000Z,4,G1,Eletrônico,https://eproc.jfrj.jus.br/eproc/externo_controlador.php?acao=processo_consulta_publica
08112160920074025101,0811216-09.2007.4.02.5101,283,Ação Penal - Procedimento Ordinário,Estelionato Majorado ,2007-10-02,2026-08-20T23:21:45.549000Z,35,G1,Eletrônico,https://eproc.jfrj.jus.br/eproc/externo_controlador.php?acao=processo_consulta_publica
08122302820074025101,0812230-28.2007.4.02.5101,283,Ação Penal - Procedimento Ordinário,Uso de documento falso ,2007-10-29,2024-07-06T00:40:59.607000Z,27,G1,Eletrônico,https://eproc.jfrj.jus.br/eproc/externo_controlador.php?acao=processo_consulta_publica
08125005220074025101,0812500-52.2007.4.02.5101,283,Ação Penal - Procedimento Ordinário,Estelionato,2007-11-08,2024-07-06T00:41:08.234000Z,13,G1,Eletrônico,https://eproc.jfrj.jus.br/eproc/externo_controlador.php?acao=processo_consulta_publica
08140638120074025101,0814063-81.2007.4.02.5101,279,Inquérito Policial,Contravenções Penais,2007-12-06,2024-07-06T00:59:57.366000Z,2,G1,Eletrônico,https://eproc.jfrj.jus.br/eproc/externo_controlador.php?acao=processo_consulta_publica
08145069520084025101,0814506-95.2008.4.02.5101,283,Ação Penal - Procedimento Ordinário,Crimes da Lei de licitações,2008-10-21T16:15:00.000Z,2024-07-06T01:00:10.308Z,7,G1,Eletrônico,https://eproc.jfrj.jus.br/eproc/externo_controlador.php?acao=processo_consulta_publica
08011685420084025101,0801168-54.2008.4.02.5101,283,Ação Penal - Procedimento Ordinário,Inserção de dados falsos em sistema de informações ,2008-02-18,2024-07-06T00:40:50.123000Z,9,G1,Eletrônico,https://eproc.jfrj.jus.br/eproc/externo_controlador.php?acao=processo_consulta_publica
08020848820084025101,0802084-88.2008.4.02.5101,279,Inquérito Policial,Contravenções Penais,2008-02-29,2024-07-06T00:40:50.471000Z,3,G1,Eletrônico,https://eproc.jfrj.jus.br/eproc/externo_controlador.php?acao=processo_consulta_publica
08019644520084025101,0801964-45.2008.4.02.5101,307,Habeas Corpus Criminal,Associação para a Produção e Tráfico e Condutas Afins,2008-03-06,2024-07-05T23:23:26.456000Z,6,G1,Eletrônico,https://eproc.jfrj.jus.br/eproc/externo_controlador.php?acao=processo_consulta_publica
08024806520084025101,0802480-65.2008.4.02.5101,279,Inquérito Policial,Contravenções Penais,2008-03-11,2024-07-06T00:41:00.826000Z,20,G1,Eletrônico,https://eproc.jfrj.jus.br/eproc/externo_controlador.php?acao=processo_consulta_publica
08025057820084025101,0802505-78.2008.4.02.5101,283,Ação Penal - Procedimento Ordinário,Crimes contra a Ordem Tributária,2008-03-12,2024-07-06T00:40:34.521000Z,10,G1,Eletrônico,https://eproc.jfrj.jus.br/eproc/externo_controlador.php?acao=processo_consulta_publica
08035095320084025101,0803509-53.2008.4.02.5101,279,Inquérito Policial,Contravenções Penais,2008-04-07,2024-07-06T00:59:49.829000Z,2,G1,Eletrônico,https://eproc.jfrj.jus.br/eproc/externo_controlador.php?acao=processo_consulta_publica
08040196620084025101,0804019-66.2008.4.02.5101,279,Inquérito Policial,Contravenções Penais,2008-04-14,2024-07-06T00:39:51.090000Z,2,G1,Eletrônico,https://eproc.jfrj.jus.br/eproc/externo_controlador.php?acao=processo_consulta_publica
08041261320084025101,0804126-13.2008.4.02.5101,279,Inquérito Policial,Contravenções Penais,2008-04-14,2024-07-06T00:40:36.696000Z,2,G1,Eletrônico,https://eproc.jfrj.jus.br/eproc/externo_controlador.php?acao=processo_consulta_publica
08053014220084025101,0805301-42.2008.4.02.5101,283,Ação Penal - Procedimento Ordinário,Crimes contra o Sistema Financeiro Nacional; Uso de documento falso ,2008-05-09,2024-12-13T18:09:56.779000Z,47,G1,Eletrônico,https://eproc.jfrj.jus.br/eproc/externo_controlador.php?acao=processo_consulta_publica
04901155220084025101,0490115-52.2008.4.02.5101,283,Ação Penal - Procedimento Ordinário,Crimes de Tráfico Ilícito e Uso Indevido de Drogas,2008-05-22,2025-04-14T14:36:43.430000Z,47,G1,Eletrônico,https://eproc.jfrj.jus.br/eproc/externo_controlador.php?acao=processo_consulta_publica
08068724820084025101,0806872-48.2008.4.02.5101,283,Ação Penal - Procedimento Ordinário,Roubo ,2008-06-04,2024-07-06T00:40:53.807000Z,14,G1,Eletrônico,https://eproc.jfrj.jus.br/eproc/externo_controlador.php?acao=processo_consulta_publica
08069218920084025101,0806921-89.2008.4.02.5101,283,Ação Penal - Procedimento Ordinário,Contravenções Penais,2008-06-06,2024-07-06T00:40:58.815000Z,11,G1,Eletrônico,https://eproc.jfrj.jus.br/eproc/externo_controlador.php?acao=processo_consulta_publica
08074025220084025101,0807402-52.2008.4.02.5101,1727,Petição Criminal,"Crimes contra a Ordem Tributária; Crimes contra o Sistema Financeiro Nacional; Crimes de &quot;Lavagem&quot; ou Ocultação de Bens, Direitos ou Valores",2008-06-17,2024-07-06T00:40:35.404000Z,4,G1,Eletrônico,https://eproc.jfrj.jus.br/eproc/externo_controlador.php?acao=processo_consulta_publica
08078148020084025101,0807814-80.2008.4.02.5101,283,Ação Penal - Procedimento Ordinário,Homicídio Qualificado,2008-06-24,2024-07-06T00:59:47.095000Z,17,G1,Eletrônico,https://eproc.jfrj.jus.br/eproc/externo_controlador.php?acao=processo_consulta_publica
08077645420084025101,0807764-54.2008.4.02.5101,279,Inquérito Policial,Contravenções Penais,2008-06-25,2024-07-06T00:41:01.175000Z,25,G1,Eletrônico,https://eproc.jfrj.jus.br/eproc/externo_controlador.php?acao=processo_consulta_publica
08095997720084025101,0809599-77.2008.4.02.5101,283,Ação Penal - Procedimento Ordinário,Roubo ,2008-07-10,2024-07-06T00:40:46.949000Z,11,G1,Eletrônico,https://eproc.jfrj.jus.br/eproc/externo_controlador.php?acao=processo_consulta_publica
08101497220084025101,0810149-72.2008.4.02.5101,329,Seqüestro,Contravenções Penais,2008-07-16,2024-09-26T20:53:22.176000Z,59,G1,Eletrônico,https://eproc.jfrj.jus.br/eproc/externo_controlador.php?acao=processo_consulta_publica
08104960820084025101,0810496-08.2008.4.02.5101,283,Ação Penal - Procedimento Ordinário,Roubo ,2008-07-24,2024-07-06T00:41:08.873000Z,12,G1,Eletrônico,https://eproc.jfrj.jus.br/eproc/externo_controlador.php?acao=processo_consulta_publica
08106338720084025101,0810633-87.2008.4.02.5101,283,Ação Penal - Procedimento Ordinário,Crimes contra o Sistema Financeiro Nacional,2008-08-01,2024-09-26T21:01:30.829000Z,39,G1,Eletrônico,https://eproc.jfrj.jus.br/eproc/externo_controlador.php?acao=processo_consulta_publica
08110365620084025101,0811036-56.2008.4.02.5101,283,Ação Penal - Procedimento Ordinário,Uso de documento falso ,2008-08-05,2024-07-06T00:40:37.002000Z,25,G1,Eletrônico,https://eproc.jfrj.jus.br/eproc/externo_controlador.php?acao=processo_consulta_publica
08129263020084025101,0812926-30.2008.4.02.5101,283,Ação Penal - Procedimento Ordinário,Crimes da Lei de licitações; Prevaricação,2008-09-18,2024-07-06T00:40:57.409000Z,13,G1,Eletrônico,https://eproc.jfrj.jus.br/eproc/externo_controlador.php?acao=processo_consulta_publica
08132701120084025101,0813270-11.2008.4.02.5101,279,Inquérito Policial,Apropriação indébita Previdenciária ,2008-09-24,2024-07-06T00:59:39.903000Z,5,G1,Eletrônico,https://eproc.jfrj.jus.br/eproc/externo_controlador.php?acao=processo_consulta_publica
08133792520084025101,0813379-25.2008.4.02.5101,283,Ação Penal - Procedimento Ordinário,Falsificação do selo ou sinal público ,2008-09-26,2024-07-06T00:41:00.634000Z,12,G1,Eletrônico,https://eproc.jfrj.jus.br/eproc/externo_controlador.php?acao=processo_consulta_publica
08139352720084025101,0813935-27.2008.4.02.5101,279,Inquérito Policial,Contravenções Penais,2008-10-07,2024-07-06T00:41:04.737000Z,2,G1,Eletrônico,https://eproc.jfrj.jus.br/eproc/externo_controlador.php?acao=processo_consulta_publica
08139769120084025101,0813976-91.2008.4.02.5101,279,Inquérito Policial,Contravenções Penais,2008-10-08,2024-07-05T23:23:31.492000Z,2,G1,Eletrônico,https://eproc.jfrj.jus.br/eproc/externo_controlador.php?acao=processo_consulta_publica
08139863820084025101,0813986-38.2008.4.02.5101,279,Inquérito Policial,Contravenções Penais,2008-10-09,2024-07-06T01:00:16.822000Z,5,G1,Eletrônico,https://eproc.jfrj.jus.br/eproc/externo_controlador.php?acao=processo_consulta_publica
08140574020084025101,0814057-40.2008.4.02.5101,283,Ação Penal - Procedimento Ordinário,Crimes contra a Ordem Tributária,2008-10-09,2024-07-06T00:41:02.458000Z,8,G1,Eletrônico,https://eproc.jfrj.jus.br/eproc/externo_controlador.php?acao=processo_consulta_publica
08142444820084025101,0814244-48.2008.4.02.5101,279,Inquérito Policial,Contravenções Penais,2008-10-14,2024-07-06T00:41:09.558000Z,3,G1,Eletrônico,https://eproc.jfrj.jus.br/eproc/externo_controlador.php?acao=processo_consulta_publica
08142436320084025101,0814243-63.2008.4.02.5101,283,Ação Penal - Procedimento Ordinário,Crimes contra a Ordem Tributária,2008-10-14,2024-07-06T00:41:03.117000Z,11,G1,Eletrônico,https://eproc.jfrj.jus.br/eproc/externo_controlador.php?acao=processo_consulta_publica
08143475520084025101,0814347-55.2008.4.02.5101,283,Ação Penal - Procedimento Ordinário,Tráfico de Drogas e Condutas Afins,2008-10-17,2026-09-15T22:56:07.453000Z,56,G1,Eletrônico,https://eproc.jfrj.jus.br/eproc/externo_controlador.php?acao=processo_consulta_publica
08144722320084025101,0814472-23.2008.4.02.5101,283,Ação Penal - Procedimento Ordinário,Estelionato,2008-10-21,2024-07-06T00:41:04.678000Z,7,G1,Eletrônico,https://eproc.jfrj.jus.br/eproc/externo_controlador.php?acao=processo_consulta_publica
04902194420084025101,0490219-44.2008.4.02.5101,283,Ação Penal - Procedimento Ordinário,Crimes de Tráfico Ilícito e Uso Indevido de Drogas,2008-11-01,2025-02-13T20:41:48.345000Z,27,G1,Eletrônico,https://eproc.jfrj.jus.br/eproc/externo_controlador.php?acao=processo_consulta_publica
08150923520084025101,0815092-35.2008.4.02.5101,283,Ação Penal - Procedimento Ordinário,Estelionato Majorado ,2008-11-05,2024-07-06T00:41:00.572000Z,13,G1,Eletrônico,https://eproc.jfrj.jus.br/eproc/externo_controlador.php?acao=processo_consulta_publica
08151061920084025101,0815106-19.2008.4.02.5101,279,Inquérito Policial,Contravenções Penais,2008-11-05,2024-07-06T00:41:06.328000Z,3,G1,Eletrônico,https://eproc.jfrj.jus.br/eproc/externo_controlador.php?acao=processo_consulta_publica
08163897720084025101,0816389-77.2008.4.02.5101,279,Inquérito Policial,Contravenções Penais,2008-11-21,2024-07-06T00:41:09.679000Z,2,G1,Eletrônico,https://eproc.jfrj.jus.br/eproc/externo_controlador.php?acao=processo_consulta_publica
00052001120084025110,0005200-11.2008.4.02.5110,279,Inquérito Policial,Contravenções Penais,2008-12-02,2024-07-05T22:15:33.652000Z,2,G1,Eletrônico,https://eproc.jfrj.jus.br/eproc/externo_controlador.php?acao=processo_consulta_publica
08176801520084025101,0817680-15.2008.4.02.5101,279,Inquérito Policial,Contravenções Penais,2008-12-18,2024-07-06T00:39:42.572000Z,2,G1,Eletrônico,https://eproc.jfrj.jus.br/eproc/externo_controlador.php?acao=processo_consulta_publica
08176663120084025101,0817666-31.2008.4.02.5101,279,Inquérito Policial,Contravenções Penais,2008-12-18,2025-10-14T05:29:49.434000Z,14,G1,Eletrônico,https://eproc.jfrj.jus.br/eproc/externo_controlador.php?acao=processo_consulta_publica
08178569120084025101,0817856-91.2008.4.02.5101,279,Inquérito Policial,Contravenções Penais,2008-12-19,2024-07-06T00:41:07.765000Z,2,G1,Eletrônico,https://eproc.jfrj.jus.br/eproc/externo_controlador.php?acao=processo_consulta_publica
08179989520084025101,0817998-95.2008.4.02.5101,283,Ação Penal - Procedimento Ordinário,Contravenções Penais,2008-12-19,2026-06-13T14:13:35.029000Z,14,G1,Eletrônico,https://eproc.jfrj.jus.br/eproc/externo_controlador.php?acao=processo_consulta_publica
00000447820094025119,0000044-78.2009.4.02.5119,279,Inquérito Policial,Contravenções Penais,2009-01-16,2024-07-05T22:53:46.838000Z,4,G1,Eletrônico,https://eproc.jfrj.jus.br/eproc/externo_controlador.php?acao=processo_consulta_publica
00000439320094025119,0000043-93.2009.4.02.5119,279,Inquérito Policial,Contravenções Penais,2009-01-16,2024-07-06T00:15:04.055000Z,4,G1,Eletrônico,https://eproc.jfrj.jus.br/eproc/externo_controlador.php?acao=processo_consulta_publica
08010236120094025101,0801023-61.2009.4.02.5101,283,Ação Penal - Procedimento Ordinário,Estelionato Majorado ,2009-01-28,2024-09-26T20:51:28.499000Z,28,G1,Eletrônico,https://eproc.jfrj.jus.br/eproc/externo_controlador.php?acao=processo_consulta_publica
08010114720094025101,0801011-47.2009.4.02.5101,283,Ação Penal - Procedimento Ordinário,Crimes contra o Sistema Financeiro Nacional,2009-01-30,2024-07-06T00:59:55.407000Z,9,G1,Eletrônico,https://eproc.jfrj.jus.br/eproc/externo_controlador.php?acao=processo_consulta_publica
08010963320094025101,0801096-33.2009.4.02.5101,279,Inquérito Policial,Contravenções Penais,2009-02-03,2024-07-06T00:40:56.196000Z,4,G1,Eletrônico,https://eproc.jfrj.jus.br/eproc/externo_controlador.php?acao=processo_consulta_publica
08012176120094025101,0801217-61.2009.4.02.5101,283,Ação Penal - Procedimento Ordinário,Crimes de Tráfico Ilícito e Uso Indevido de Drogas,2009-02-04,2024-07-05T23:23:20.458000Z,13,G1,Eletrônico,https://eproc.jfrj.jus.br/eproc/externo_controlador.php?acao=processo_consulta_publica
08012159120094025101,0801215-91.2009.4.02.5101,283,Ação Penal - Procedimento Ordinário,Crimes de Tráfico Ilícito e Uso Indevido de Drogas,2009-02-04,2024-07-06T00:40:51.951000Z,24,G1,Eletrônico,https://eproc.jfrj.jus.br/eproc/externo_controlador.php?acao=processo_consulta_publica
08012262320094025101,0801226-23.2009.4.02.5101,283,Ação Penal - Procedimento Ordinário,Tráfico de Drogas e Condutas Afins,2009-02-05,2024-07-06T00:40:06.585000Z,10,G1,Eletrônico,https://eproc.jfrj.jus.br/eproc/externo_controlador.php?acao=processo_consulta_publica
08014497320094025101,0801449-73.2009.4.02.5101,283,Ação Penal - Procedimento Ordinário,Estelionato Majorado ,2009-02-11,2024-07-06T00:40:54.108000Z,26,G1,Eletrônico,https://eproc.jfrj.jus.br/eproc/externo_controlador.php?acao=processo_consulta_publica
08014748620094025101,0801474-86.2009.4.02.5101,279,Inquérito Policial,Contravenções Penais,2009-02-11,2024-07-06T00:40:43.796000Z,12,G1,Eletrônico,https://eproc.jfrj.jus.br/eproc/externo_controlador.php?acao=processo_consulta_publica
08025089620094025101,0802508-96.2009.4.02.5101,279,Inquérito Policial,Contravenções Penais,2009-02-17,2024-07-06T00:41:08.441000Z,2,G1,Eletrônico,https://eproc.jfrj.jus.br/eproc/externo_controlador.php?acao=processo_consulta_publica
08028414820094025101,0802841-48.2009.4.02.5101,283,Ação Penal - Procedimento Ordinário,"Crimes de &quot;Lavagem&quot; ou Ocultação de Bens, Direitos ou Valores",2009-03-05,2024-07-06T00:41:11.136000Z,11,G1,Eletrônico,https://eproc.jfrj.jus.br/eproc/externo_controlador.php?acao=processo_consulta_publica
08027289420094025101,0802728-94.2009.4.02.5101,279,Inquérito Policial,Contravenções Penais,2009-03-05,2024-07-06T00:40:36.679000Z,3,G1,Eletrônico,https://eproc.jfrj.jus.br/eproc/externo_controlador.php?acao=processo_consulta_publica
08027704620094025101,0802770-46.2009.4.02.5101,279,Inquérito Policial,Contravenções Penais,2009-03-10,2024-07-06T00:41:15.983000Z,2,G1,Eletrônico,https://eproc.jfrj.jus.br/eproc/externo_controlador.php?acao=processo_consulta_publica
08031480220094025101,0803148-02.2009.4.02.5101,283,Ação Penal - Procedimento Ordinário,Roubo ,2009-03-12,2024-07-06T00:41:08.565000Z,20,G1,Eletrônico,https://eproc.jfrj.jus.br/eproc/externo_controlador.php?acao=processo_consulta_publica
08039872720094025101,0803987-27.2009.4.02.5101,283,Ação Penal - Procedimento Ordinário,Tráfico de Drogas e Condutas Afins,2009-03-25,2024-07-06T00:41:03.203000Z,12,G1,Eletrônico,https://eproc.jfrj.jus.br/eproc/externo_controlador.php?acao=processo_consulta_publica
08042116220094025101,0804211-62.2009.4.02.5101,279,Inquérito Policial,Contravenções Penais,2009-04-02,2025-10-14T10:34:42.962000Z,6,G1,Eletrônico,https://eproc.jfrj.jus.br/eproc/externo_controlador.php?acao=processo_consulta_publica
08045684220094025101,0804568-42.2009.4.02.5101,279,Inquérito Policial,Contravenções Penais,2009-04-15,2024-07-05T23:23:18.317000Z,2,G1,Eletrônico,https://eproc.jfrj.jus.br/eproc/externo_controlador.php?acao=processo_consulta_publica
08046697920094025101,0804669-79.2009.4.02.5101,283,Ação Penal - Procedimento Ordinário,Contrabando ou descaminho ,2009-04-16,2024-07-06T00:40:52.380000Z,38,G1,Eletrônico,https://eproc.jfrj.jus.br/eproc/externo_controlador.php?acao=processo_consulta_publica
08050257420094025101,0805025-74.2009.4.02.5101,279,Inquérito Policial,Contravenções Penais,2009-04-24,2024-07-06T00:41:15.012000Z,2,G1,Eletrônico,https://eproc.jfrj.jus.br/eproc/externo_controlador.php?acao=processo_consulta_publica
00028805120094025110,0002880-51.2009.4.02.5110,283,Ação Penal - Procedimento Ordinário,Contravenções Penais,2009-04-27,2024-07-05T21:39:52.493000Z,7,G1,Eletrônico,https://eproc.jfrj.jus.br/eproc/externo_controlador.php?acao=processo_consulta_publica
08052023820094025101,0805202-38.2009.4.02.5101,283,Ação Penal - Procedimento Ordinário,Associação para a Produção e Tráfico e Condutas Afins,2009-05-04,2024-07-06T00:40:56.077000Z,15,G1,Eletrônico,https://eproc.jfrj.jus.br/eproc/externo_controlador.php?acao=processo_consulta_publica
08053184420094025101,0805318-44.2009.4.02.5101,279,Inquérito Policial,Contravenções Penais,2009-05-12,2024-07-06T00:40:16.857000Z,6,G1,Eletrônico,https://eproc.jfrj.jus.br/eproc/externo_controlador.php?acao=processo_consulta_publica
08055262820094025101,0805526-28.2009.4.02.5101,283,Ação Penal - Procedimento Ordinário,Crimes contra a Ordem Tributária,2009-05-12,2024-07-06T00:59:55.614000Z,20,G1,Eletrônico,https://eproc.jfrj.jus.br/eproc/externo_controlador.php?acao=processo_consulta_publica
08060659120094025101,0806065-91.2009.4.02.5101,279,Inquérito Policial,Contravenções Penais,2009-05-15,2024-07-06T00:40:44.629000Z,2,G1,Eletrônico,https://eproc.jfrj.jus.br/eproc/externo_controlador.php?acao=processo_consulta_publica
08063213420094025101,0806321-34.2009.4.02.5101,279,Inquérito Policial,Contravenções Penais,2009-05-19,2024-07-06T00:40:46.330000Z,3,G1,Eletrônico,https://eproc.jfrj.jus.br/eproc/externo_controlador.php?acao=processo_consulta_publica
04901480820094025101,0490148-08.2009.4.02.5101,283,Ação Penal - Procedimento Ordinário,Crimes de Tráfico Ilícito e Uso Indevido de Drogas,2009-05-30,2026-07-15T06:31:43.179000Z,43,G1,Eletrônico,https://eproc.jfrj.jus.br/eproc/externo_controlador.php?acao=processo_consulta_publica
08074065520094025101,0807406-55.2009.4.02.5101,283,Ação Penal - Procedimento Ordinário,Resistência ,2009-06-15,2024-07-06T00:59:45.679000Z,25,G1,Eletrônico,https://eproc.jfrj.jus.br/eproc/externo_controlador.php?acao=processo_consulta_publica
08074151720094025101,0807415-17.2009.4.02.5101,283,Ação Penal - Procedimento Ordinário,Crimes contra o Sistema Financeiro Nacional; Crimes da Lei de licitações,2009-06-16,2024-07-05T23:22:49.661000Z,18,G1,Eletrônico,https://eproc.jfrj.jus.br/eproc/externo_controlador.php?acao=processo_consulta_publica
08074740520094025101,0807474-05.2009.4.02.5101,283,Ação Penal - Procedimento Ordinário,Estelionato Majorado ,2009-06-18,2024-07-06T00:40:14.302000Z,9,G1,Eletrônico,https://eproc.jfrj.jus.br/eproc/externo_controlador.php?acao=processo_consulta_publica
08078100920094025101,0807810-09.2009.4.02.5101,283,Ação Penal - Procedimento Ordinário,Inserção de dados falsos em sistema de informações ,2009-07-02,2024-07-06T00:40:29.908000Z,10,G1,Eletrônico,https://eproc.jfrj.jus.br/eproc/externo_controlador.php?acao=processo_consulta_publica
08079330720094025101,0807933-07.2009.4.02.5101,283,Ação Penal - Procedimento Ordinário,"Corrupção ativa ; Crimes contra o Sistema Financeiro Nacional; Crimes da Lei de licitações; Crimes de &quot;Lavagem&quot; ou Ocultação de Bens, Direitos ou Valores; Quadrilha ou Bando",2009-07-07,2024-07-06T00:40:39.496000Z,21,G1,Eletrônico,https://eproc.jfrj.jus.br/eproc/externo_controlador.php?acao=processo_consulta_publica
08087247320094025101,0808724-73.2009.4.02.5101,283,Ação Penal - Procedimento Ordinário,Crimes contra a Ordem Tributária,2009-07-15,2024-07-06T00:41:23.390000Z,11,G1,Eletrônico,https://eproc.jfrj.jus.br/eproc/externo_controlador.php?acao=processo_consulta_publica
08090451120094025101,0809045-11.2009.4.02.5101,279,Inquérito Policial,Contravenções Penais,2009-07-29,2024-07-06T00:41:24.917000Z,2,G1,Eletrônico,https://eproc.jfrj.jus.br/eproc/externo_controlador.php?acao=processo_consulta_publica
08092019620094025101,0809201-96.2009.4.02.5101,283,Ação Penal - Procedimento Ordinário,Contravenções Penais,2009-07-31,2024-07-06T00:59:46.306000Z,26,G1,Eletrônico,https://eproc.jfrj.jus.br/eproc/externo_controlador.php?acao=processo_consulta_publica
08092910720094025101,0809291-07.2009.4.02.5101,283,Ação Penal - Procedimento Ordinário,Tráfico de Drogas e Condutas Afins,2009-08-06,2025-11-13T17:58:26.783000Z,12,G1,Eletrônico,https://eproc.jfrj.jus.br/eproc/externo_controlador.php?acao=processo_consulta_publica
08101719620094025101,0810171-96.2009.4.02.5101,279,Inquérito Policial,Contravenções Penais,2009-08-19,2024-07-06T00:41:09.873000Z,2,G1,Eletrônico,https://eproc.jfrj.jus.br/eproc/externo_controlador.php?acao=processo_consulta_publica
08101822820094025101,0810182-28.2009.4.02.5101,279,Inquérito Policial,Contravenções Penais,2009-08-20,2024-07-06T00:59:41.014000Z,2,G1,Eletrônico,https://eproc.jfrj.jus.br/eproc/externo_controlador.php?acao=processo_consulta_publica
08102836520094025101,0810283-65.2009.4.02.5101,279,Inquérito Policial,Contravenções Penais,2009-08-26,2024-07-06T00:41:25.206000Z,2,G1,Eletrônico,https://eproc.jfrj.jus.br/eproc/externo_controlador.php?acao=processo_consulta_publica
00008235720094025111,0000823-57.2009.4.02.5111,283,Ação Penal - Procedimento Ordinário,Moeda Falsa / Assimilados,2009-09-02,2026-06-13T14:31:49.651000Z,24,G1,Eletrônico,https://eproc.jfrj.jus.br/eproc/externo_controlador.php?acao=processo_consulta_publica
08105763520094025101,0810576-35.2009.4.02.5101,283,Ação Penal - Procedimento Ordinário,"Crimes de &quot;Lavagem&quot; ou Ocultação de Bens, Direitos ou Valores",2009-09-10,2024-07-06T00:59:57.024000Z,15,G1,Eletrônico,https://eproc.jfrj.jus.br/eproc/externo_controlador.php?acao=processo_consulta_publica
08118165920094025101,0811816-59.2009.4.02.5101,279,Inquérito Policial,Contravenções Penais,2009-10-09,2024-07-06T00:40:53.112000Z,2,G1,Eletrônico,https://eproc.jfrj.jus.br/eproc/externo_controlador.php?acao=processo_consulta_publica
08119707720094025101,0811970-77.2009.4.02.5101,279,Inquérito Policial,Contravenções Penais,2009-10-16,2024-07-06T00:40:53.277000Z,2,G1,Eletrônico,https://eproc.jfrj.jus.br/eproc/externo_controlador.php?acao=processo_consulta_publica
04902624420094025101,0490262-44.2009.4.02.5101,283,Ação Penal - Procedimento Ordinário,Tráfico de Drogas e Condutas Afins,2009-10-30,2024-09-26T20:41:52.938000Z,9,G1,Eletrônico,https://eproc.jfrj.jus.br/eproc/externo_controlador.php?acao=processo_consulta_publica
08128800720094025101,0812880-07.2009.4.02.5101,283,Ação Penal - Procedimento Ordinário,Contravenções Penais,2009-11-04,2024-07-06T00:41:17.815000Z,9,G1,Eletrônico,https://eproc.jfrj.jus.br/eproc/externo_controlador.php?acao=processo_consulta_publica
08139116220094025101,0813911-62.2009.4.02.5101,283,Ação Penal - Procedimento Ordinário,Apropriação indébita Previdenciária ,2009-11-19,2026-09-15T22:52:12.034000Z,30,G1,Eletrônico,https://eproc.jfrj.jus.br/eproc/externo_controlador.php?acao=processo_consulta_publica
08139774220094025101,0813977-42.2009.4.02.5101,279,Inquérito Policial,Contravenções Penais,2009-11-25,2024-07-06T00:41:06.970000Z,2,G1,Eletrônico,https://eproc.jfrj.jus.br/eproc/externo_controlador.php?acao=processo_consulta_publica
08143827820094025101,0814382-78.2009.4.02.5101,283,Ação Penal - Procedimento Ordinário,Uso de documento falso ,2009-12-11,2024-07-06T00:41:10.915000Z,11,G1,Eletrônico,https://eproc.jfrj.jus.br/eproc/externo_controlador.php?acao=processo_consulta_publica
08144165320094025101,0814416-53.2009.4.02.5101,279,Inquérito Policial,Contravenções Penais,2009-12-11,2024-07-06T00:41:03.960000Z,6,G1,Eletrônico,https://eproc.jfrj.jus.br/eproc/externo_controlador.php?acao=processo_consulta_publica
08003763220104025101,0800376-32.2010.4.02.5101,283,Ação Penal - Procedimento Ordinário,Peculato,2010-01-21,2024-07-06T00:41:07.594000Z,7,G1,Eletrônico,https://eproc.jfrj.jus.br/eproc/externo_controlador.php?acao=processo_consulta_publica
08004439420104025101,0800443-94.2010.4.02.5101,279,Inquérito Policial,Contravenções Penais,2010-01-22,2024-07-06T00:41:18.081000Z,2,G1,Eletrônico,https://eproc.jfrj.jus.br/eproc/externo_controlador.php?acao=processo_consulta_publica
08005625520104025101,0800562-55.2010.4.02.5101,283,Ação Penal - Procedimento Ordinário,Contravenções Penais,2010-01-27,2024-07-06T01:00:10.631000Z,7,G1,Eletrônico,https://eproc.jfrj.jus.br/eproc/externo_controlador.php?acao=processo_consulta_publica
08006067420104025101,0800606-74.2010.4.02.5101,279,Inquérito Policial,Contravenções Penais,2010-01-27,2024-07-06T00:40:39.330000Z,4,G1,Eletrônico,https://eproc.jfrj.jus.br/eproc/externo_controlador.php?acao=processo_consulta_publica
08006075920104025101,0800607-59.2010.4.02.5101,279,Inquérito Policial,Contravenções Penais,2010-01-27,2024-07-06T00:40:29.462000Z,2,G1,Eletrônico,https://eproc.jfrj.jus.br/eproc/externo_controlador.php?acao=processo_consulta_publica
08006162120104025101,0800616-21.2010.4.02.5101,283,Ação Penal - Procedimento Ordinário,Apropriação indébita Previdenciária ; Sonegação de contribuição previdenciária ,2010-01-27,2024-07-06T00:40:47.688000Z,45,G1,Eletrônico,https://eproc.jfrj.jus.br/eproc/externo_controlador.php?acao=processo_consulta_publica
08006708420104025101,0800670-84.2010.4.02.5101,279,Inquérito Policial,Contravenções Penais,2010-01-28,2024-07-06T01:00:11.473000Z,2,G1,Eletrônico,https://eproc.jfrj.jus.br/eproc/externo_controlador.php?acao=processo_consulta_publica
08007167320104025101,0800716-73.2010.4.02.5101,283,Ação Penal - Procedimento Ordinário,Tráfico de Drogas e Condutas Afins,2010-01-29,2024-07-06T00:40:42.630000Z,12,G1,Eletrônico,https://eproc.jfrj.jus.br/eproc/externo_controlador.php?acao=processo_consulta_publica
08007175820104025101,0800717-58.2010.4.02.5101,283,Ação Penal - Procedimento Ordinário,Crimes de Tráfico Ilícito e Uso Indevido de Drogas,2010-02-01,2025-09-13T16:10:45.409000Z,80,G1,Eletrônico,https://eproc.jfrj.jus.br/eproc/externo_controlador.php?acao=processo_consulta_publica
08007357920104025101,0800735-79.2010.4.02.5101,280,Auto de Prisão em Flagrante,Contravenções Penais,2010-02-02,2024-07-06T00:40:43.714000Z,2,G1,Eletrônico,https://eproc.jfrj.jus.br/eproc/externo_controlador.php?acao=processo_consulta_publica
08015958020104025101,0801595-80.2010.4.02.5101,279,Inquérito Policial,Contravenções Penais,2010-02-10,2024-07-06T00:40:55.696000Z,2,G1,Eletrônico,https://eproc.jfrj.jus.br/eproc/externo_controlador.php?acao=processo_consulta_publica
00010987220104025110,0001098-72.2010.4.02.5110,279,Inquérito Policial,Contravenções Penais,2010-02-26,2024-07-06T01:00:20.781000Z,5,G1,Eletrônico,https://eproc.jfrj.jus.br/eproc/externo_controlador.php?acao=processo_consulta_publica
08022124020104025101,0802212-40.2010.4.02.5101,279,Inquérito Policial,Contravenções Penais,2010-03-01,2024-07-05T23:23:29.199000Z,3,G1,Eletrônico,https://eproc.jfrj.jus.br/eproc/externo_controlador.php?acao=processo_consulta_publica
08022972620104025101,0802297-26.2010.4.02.5101,283,Ação Penal - Procedimento Ordinário,Estelionato Majorado ,2010-03-04,2024-07-05T23:23:16.685000Z,10,G1,Eletrônico,https://eproc.jfrj.jus.br/eproc/externo_controlador.php?acao=processo_consulta_publica
08023917120104025101,0802391-71.2010.4.02.5101,283,Ação Penal - Procedimento Ordinário,Crimes contra a Economia Popular; Moeda Falsa / Assimilados,2010-03-04,2024-07-06T00:40:55.153000Z,33,G1,Eletrônico,https://eproc.jfrj.jus.br/eproc/externo_controlador.php?acao=processo_consulta_publica
08024748720104025101,0802474-87.2010.4.02.5101,279,Inquérito Policial,Contravenções Penais,2010-03-10,2024-07-06T00:40:25.910000Z,2,G1,Eletrônico,https://eproc.jfrj.jus.br/eproc/externo_controlador.php?acao=processo_consulta_publica
08026238320104025101,0802623-83.2010.4.02.5101,283,Ação Penal - Procedimento Ordinário,Inserção de dados falsos em sistema de informações ,2010-03-17,2024-07-06T00:40:35.281000Z,8,G1,Eletrônico,https://eproc.jfrj.jus.br/eproc/externo_controlador.php?acao=processo_consulta_publica
08026341520104025101,0802634-15.2010.4.02.5101,279,Inquérito Policial,Contravenções Penais,2010-03-18,2024-07-06T00:41:09.735000Z,2,G1,Eletrônico,https://eproc.jfrj.jus.br/eproc/externo_controlador.php?acao=processo_consulta_publica
08027640520104025101,0802764-05.2010.4.02.5101,279,Inquérito Policial,Contravenções Penais,2010-03-24,2024-07-06T00:41:08.374000Z,6,G1,Eletrônico,https://eproc.jfrj.jus.br/eproc/externo_controlador.php?acao=processo_consulta_publica
08028957720104025101,0802895-77.2010.4.02.5101,279,Inquérito Policial,Contravenções Penais,2010-03-26,2024-07-05T23:23:20.513000Z,2,G1,Eletrônico,https://eproc.jfrj.jus.br/eproc/externo_controlador.php?acao=processo_consulta_publica
08028983220104025101,0802898-32.2010.4.02.5101,283,Ação Penal - Procedimento Ordinário,Contrabando ou descaminho ,2010-03-26,2024-07-06T00:41:08.558000Z,9,G1,Eletrônico,https://eproc.jfrj.jus.br/eproc/externo_controlador.php?acao=processo_consulta_publica
08029190820104025101,0802919-08.2010.4.02.5101,279,Inquérito Policial,Contravenções Penais,2010-03-30,2024-07-05T23:23:21.157000Z,2,G1,Eletrônico,https://eproc.jfrj.jus.br/eproc/externo_controlador.php?acao=processo_consulta_publica
08037298020104025101,0803729-80.2010.4.02.5101,279,Inquérito Policial,Contravenções Penais,2010-03-30,2024-07-06T00:41:25.004000Z,4,G1,Eletrônico,https://eproc.jfrj.jus.br/eproc/externo_controlador.php?acao=processo_consulta_publica
08028350720104025101,0802835-07.2010.4.02.5101,283,Ação Penal - Procedimento Ordinário,Crimes contra a Ordem Econômica; Crimes contra o Meio Ambiente e o Patrimônio Genético,2010-04-07,2024-07-06T00:40:46.919000Z,11,G1,Eletrônico,https://eproc.jfrj.jus.br/eproc/externo_controlador.php?acao=processo_consulta_publica
08039125120104025101,0803912-51.2010.4.02.5101,283,Ação Penal - Procedimento Ordinário,Tráfico de Drogas e Condutas Afins,2010-04-12,2026-09-15T22:56:07.449000Z,27,G1,Eletrônico,https://eproc.jfrj.jus.br/eproc/externo_controlador.php?acao=processo_consulta_publica
08043793020104025101,0804379-30.2010.4.02.5101,283,Ação Penal - Procedimento Ordinário,Crimes contra a Ordem Tributária,2010-05-07,2024-07-06T00:41:26.320000Z,23,G1,Eletrônico,https://eproc.jfrj.jus.br/eproc/externo_controlador.php?acao=processo_consulta_publica
08049093420104025101,0804909-34.2010.4.02.5101,279,Inquérito Policial,Contravenções Penais,2010-05-11,2024-07-06T00:41:13.874000Z,2,G1,Eletrônico,https://eproc.jfrj.jus.br/eproc/externo_controlador.php?acao=processo_consulta_publica
08056256120104025101,0805625-61.2010.4.02.5101,283,Ação Penal - Procedimento Ordinário,Apropriação indébita Previdenciária ,2010-05-20,2024-07-06T00:41:07.899000Z,10,G1,Eletrônico,https://eproc.jfrj.jus.br/eproc/externo_controlador.php?acao=processo_consulta_publica
08055338320104025101,0805533-83.2010.4.02.5101,279,Inquérito Policial,Contravenções Penais,2010-05-20,2024-07-06T00:40:12.306000Z,2,G1,Eletrônico,https://eproc.jfrj.jus.br/eproc/externo_controlador.php?acao=processo_consulta_publica
08043022120104025101,0804302-21.2010.4.02.5101,283,Ação Penal - Procedimento Ordinário,Crimes de Tráfico Ilícito e Uso Indevido de Drogas,2010-05-24,2024-07-06T00:40:34.897000Z,12,G1,Eletrônico,https://eproc.jfrj.jus.br/eproc/externo_controlador.php?acao=processo_consulta_publica
50482751220264025101,5048275-12.2026.4.02.5101,283,Ação Penal - Procedimento Ordinário,Peculato; Quadrilha ou Bando,2010-05-25,2026-06-13T14:12:46.077000Z,3,G1,Eletrônico,https://eproc.jfrj.jus.br/eproc/externo_controlador.php?acao=processo_consulta_publica
08059807120104025101,0805980-71.2010.4.02.5101,283,Ação Penal - Procedimento Ordinário,Peculato; Quadrilha ou Bando,2010-05-25,2026-07-15T06:36:55.851000Z,25,G1,Eletrônico,https://eproc.jfrj.jus.br/eproc/externo_controlador.php?acao=processo_consulta_publica
08058438920104025101,0805843-89.2010.4.02.5101,283,Ação Penal - Procedimento Ordinário,"Crimes de &quot;Lavagem&quot; ou Ocultação de Bens, Direitos ou Valores",2010-05-27,2026-09-15T22:56:07.446000Z,7,G1,Eletrônico,https://eproc.jfrj.jus.br/eproc/externo_controlador.php?acao=processo_consulta_publica
08060014720104025101,0806001-47.2010.4.02.5101,283,Ação Penal - Procedimento Ordinário,Apropriação indébita Previdenciária ; Sonegação de contribuição previdenciária ,2010-05-27,2026-07-15T06:47:07.844000Z,46,G1,Eletrônico,https://eproc.jfrj.jus.br/eproc/externo_controlador.php?acao=processo_consulta_publica
08061166820104025101,0806116-68.2010.4.02.5101,283,Ação Penal - Procedimento Ordinário,Crimes contra a Ordem Tributária,2010-05-28,2025-01-13T18:52:49.653000Z,32,G1,Eletrônico,https://eproc.jfrj.jus.br/eproc/externo_controlador.php?acao=processo_consulta_publica
08061824820104025101,0806182-48.2010.4.02.5101,283,Ação Penal - Procedimento Ordinário,Crimes contra a Ordem Tributária,2010-06-08,2024-09-26T21:04:11.321000Z,23,G1,Eletrônico,https://eproc.jfrj.jus.br/eproc/externo_controlador.php?acao=processo_consulta_publica
08070225820104025101,0807022-58.2010.4.02.5101,279,Inquérito Policial,Contravenções Penais,2010-06-22,2024-07-06T00:40:54.909000Z,2,G1,Eletrônico,https://eproc.jfrj.jus.br/eproc/externo_controlador.php?acao=processo_consulta_publica
08067280620104025101,0806728-06.2010.4.02.5101,283,Ação Penal - Procedimento Ordinário,Contrabando ou descaminho ,2010-06-22,2024-07-06T00:59:29.806000Z,11,G1,Eletrônico,https://eproc.jfrj.jus.br/eproc/externo_controlador.php?acao=processo_consulta_publica
08071784620104025101,0807178-46.2010.4.02.5101,279,Inquérito Policial,Contravenções Penais,2010-06-23,2024-07-06T00:40:13.575000Z,2,G1,Eletrônico,https://eproc.jfrj.jus.br/eproc/externo_controlador.php?acao=processo_consulta_publica
08067445720104025101,0806744-57.2010.4.02.5101,283,Ação Penal - Procedimento Ordinário,Crimes contra a Ordem Tributária,2010-06-24,2025-06-14T06:09:19.132000Z,47,G1,Eletrônico,https://eproc.jfrj.jus.br/eproc/externo_controlador.php?acao=processo_consulta_publica
50156840220234025101,5015684-02.2023.4.02.5101,283,Ação Penal - Procedimento Ordinário,Crimes contra a Ordem Tributária,2010-06-24,2025-09-13T18:00:49.073000Z,25,G1,Eletrônico,https://eproc.jfrj.jus.br/eproc/externo_controlador.php?acao=processo_consulta_publica
08074868220104025101,0807486-82.2010.4.02.5101,283,Ação Penal - Procedimento Ordinário,Contrabando ou descaminho ,2010-07-05,2026-06-13T14:09:27.370000Z,57,G1,Eletrônico,https://eproc.jfrj.jus.br/eproc/externo_controlador.php?acao=processo_consulta_publica
08074460320104025101,0807446-03.2010.4.02.5101,279,Inquérito Policial,Contravenções Penais,2010-07-06,2024-07-06T00:41:10.618000Z,2,G1,Eletrônico,https://eproc.jfrj.jus.br/eproc/externo_controlador.php?acao=processo_consulta_publica
08074755320104025101,0807475-53.2010.4.02.5101,279,Inquérito Policial,Contravenções Penais,2010-07-07,2024-07-06T00:41:00.482000Z,4,G1,Eletrônico,https://eproc.jfrj.jus.br/eproc/externo_controlador.php?acao=processo_consulta_publica
08075188720104025101,0807518-87.2010.4.02.5101,283,Ação Penal - Procedimento Ordinário,Estelionato,2010-07-07,2024-07-06T00:40:15.109000Z,10,G1,Eletrônico,https://eproc.jfrj.jus.br/eproc/externo_controlador.php?acao=processo_consulta_publica
08076322620104025101,0807632-26.2010.4.02.5101,283,Ação Penal - Procedimento Ordinário,Contrabando ou descaminho ,2010-07-14,2024-07-06T00:41:12.992000Z,11,G1,Eletrônico,https://eproc.jfrj.jus.br/eproc/externo_controlador.php?acao=processo_consulta_publica
08078938820104025101,0807893-88.2010.4.02.5101,283,Ação Penal - Procedimento Ordinário,Crimes da Lei de licitações,2010-07-15,2024-07-06T00:39:48.413000Z,7,G1,Eletrônico,https://eproc.jfrj.jus.br/eproc/externo_controlador.php?acao=processo_consulta_publica
08180510820104025101,0818051-08.2010.4.02.5101,279,Inquérito Policial,Estelionato Majorado ,2010-07-20,2024-07-06T00:41:08.326000Z,3,G1,Eletrônico,https://eproc.jfrj.jus.br/eproc/externo_controlador.php?acao=processo_consulta_publica
08180529020104025101,0818052-90.2010.4.02.5101,283,Ação Penal - Procedimento Ordinário,Estelionato Majorado ; Peculato,2010-07-20,2024-07-06T00:59:55.659000Z,7,G1,Eletrônico,https://eproc.jfrj.jus.br/eproc/externo_controlador.php?acao=processo_consulta_publica
08181151820104025101,0818115-18.2010.4.02.5101,279,Inquérito Policial,Contravenções Penais,2010-07-26,2024-07-06T00:39:42.951000Z,4,G1,Eletrônico,https://eproc.jfrj.jus.br/eproc/externo_controlador.php?acao=processo_consulta_publica
08186219120104025101,0818621-91.2010.4.02.5101,283,Ação Penal - Procedimento Ordinário,Crimes de Tráfico Ilícito e Uso Indevido de Drogas,2010-08-05,2025-08-16T02:39:49.375000Z,36,G1,Eletrônico,https://eproc.jfrj.jus.br/eproc/externo_controlador.php?acao=processo_consulta_publica
08188392220104025101,0818839-22.2010.4.02.5101,279,Inquérito Policial,Contravenções Penais,2010-08-16,2024-07-06T00:41:13.133000Z,2,G1,Eletrônico,https://eproc.jfrj.jus.br/eproc/externo_controlador.php?acao=processo_consulta_publica
08188444420104025101,0818844-44.2010.4.02.5101,283,Ação Penal - Procedimento Ordinário,Sonegação de contribuição previdenciária ,2010-08-16,2026-06-13T13:52:07.870000Z,24,G1,Eletrônico,https://eproc.jfrj.jus.br/eproc/externo_controlador.php?acao=processo_consulta_publica
08080774420104025101,0808077-44.2010.4.02.5101,279,Inquérito Policial,Contravenções Penais,2010-08-18,2024-07-06T00:40:41.914000Z,2,G1,Eletrônico,https://eproc.jfrj.jus.br/eproc/externo_controlador.php?acao=processo_consulta_publica
08088014820104025101,0808801-48.2010.4.02.5101,279,Inquérito Policial,Contravenções Penais,2010-09-01,2024-07-06T00:41:12.536000Z,2,G1,Eletrônico,https://eproc.jfrj.jus.br/eproc/externo_controlador.php?acao=processo_consulta_publica
08088023320104025101,0808802-33.2010.4.02.5101,279,Inquérito Policial,Contravenções Penais,2010-09-01,2024-07-06T00:41:13.034000Z,2,G1,Eletrônico,https://eproc.jfrj.jus.br/eproc/externo_controlador.php?acao=processo_consulta_publica
08088352320104025101,0808835-23.2010.4.02.5101,279,Inquérito Policial,Contravenções Penais,2010-09-02,2024-07-06T00:41:24.417000Z,2,G1,Eletrônico,https://eproc.jfrj.jus.br/eproc/externo_controlador.php?acao=processo_consulta_publica
08090292320104025101,0809029-23.2010.4.02.5101,279,Inquérito Policial,Crimes contra a Ordem Tributária,2010-09-15,2024-07-06T00:59:44.301000Z,3,G1,Eletrônico,https://eproc.jfrj.jus.br/eproc/externo_controlador.php?acao=processo_consulta_publica
08091098420104025101,0809109-84.2010.4.02.5101,278,Termo Circunstanciado,Contrabando ou descaminho ,2010-09-16,2024-06-17T22:14:19.966000Z,2,JE,Eletrônico,https://eproc.jfrj.jus.br/eproc/externo_controlador.php?acao=processo_consulta_publica
08094406620104025101,0809440-66.2010.4.02.5101,279,Inquérito Policial,Contravenções Penais,2010-09-28,2024-10-18T10:02:51.739000Z,16,G1,Eletrônico,https://eproc.jfrj.jus.br/eproc/externo_controlador.php?acao=processo_consulta_publica
08095965420104025101,0809596-54.2010.4.02.5101,283,Ação Penal - Procedimento Ordinário,Estelionato Majorado ,2010-09-29,2024-07-06T00:41:14.258000Z,7,G1,Eletrônico,https://eproc.jfrj.jus.br/eproc/externo_controlador.php?acao=processo_consulta_publica
08096242220104025101,0809624-22.2010.4.02.5101,283,Ação Penal - Procedimento Ordinário,Estelionato Majorado ,2010-09-30,2024-07-06T00:40:42.679000Z,7,G1,Eletrônico,https://eproc.jfrj.jus.br/eproc/externo_controlador.php?acao=processo_consulta_publica
08096268920104025101,0809626-89.2010.4.02.5101,279,Inquérito Policial,Contravenções Penais,2010-09-30,2025-11-13T17:58:28.056000Z,6,G1,Eletrônico,https://eproc.jfrj.jus.br/eproc/externo_controlador.php?acao=processo_consulta_publica
08096701120104025101,0809670-11.2010.4.02.5101,278,Termo Circunstanciado,Contrabando ou descaminho ,2010-10-01,2024-06-17T22:13:58.313000Z,4,JE,Eletrônico,https://eproc.jfrj.jus.br/eproc/externo_controlador.php?acao=processo_consulta_publica
08096900220104025101,0809690-02.2010.4.02.5101,279,Inquérito Policial,Contravenções Penais,2010-10-06,2024-07-06T00:40:11.565000Z,6,G1,Eletrônico,https://eproc.jfrj.jus.br/eproc/externo_controlador.php?acao=processo_consulta_publica
08098988320104025101,0809898-83.2010.4.02.5101,283,Ação Penal - Procedimento Ordinário,Crimes contra o Sistema Financeiro Nacional,2010-10-18,2024-07-06T00:41:06.121000Z,11,G1,Eletrônico,https://eproc.jfrj.jus.br/eproc/externo_controlador.php?acao=processo_consulta_publica
00019593720104025117,0001959-37.2010.4.02.5117,279,Inquérito Policial,Contravenções Penais,2010-10-25,2024-07-05T20:30:53.974000Z,4,G1,Eletrônico,https://eproc.jfrj.jus.br/eproc/externo_controlador.php?acao=processo_consulta_publica
08100616320104025101,0810061-63.2010.4.02.5101,279,Inquérito Policial,Contravenções Penais,2010-10-27,2024-07-06T00:41:07.699000Z,6,G1,Eletrônico,https://eproc.jfrj.jus.br/eproc/externo_controlador.php?acao=processo_consulta_publica
08104322720104025101,0810432-27.2010.4.02.5101,283,Ação Penal - Procedimento Ordinário,Contrabando ou descaminho ,2010-11-09,2026-06-13T14:05:35.270000Z,45,G1,Eletrônico,https://eproc.jfrj.jus.br/eproc/externo_controlador.php?acao=processo_consulta_publica
08103846820104025101,0810384-68.2010.4.02.5101,279,Inquérito Policial,Contravenções Penais,2010-11-11,2024-07-06T00:41:23.457000Z,3,G1,Eletrônico,https://eproc.jfrj.jus.br/eproc/externo_controlador.php?acao=processo_consulta_publica
08102070720104025101,0810207-07.2010.4.02.5101,279,Inquérito Policial,Contravenções Penais,2010-11-16,2024-07-06T00:40:52.729000Z,7,G1,Eletrônico,https://eproc.jfrj.jus.br/eproc/externo_controlador.php?acao=processo_consulta_publica
08102288020104025101,0810228-80.2010.4.02.5101,279,Inquérito Policial,Contravenções Penais,2010-11-17,2024-07-06T00:40:53.207000Z,2,G1,Eletrônico,https://eproc.jfrj.jus.br/eproc/externo_controlador.php?acao=processo_consulta_publica
08112239320104025101,0811223-93.2010.4.02.5101,283,Ação Penal - Procedimento Ordinário,Crimes contra a Ordem Tributária,2010-11-17,2024-07-06T00:41:12.995000Z,7,G1,Eletrônico,https://eproc.jfrj.jus.br/eproc/externo_controlador.php?acao=processo_consulta_publica
08114074920104025101,0811407-49.2010.4.02.5101,283,Ação Penal - Procedimento Ordinário,Estelionato Majorado ,2010-11-29,2024-07-06T00:41:00.744000Z,14,G1,Eletrônico,https://eproc.jfrj.jus.br/eproc/externo_controlador.php?acao=processo_consulta_publica
08114473120104025101,0811447-31.2010.4.02.5101,279,Inquérito Policial,Contravenções Penais,2010-11-30,2024-07-06T00:40:31.763000Z,2,G1,Eletrônico,https://eproc.jfrj.jus.br/eproc/externo_controlador.php?acao=processo_consulta_publica
04903054420104025101,0490305-44.2010.4.02.5101,279,Inquérito Policial,Contravenções Penais,2010-12-01,2024-07-06T00:37:08.482000Z,2,G1,Eletrônico,https://eproc.jfrj.jus.br/eproc/externo_controlador.php?acao=processo_consulta_publica
08116456820104025101,0811645-68.2010.4.02.5101,279,Inquérito Policial,Contravenções Penais,2010-12-01,2024-07-06T00:40:35.366000Z,3,G1,Eletrônico,https://eproc.jfrj.jus.br/eproc/externo_controlador.php?acao=processo_consulta_publica
08117140320104025101,0811714-03.2010.4.02.5101,279,Inquérito Policial,Contravenções Penais,2010-12-01,2024-07-06T00:59:43.183000Z,2,G1,Eletrônico,https://eproc.jfrj.jus.br/eproc/externo_controlador.php?acao=processo_consulta_publica
08121939320104025101,0812193-93.2010.4.02.5101,279,Inquérito Policial,Contravenções Penais,2010-12-14,2024-07-05T23:23:23.518000Z,2,G1,Eletrônico,https://eproc.jfrj.jus.br/eproc/externo_controlador.php?acao=processo_consulta_publica
04903781620104025101,0490378-16.2010.4.02.5101,283,Ação Penal - Procedimento Ordinário,Crimes de Tráfico Ilícito e Uso Indevido de Drogas,2011-01-06,2024-07-06T00:37:28.118000Z,12,G1,Eletrônico,https://eproc.jfrj.jus.br/eproc/externo_controlador.php?acao=processo_consulta_publica
08002409820114025101,0800240-98.2011.4.02.5101,279,Inquérito Policial,Contravenções Penais,2011-01-25,2024-07-06T00:40:00.395000Z,6,G1,Eletrônico,https://eproc.jfrj.jus.br/eproc/externo_controlador.php?acao=processo_consulta_publica
00001630420114025108,0000163-04.2011.4.02.5108,283,Ação Penal - Procedimento Ordinário,Contrabando ou descaminho ,2011-01-25,2025-08-16T02:45:43.510000Z,53,G1,Eletrônico,https://eproc.jfrj.jus.br/eproc/externo_controlador.php?acao=processo_consulta_publica
08003041120114025101,0800304-11.2011.4.02.5101,279,Inquérito Policial,Contravenções Penais,2011-01-26,2024-07-06T00:41:11.012000Z,2,G1,Eletrônico,https://eproc.jfrj.jus.br/eproc/externo_controlador.php?acao=processo_consulta_publica
08003110320114025101,0800311-03.2011.4.02.5101,283,Ação Penal - Procedimento Ordinário,Contrabando ou descaminho ,2011-01-26,2024-09-26T20:53:18.188000Z,16,G1,Eletrônico,https://eproc.jfrj.jus.br/eproc/externo_controlador.php?acao=processo_consulta_publica
08003361620114025101,0800336-16.2011.4.02.5101,279,Inquérito Policial,Contravenções Penais,2011-01-26,2024-07-06T00:40:34.864000Z,4,G1,Eletrônico,https://eproc.jfrj.jus.br/eproc/externo_controlador.php?acao=processo_consulta_publica
08003388320114025101,0800338-83.2011.4.02.5101,283,Ação Penal - Procedimento Ordinário,Contravenções Penais,2011-01-26,2024-07-06T00:40:13.089000Z,9,G1,Eletrônico,https://eproc.jfrj.jus.br/eproc/externo_controlador.php?acao=processo_consulta_publica
08003933420114025101,0800393-34.2011.4.02.5101,279,Inquérito Policial,Contravenções Penais,2011-01-28,2024-07-06T00:40:55.392000Z,2,G1,Eletrônico,https://eproc.jfrj.jus.br/eproc/externo_controlador.php?acao=processo_consulta_publica
08003950420114025101,0800395-04.2011.4.02.5101,279,Inquérito Policial,Contrabando ou descaminho ,2011-01-28,2024-07-06T01:00:05.566000Z,20,G1,Eletrônico,https://eproc.jfrj.jus.br/eproc/externo_controlador.php?acao=processo_consulta_publica
08004236920114025101,0800423-69.2011.4.02.5101,283,Ação Penal - Procedimento Ordinário,Contrabando ou descaminho ,2011-01-28,2024-07-06T00:40:42.070000Z,17,G1,Eletrônico,https://eproc.jfrj.jus.br/eproc/externo_controlador.php?acao=processo_consulta_publica
08004419020114025101,0800441-90.2011.4.02.5101,279,Inquérito Policial,Contravenções Penais,2011-01-31,2024-07-06T00:40:46.270000Z,2,G1,Eletrônico,https://eproc.jfrj.jus.br/eproc/externo_controlador.php?acao=processo_consulta_publica
08006774220114025101,0800677-42.2011.4.02.5101,279,Inquérito Policial,Contravenções Penais,2011-02-04,2024-07-05T23:23:10.278000Z,6,G1,Eletrônico,https://eproc.jfrj.jus.br/eproc/externo_controlador.php?acao=processo_consulta_publica
00003529720114025102,0000352-97.2011.4.02.5102,279,Inquérito Policial,Contravenções Penais,2011-02-07,2024-07-05T23:47:27.646000Z,2,G1,Eletrônico,https://eproc.jfrj.jus.br/eproc/externo_controlador.php?acao=processo_consulta_publica
08007458920114025101,0800745-89.2011.4.02.5101,279,Inquérito Policial,Contravenções Penais,2011-02-07,2024-07-06T00:40:55.709000Z,2,G1,Eletrônico,https://eproc.jfrj.jus.br/eproc/externo_controlador.php?acao=processo_consulta_publica
08007545120114025101,0800754-51.2011.4.02.5101,279,Inquérito Policial,Contravenções Penais,2011-02-08,2024-07-06T00:40:44.783000Z,4,G1,Eletrônico,https://eproc.jfrj.jus.br/eproc/externo_controlador.php?acao=processo_consulta_publica
00002452920114025110,0000245-29.2011.4.02.5110,279,Inquérito Policial,Contravenções Penais,2011-02-09,2024-07-05T20:32:17.663000Z,5,G1,Eletrônico,https://eproc.jfrj.jus.br/eproc/externo_controlador.php?acao=processo_consulta_publica
08008203120114025101,0800820-31.2011.4.02.5101,279,Inquérito Policial,Contravenções Penais,2011-02-10,2024-07-06T00:40:40.427000Z,3,G1,Eletrônico,https://eproc.jfrj.jus.br/eproc/externo_controlador.php?acao=processo_consulta_publica
08008341520114025101,0800834-15.2011.4.02.5101,279,Inquérito Policial,Contravenções Penais,2011-02-11,2024-07-06T00:40:54.492000Z,2,G1,Eletrônico,https://eproc.jfrj.jus.br/eproc/externo_controlador.php?acao=processo_consulta_publica
08018500420114025101,0801850-04.2011.4.02.5101,279,Inquérito Policial,Contravenções Penais,2011-02-24,2024-07-05T23:23:25.066000Z,2,G1,Eletrônico,https://eproc.jfrj.jus.br/eproc/externo_controlador.php?acao=processo_consulta_publica
08019080720114025101,0801908-07.2011.4.02.5101,279,Inquérito Policial,Contravenções Penais,2011-02-28,2024-07-06T00:40:56.670000Z,3,G1,Eletrônico,https://eproc.jfrj.jus.br/eproc/externo_controlador.php?acao=processo_consulta_publica
08021064420114025101,0802106-44.2011.4.02.5101,279,Inquérito Policial,Contravenções Penais,2011-03-17,2024-07-06T00:41:18.318000Z,5,G1,Eletrônico,https://eproc.jfrj.jus.br/eproc/externo_controlador.php?acao=processo_consulta_publica
04901561420114025101,0490156-14.2011.4.02.5101,279,Inquérito Policial,Contravenções Penais,2011-03-19,2024-07-06T00:36:33.575000Z,6,G1,Eletrônico,https://eproc.jfrj.jus.br/eproc/externo_controlador.php?acao=processo_consulta_publica
08021584020114025101,0802158-40.2011.4.02.5101,307,Habeas Corpus Criminal,Impedimento / Detenção / Prisão,2011-03-23,2024-07-06T00:59:46.828000Z,7,G1,Eletrônico,https://eproc.jfrj.jus.br/eproc/externo_controlador.php?acao=processo_consulta_publica
08022510320114025101,0802251-03.2011.4.02.5101,283,Ação Penal - Procedimento Ordinário,Inserção de dados falsos em sistema de informações ; Peculato,2011-03-30,2024-07-06T00:40:30.698000Z,16,G1,Eletrônico,https://eproc.jfrj.jus.br/eproc/externo_controlador.php?acao=processo_consulta_publica
00005829420114025117,0000582-94.2011.4.02.5117,279,Inquérito Policial,Contravenções Penais,2011-04-06,2024-07-05T23:47:01.316000Z,3,G1,Eletrônico,https://eproc.jfrj.jus.br/eproc/externo_controlador.php?acao=processo_consulta_publica
08030755920114025101,0803075-59.2011.4.02.5101,279,Inquérito Policial,Contravenções Penais,2011-04-25,2024-07-06T00:41:12.493000Z,2,G1,Eletrônico,https://eproc.jfrj.jus.br/eproc/externo_controlador.php?acao=processo_consulta_publica
00005623320114025108,0000562-33.2011.4.02.5108,283,Ação Penal - Procedimento Ordinário,Estelionato Majorado ; Inserção de dados falsos em sistema de informações ,2011-05-02,2024-11-13T21:27:19.305000Z,9,G1,Eletrônico,https://eproc.jfrj.jus.br/eproc/externo_controlador.php?acao=processo_consulta_publica
08033605220114025101,0803360-52.2011.4.02.5101,283,Ação Penal - Procedimento Ordinário,"Crimes de &quot;Lavagem&quot; ou Ocultação de Bens, Direitos ou Valores",2011-05-04,2024-07-06T00:41:17.394000Z,12,G1,Eletrônico,https://eproc.jfrj.jus.br/eproc/externo_controlador.php?acao=processo_consulta_publica
08033969420114025101,0803396-94.2011.4.02.5101,283,Ação Penal - Procedimento Ordinário,Moeda Falsa / Assimilados,2011-05-06,2026-06-13T14:09:09.914000Z,10,G1,Eletrônico,https://eproc.jfrj.jus.br/eproc/externo_controlador.php?acao=processo_consulta_publica
04902401520114025101,0490240-15.2011.4.02.5101,279,Inquérito Policial,Contrabando ou descaminho ,2011-05-08,2024-07-06T00:36:36.839000Z,4,G1,Eletrônico,https://eproc.jfrj.jus.br/eproc/externo_controlador.php?acao=processo_consulta_publica
00002642620114025113,0000264-26.2011.4.02.5113,283,Ação Penal - Procedimento Ordinário,Poluição,2011-05-09,2025-08-16T02:39:32.890000Z,24,G1,Eletrônico,https://eproc.jfrj.jus.br/eproc/externo_controlador.php?acao=processo_consulta_publica
08033293220114025101,0803329-32.2011.4.02.5101,279,Inquérito Policial,Crimes contra a Ordem Tributária,2011-05-19,2024-07-05T23:22:46.371000Z,28,G1,Eletrônico,https://eproc.jfrj.jus.br/eproc/externo_controlador.php?acao=processo_consulta_publica
08033207020114025101,0803320-70.2011.4.02.5101,279,Inquérito Policial,Contravenções Penais,2011-05-19,2024-07-06T00:41:10.226000Z,3,G1,Eletrônico,https://eproc.jfrj.jus.br/eproc/externo_controlador.php?acao=processo_consulta_publica
08052433420114025101,0805243-34.2011.4.02.5101,279,Inquérito Policial,Contravenções Penais,2011-05-20,2026-08-20T23:46:22.423000Z,22,G1,Eletrônico,https://eproc.jfrj.jus.br/eproc/externo_controlador.php?acao=processo_consulta_publica
08033024920114025101,0803302-49.2011.4.02.5101,279,Inquérito Policial,Contravenções Penais,2011-05-23,2024-07-06T00:41:15.389000Z,3,G1,Eletrônico,https://eproc.jfrj.jus.br/eproc/externo_controlador.php?acao=processo_consulta_publica
08051593320114025101,0805159-33.2011.4.02.5101,279,Inquérito Policial,Contravenções Penais,2011-05-23,2024-07-06T00:40:55.390000Z,2,G1,Eletrônico,https://eproc.jfrj.jus.br/eproc/externo_controlador.php?acao=processo_consulta_publica
08052156620114025101,0805215-66.2011.4.02.5101,279,Inquérito Policial,Contrabando ou descaminho ,2011-05-31,2024-07-06T00:41:15.623000Z,3,G1,Eletrônico,https://eproc.jfrj.jus.br/eproc/externo_controlador.php?acao=processo_consulta_publica
08052165120114025101,0805216-51.2011.4.02.5101,279,Inquérito Policial,Contravenções Penais,2011-05-31,2024-07-06T00:41:11.829000Z,2,G1,Eletrônico,https://eproc.jfrj.jus.br/eproc/externo_controlador.php?acao=processo_consulta_publica
08052312020114025101,0805231-20.2011.4.02.5101,279,Inquérito Policial,Contravenções Penais,2011-06-01,2024-07-06T00:59:55.277000Z,2,G1,Eletrônico,https://eproc.jfrj.jus.br/eproc/externo_controlador.php?acao=processo_consulta_publica
08056131320114025101,0805613-13.2011.4.02.5101,279,Inquérito Policial,Contravenções Penais,2011-06-03,2024-07-06T00:59:50.356000Z,8,G1,Eletrônico,https://eproc.jfrj.jus.br/eproc/externo_controlador.php?acao=processo_consulta_publica
00015513320114025110,0001551-33.2011.4.02.5110,279,Inquérito Policial,Contravenções Penais,2011-06-03,2025-10-14T14:05:01.279000Z,10,G1,Eletrônico,https://eproc.jfrj.jus.br/eproc/externo_controlador.php?acao=processo_consulta_publica
08056885220114025101,0805688-52.2011.4.02.5101,279,Inquérito Policial,Contravenções Penais,2011-06-09,2024-07-06T00:59:55.724000Z,4,G1,Eletrônico,https://eproc.jfrj.jus.br/eproc/externo_controlador.php?acao=processo_consulta_publica
08057846720114025101,0805784-67.2011.4.02.5101,283,Ação Penal - Procedimento Ordinário,Tráfico de Drogas e Condutas Afins,2011-06-10,2025-05-13T23:13:26.566000Z,30,G1,Eletrônico,https://eproc.jfrj.jus.br/eproc/externo_controlador.php?acao=processo_consulta_publica
08060331820114025101,0806033-18.2011.4.02.5101,326,Restituição de Coisas Apreendidas,Contravenções Penais,2011-06-22,2024-07-06T00:59:53.822000Z,4,G1,Eletrônico,https://eproc.jfrj.jus.br/eproc/externo_controlador.php?acao=processo_consulta_publica
08059838920114025101,0805983-89.2011.4.02.5101,279,Inquérito Policial,Contravenções Penais,2011-06-24,2024-07-06T00:59:45.823000Z,2,G1,Eletrônico,https://eproc.jfrj.jus.br/eproc/externo_controlador.php?acao=processo_consulta_publica
08061622320114025101,0806162-23.2011.4.02.5101,279,Inquérito Policial,Contravenções Penais,2011-06-30,2024-07-06T01:00:11.005000Z,2,G1,Eletrônico,https://eproc.jfrj.jus.br/eproc/externo_controlador.php?acao=processo_consulta_publica
08061691520114025101,0806169-15.2011.4.02.5101,283,Ação Penal - Procedimento Ordinário,Estelionato,2011-06-30,2024-07-06T00:40:47.436000Z,9,G1,Eletrônico,https://eproc.jfrj.jus.br/eproc/externo_controlador.php?acao=processo_consulta_publica
08062835120114025101,0806283-51.2011.4.02.5101,283,Ação Penal - Procedimento Ordinário,Uso de documento falso ,2011-06-30,2024-07-06T01:00:11.772000Z,20,G1,Eletrônico,https://eproc.jfrj.jus.br/eproc/externo_controlador.php?acao=processo_consulta_publica
08062470920114025101,0806247-09.2011.4.02.5101,279,Inquérito Policial,Contravenções Penais,2011-07-04,2024-07-06T00:41:25.699000Z,3,G1,Eletrônico,https://eproc.jfrj.jus.br/eproc/externo_controlador.php?acao=processo_consulta_publica
08064714420114025101,0806471-44.2011.4.02.5101,279,Inquérito Policial,Contravenções Penais,2011-07-13,2024-07-06T01:00:13.016000Z,2,G1,Eletrônico,https://eproc.jfrj.jus.br/eproc/externo_controlador.php?acao=processo_consulta_publica
08063597520114025101,0806359-75.2011.4.02.5101,1733,Procedimento Investigatório Criminal (PIC-MP) ,Crimes contra a Ordem Tributária,2011-07-19,2024-07-06T00:40:47.020000Z,6,G1,Eletrônico,https://eproc.jfrj.jus.br/eproc/externo_controlador.php?acao=processo_consulta_publica
08066057120114025101,0806605-71.2011.4.02.5101,279,Inquérito Policial,Contravenções Penais,2011-07-21,2024-09-26T20:43:47.760000Z,7,G1,Eletrônico,https://eproc.jfrj.jus.br/eproc/externo_controlador.php?acao=processo_consulta_publica
08068005620114025101,0806800-56.2011.4.02.5101,327,Embargos de Terceiro Criminal,Crimes contra o Sistema Financeiro Nacional,2011-07-28,2025-06-14T05:29:43.937000Z,4,G1,Eletrônico,https://eproc.jfrj.jus.br/eproc/externo_controlador.php?acao=processo_consulta_publica
08069348320114025101,0806934-83.2011.4.02.5101,283,Ação Penal - Procedimento Ordinário,Estelionato Majorado ,2011-08-03,2024-07-06T00:40:36.688000Z,22,G1,Eletrônico,https://eproc.jfrj.jus.br/eproc/externo_controlador.php?acao=processo_consulta_publica
08072024020114025101,0807202-40.2011.4.02.5101,283,Ação Penal - Procedimento Ordinário,Contrabando ou descaminho ,2011-08-04,2026-08-21T00:05:31.221000Z,31,G1,Eletrônico,https://eproc.jfrj.jus.br/eproc/externo_controlador.php?acao=processo_consulta_publica
08069772020114025101,0806977-20.2011.4.02.5101,279,Inquérito Policial,Contravenções Penais,2011-08-05,2024-07-06T00:41:17.312000Z,2,G1,Eletrônico,https://eproc.jfrj.jus.br/eproc/externo_controlador.php?acao=processo_consulta_publica
08069677320114025101,0806967-73.2011.4.02.5101,279,Inquérito Policial,Contravenções Penais,2011-08-05,2024-07-06T00:41:08.005000Z,4,G1,Eletrônico,https://eproc.jfrj.jus.br/eproc/externo_controlador.php?acao=processo_consulta_publica
08069824220114025101,0806982-42.2011.4.02.5101,279,Inquérito Policial,Contravenções Penais,2011-08-05,2024-07-06T00:41:17.473000Z,2,G1,Eletrônico,https://eproc.jfrj.jus.br/eproc/externo_controlador.php?acao=processo_consulta_publica
08071452220114025101,0807145-22.2011.4.02.5101,283,Ação Penal - Procedimento Ordinário,Estelionato,2011-08-09,2026-06-13T14:31:54.455000Z,14,G1,Eletrônico,https://eproc.jfrj.jus.br/eproc/externo_controlador.php?acao=processo_consulta_publica
08072448920114025101,0807244-89.2011.4.02.5101,283,Ação Penal - Procedimento Ordinário,Contravenções Penais,2011-08-16,2026-01-13T00:57:02.218000Z,11,G1,Eletrônico,https://eproc.jfrj.jus.br/eproc/externo_controlador.php?acao=processo_consulta_publica
08074007720114025101,0807400-77.2011.4.02.5101,279,Inquérito Policial,Contravenções Penais,2011-08-19,2024-07-06T00:59:45.648000Z,3,G1,Eletrônico,https://eproc.jfrj.jus.br/eproc/externo_controlador.php?acao=processo_consulta_publica
08074804120114025101,0807480-41.2011.4.02.5101,283,Ação Penal - Procedimento Ordinário,Crimes de Tráfico Ilícito e Uso Indevido de Drogas,2011-08-19,2026-08-20T23:22:45.838000Z,43,G1,Eletrônico,https://eproc.jfrj.jus.br/eproc/externo_controlador.php?acao=processo_consulta_publica
08074561320114025101,0807456-13.2011.4.02.5101,283,Ação Penal - Procedimento Ordinário,Crimes contra a Ordem Tributária,2011-08-23,2024-07-05T23:22:49.841000Z,26,G1,Eletrônico,https://eproc.jfrj.jus.br/eproc/externo_controlador.php?acao=processo_consulta_publica
04903458920114025101,0490345-89.2011.4.02.5101,279,Inquérito Policial,Contravenções Penais,2011-08-25,2026-07-15T06:25:55.160000Z,17,G1,Eletrônico,https://eproc.jfrj.jus.br/eproc/externo_controlador.php?acao=processo_consulta_publica
08076727120114025101,0807672-71.2011.4.02.5101,283,Ação Penal - Procedimento Ordinário,Corrupção passiva ,2011-08-29,2024-07-06T00:40:59.131000Z,7,G1,Eletrônico,https://eproc.jfrj.jus.br/eproc/externo_controlador.php?acao=processo_consulta_publica
08076735620114025101,0807673-56.2011.4.02.5101,283,Ação Penal - Procedimento Ordinário,Contrabando ou descaminho ; Corrupção ativa ,2011-08-29,2025-04-14T14:32:52.349000Z,11,G1,Eletrônico,https://eproc.jfrj.jus.br/eproc/externo_controlador.php?acao=processo_consulta_publica
08076276720114025101,0807627-67.2011.4.02.5101,283,Ação Penal - Procedimento Ordinário,Violação de domicílio ,2011-08-30,2024-07-06T00:39:46.856000Z,15,G1,Eletrônico,https://eproc.jfrj.jus.br/eproc/externo_controlador.php?acao=processo_consulta_publica
08090038820114025101,0809003-88.2011.4.02.5101,283,Ação Penal - Procedimento Ordinário,Crimes contra a Ordem Tributária,2011-09-05,2024-07-06T00:41:06.183000Z,5,G1,Eletrônico,https://eproc.jfrj.jus.br/eproc/externo_controlador.php?acao=processo_consulta_publica
08090168720114025101,0809016-87.2011.4.02.5101,283,Ação Penal - Procedimento Ordinário,Contrabando ou descaminho ,2011-09-06,2026-06-13T14:08:51.923000Z,29,G1,Eletrônico,https://eproc.jfrj.jus.br/eproc/externo_controlador.php?acao=processo_consulta_publica
08091241920114025101,0809124-19.2011.4.02.5101,283,Ação Penal - Procedimento Ordinário,Crimes do Sistema Nacional de Armas,2011-09-06,2025-10-14T08:39:48.165000Z,37,G1,Eletrônico,https://eproc.jfrj.jus.br/eproc/externo_controlador.php?acao=processo_consulta_publica
04903631320114025101,0490363-13.2011.4.02.5101,279,Inquérito Policial,Contravenções Penais,2011-09-07,2024-07-05T23:23:26.392000Z,4,G1,Eletrônico,https://eproc.jfrj.jus.br/eproc/externo_controlador.php?acao=processo_consulta_publica
08090713820114025101,0809071-38.2011.4.02.5101,279,Inquérito Policial,Contravenções Penais,2011-09-12,2024-07-05T23:22:59.744000Z,2,G1,Eletrônico,https://eproc.jfrj.jus.br/eproc/externo_controlador.php?acao=processo_consulta_publica
08090730820114025101,0809073-08.2011.4.02.5101,279,Inquérito Policial,Estelionato Majorado ,2011-09-12,2024-07-06T00:41:24.976000Z,4,G1,Eletrônico,https://eproc.jfrj.jus.br/eproc/externo_controlador.php?acao=processo_consulta_publica
08092567620114025101,0809256-76.2011.4.02.5101,279,Inquérito Policial,Contravenções Penais,2011-09-15,2024-07-06T00:41:25.869000Z,2,G1,Eletrônico,https://eproc.jfrj.jus.br/eproc/externo_controlador.php?acao=processo_consulta_publica
08092601620114025101,0809260-16.2011.4.02.5101,279,Inquérito Policial,Crimes contra a Ordem Tributária,2011-09-16,2024-07-06T00:41:03.005000Z,6,G1,Eletrônico,https://eproc.jfrj.jus.br/eproc/externo_controlador.php?acao=processo_consulta_publica
08094109420114025101,0809410-94.2011.4.02.5101,283,Ação Penal - Procedimento Ordinário,Estelionato Majorado ,2011-09-19,2024-07-06T00:59:48.781000Z,9,G1,Eletrônico,https://eproc.jfrj.jus.br/eproc/externo_controlador.php?acao=processo_consulta_publica
08095096420114025101,0809509-64.2011.4.02.5101,279,Inquérito Policial,Contravenções Penais,2011-09-20,2024-07-06T00:40:47.409000Z,3,G1,Eletrônico,https://eproc.jfrj.jus.br/eproc/externo_controlador.php?acao=processo_consulta_publica
04903882620114025101,0490388-26.2011.4.02.5101,283,Ação Penal - Procedimento Ordinário,Falsidade ideológica ,2011-09-26,2024-07-06T00:36:26.264000Z,47,G1,Eletrônico,https://eproc.jfrj.jus.br/eproc/externo_controlador.php?acao=processo_consulta_publica
08096828820114025101,0809682-88.2011.4.02.5101,279,Inquérito Policial,Contravenções Penais,2011-09-27,2024-07-06T01:00:11.075000Z,3,G1,Eletrônico,https://eproc.jfrj.jus.br/eproc/externo_controlador.php?acao=processo_consulta_publica
08097365420114025101,0809736-54.2011.4.02.5101,279,Inquérito Policial,Contravenções Penais,2011-09-29,2024-07-06T00:41:07.982000Z,1,G1,Eletrônico,https://eproc.jfrj.jus.br/eproc/externo_controlador.php?acao=processo_consulta_publica
08097625220114025101,0809762-52.2011.4.02.5101,283,Ação Penal - Procedimento Ordinário,Crimes de Tráfico Ilícito e Uso Indevido de Drogas,2011-09-30,2024-07-06T00:40:47.341000Z,7,G1,Eletrônico,https://eproc.jfrj.jus.br/eproc/externo_controlador.php?acao=processo_consulta_publica
08098413120114025101,0809841-31.2011.4.02.5101,279,Inquérito Policial,Contravenções Penais,2011-10-04,2024-07-06T00:40:48.331000Z,4,G1,Eletrônico,https://eproc.jfrj.jus.br/eproc/externo_controlador.php?acao=processo_consulta_publica
08099296920114025101,0809929-69.2011.4.02.5101,280,Auto de Prisão em Flagrante,Contravenções Penais,2011-10-06,2024-07-06T00:59:49.758000Z,4,G1,Eletrônico,https://eproc.jfrj.jus.br/eproc/externo_controlador.php?acao=processo_consulta_publica
08099539720114025101,0809953-97.2011.4.02.5101,283,Ação Penal - Procedimento Ordinário,Estelionato,2011-10-07,2024-07-06T00:40:58.418000Z,17,G1,Eletrônico,https://eproc.jfrj.jus.br/eproc/externo_controlador.php?acao=processo_consulta_publica
00032834920114025110,0003283-49.2011.4.02.5110,279,Inquérito Policial,Contravenções Penais,2011-10-07,2024-07-05T21:39:01.931000Z,4,G1,Eletrônico,https://eproc.jfrj.jus.br/eproc/externo_controlador.php?acao=processo_consulta_publica
04904081720114025101,0490408-17.2011.4.02.5101,279,Inquérito Policial,Contravenções Penais,2011-10-12,2024-07-05T23:23:27.673000Z,5,G1,Eletrônico,https://eproc.jfrj.jus.br/eproc/externo_controlador.php?acao=processo_consulta_publica
08099911220114025101,0809991-12.2011.4.02.5101,279,Inquérito Policial,Contravenções Penais,2011-10-13,2024-07-06T00:41:07.516000Z,2,G1,Eletrônico,https://eproc.jfrj.jus.br/eproc/externo_controlador.php?acao=processo_consulta_publica
08099929420114025101,0809992-94.2011.4.02.5101,279,Inquérito Policial,Contravenções Penais,2011-10-13,2024-07-06T00:41:23.490000Z,2,G1,Eletrônico,https://eproc.jfrj.jus.br/eproc/externo_controlador.php?acao=processo_consulta_publica
00017661520114025108,0001766-15.2011.4.02.5108,283,Ação Penal - Procedimento Ordinário,Estelionato Majorado ; Furto ,2011-10-17,2026-08-20T23:47:47.029000Z,49,G1,Eletrônico,https://eproc.jfrj.jus.br/eproc/externo_controlador.php?acao=processo_consulta_publica
08101557420114025101,0810155-74.2011.4.02.5101,283,Ação Penal - Procedimento Ordinário,Contravenções Penais,2011-10-18,2024-07-06T00:40:09.990000Z,15,G1,Eletrônico,https://eproc.jfrj.jus.br/eproc/externo_controlador.php?acao=processo_consulta_publica
08101228420114025101,0810122-84.2011.4.02.5101,283,Ação Penal - Procedimento Ordinário,Estelionato Majorado ,2011-10-18,2024-07-06T00:41:09.554000Z,7,G1,Eletrônico,https://eproc.jfrj.jus.br/eproc/externo_controlador.php?acao=processo_consulta_publica
08101253920114025101,0810125-39.2011.4.02.5101,279,Inquérito Policial,Contravenções Penais,2011-10-18,2024-07-06T01:00:14.207000Z,3,G1,Eletrônico,https://eproc.jfrj.jus.br/eproc/externo_controlador.php?acao=processo_consulta_publica
08105056220114025101,0810505-62.2011.4.02.5101,283,Ação Penal - Procedimento Ordinário,Contravenções Penais,2011-10-28,2024-07-05T23:23:14.161000Z,13,G1,Eletrônico,https://eproc.jfrj.jus.br/eproc/externo_controlador.php?acao=processo_consulta_publica
08104501420114025101,0810450-14.2011.4.02.5101,279,Inquérito Policial,Contravenções Penais,2011-11-03,2024-07-06T00:59:44.925000Z,2,G1,Eletrônico,https://eproc.jfrj.jus.br/eproc/externo_controlador.php?acao=processo_consulta_publica
08104779420114025101,0810477-94.2011.4.02.5101,279,Inquérito Policial,Contravenções Penais,2011-11-03,2024-07-06T00:41:08.166000Z,2,G1,Eletrônico,https://eproc.jfrj.jus.br/eproc/externo_controlador.php?acao=processo_consulta_publica
08109403620114025101,0810940-36.2011.4.02.5101,283,Ação Penal - Procedimento Ordinário,Crimes contra a Ordem Tributária; Estelionato Majorado ,2011-11-23,2024-07-06T00:41:27.565000Z,19,G1,Eletrônico,https://eproc.jfrj.jus.br/eproc/externo_controlador.php?acao=processo_consulta_publica
08088210520114025101,0808821-05.2011.4.02.5101,326,Restituição de Coisas Apreendidas,Contravenções Penais,2011-11-25,2024-09-26T21:04:19.063000Z,11,G1,Eletrônico,https://eproc.jfrj.jus.br/eproc/externo_controlador.php?acao=processo_consulta_publica
08087726120114025101,0808772-61.2011.4.02.5101,283,Ação Penal - Procedimento Ordinário,Contrabando ou descaminho ,2011-11-28,2025-10-14T10:14:41.815000Z,37,G1,Eletrônico,https://eproc.jfrj.jus.br/eproc/externo_controlador.php?acao=processo_consulta_publica
00034720620114025117,0003472-06.2011.4.02.5117,279,Inquérito Policial,Contravenções Penais,2011-12-05,2024-07-05T21:39:30.155000Z,3,G1,Eletrônico,https://eproc.jfrj.jus.br/eproc/externo_controlador.php?acao=processo_consulta_publica
08115717720114025101,0811571-77.2011.4.02.5101,283,Ação Penal - Procedimento Ordinário,Crimes contra o Sistema Financeiro Nacional,2011-12-09,2024-07-06T00:40:49.635000Z,26,G1,Eletrônico,https://eproc.jfrj.jus.br/eproc/externo_controlador.php?acao=processo_consulta_publica
08114634820114025101,0811463-48.2011.4.02.5101,279,Inquérito Policial,Contravenções Penais,2011-12-12,2024-07-06T01:00:06.624000Z,4,G1,Eletrônico,https://eproc.jfrj.jus.br/eproc/externo_controlador.php?acao=processo_consulta_publica
08114816920114025101,0811481-69.2011.4.02.5101,279,Inquérito Policial,Contravenções Penais,2011-12-12,2024-07-06T01:00:07.005000Z,2,G1,Eletrônico,https://eproc.jfrj.jus.br/eproc/externo_controlador.php?acao=processo_consulta_publica
08115275820114025101,0811527-58.2011.4.02.5101,279,Inquérito Policial,Contravenções Penais,2011-12-13,2024-07-06T00:41:01.806000Z,4,G1,Eletrônico,https://eproc.jfrj.jus.br/eproc/externo_controlador.php?acao=processo_consulta_publica
00101435920124025101,0010143-59.2012.4.02.5101,326,Restituição de Coisas Apreendidas,Contravenções Penais,2012-01-12,2024-07-05T22:53:47.053000Z,8,G1,Eletrônico,https://eproc.jfrj.jus.br/eproc/externo_controlador.php?acao=processo_consulta_publica
00102033220124025101,0010203-32.2012.4.02.5101,283,Ação Penal - Procedimento Ordinário,Estelionato,2012-01-16,2024-07-05T23:25:33.193000Z,9,G1,Eletrônico,https://eproc.jfrj.jus.br/eproc/externo_controlador.php?acao=processo_consulta_publica
00104917720124025101,0010491-77.2012.4.02.5101,283,Ação Penal - Procedimento Ordinário,Crimes contra a Ordem Tributária,2012-01-19,2026-06-13T13:52:13.391000Z,61,G1,Eletrônico,https://eproc.jfrj.jus.br/eproc/externo_controlador.php?acao=processo_consulta_publica
00105116820124025101,0010511-68.2012.4.02.5101,279,Inquérito Policial,Contravenções Penais,2012-01-19,2024-07-05T23:23:36.716000Z,1,G1,Eletrônico,https://eproc.jfrj.jus.br/eproc/externo_controlador.php?acao=processo_consulta_publica
00105385120124025101,0010538-51.2012.4.02.5101,279,Inquérito Policial,Contravenções Penais,2012-01-19,2024-07-05T23:24:56.485000Z,2,G1,Eletrônico,https://eproc.jfrj.jus.br/eproc/externo_controlador.php?acao=processo_consulta_publica
00119848920124025101,0011984-89.2012.4.02.5101,279,Inquérito Policial,Contravenções Penais,2012-01-30,2024-07-05T23:22:17.456000Z,2,G1,Eletrônico,https://eproc.jfrj.jus.br/eproc/externo_controlador.php?acao=processo_consulta_publica
00126612220124025101,0012661-22.2012.4.02.5101,279,Inquérito Policial,Contravenções Penais,2012-02-03,2024-07-05T23:25:07.851000Z,2,G1,Eletrônico,https://eproc.jfrj.jus.br/eproc/externo_controlador.php?acao=processo_consulta_publica
00127071120124025101,0012707-11.2012.4.02.5101,283,Ação Penal - Procedimento Ordinário,Crimes contra o Sistema Financeiro Nacional,2012-02-06,2026-06-13T14:12:00.875000Z,38,G1,Eletrônico,https://eproc.jfrj.jus.br/eproc/externo_controlador.php?acao=processo_consulta_publica
00120670820124025101,0012067-08.2012.4.02.5101,283,Ação Penal - Procedimento Ordinário,Estelionato,2012-02-06,2026-06-13T14:16:04.196000Z,62,G1,Eletrônico,https://eproc.jfrj.jus.br/eproc/externo_controlador.php?acao=processo_consulta_publica
00127089320124025101,0012708-93.2012.4.02.5101,283,Ação Penal - Procedimento Ordinário,Crimes contra o Sistema Financeiro Nacional,2012-02-06,2024-07-05T23:25:52.358000Z,19,G1,Eletrônico,https://eproc.jfrj.jus.br/eproc/externo_controlador.php?acao=processo_consulta_publica
00126811320124025101,0012681-13.2012.4.02.5101,279,Inquérito Policial,Contravenções Penais,2012-02-09,2024-07-05T23:25:50.191000Z,3,G1,Eletrônico,https://eproc.jfrj.jus.br/eproc/externo_controlador.php?acao=processo_consulta_publica
00126829520124025101,0012682-95.2012.4.02.5101,279,Inquérito Policial,Contravenções Penais,2012-02-09,2024-07-05T23:21:56.671000Z,2,G1,Eletrônico,https://eproc.jfrj.jus.br/eproc/externo_controlador.php?acao=processo_consulta_publica
00127608920124025101,0012760-89.2012.4.02.5101,279,Inquérito Policial,Contravenções Penais,2012-02-09,2024-07-05T23:23:11.843000Z,2,G1,Eletrônico,https://eproc.jfrj.jus.br/eproc/externo_controlador.php?acao=processo_consulta_publica
00128007120124025101,0012800-71.2012.4.02.5101,283,Ação Penal - Procedimento Ordinário,Contrabando ou descaminho ; Falsidade ideológica ; Quadrilha ou Bando,2012-02-09,2024-07-05T23:25:11.466000Z,10,G1,Eletrônico,https://eproc.jfrj.jus.br/eproc/externo_controlador.php?acao=processo_consulta_publica
00129947120124025101,0012994-71.2012.4.02.5101,279,Inquérito Policial,Contravenções Penais,2012-02-15,2024-07-05T23:25:29.012000Z,3,G1,Eletrônico,https://eproc.jfrj.jus.br/eproc/externo_controlador.php?acao=processo_consulta_publica
00130085520124025101,0013008-55.2012.4.02.5101,283,Ação Penal - Procedimento Ordinário,Estelionato Majorado ,2012-02-16,2024-07-05T23:47:15.311000Z,13,G1,Eletrônico,https://eproc.jfrj.jus.br/eproc/externo_controlador.php?acao=processo_consulta_publica
00130535920124025101,0013053-59.2012.4.02.5101,283,Ação Penal - Procedimento Ordinário,Crimes contra o Sistema Financeiro Nacional,2012-02-16,2024-07-05T23:25:52.591000Z,10,G1,Eletrônico,https://eproc.jfrj.jus.br/eproc/externo_controlador.php?acao=processo_consulta_publica
00000778120124025113,0000077-81.2012.4.02.5113,283,Ação Penal - Procedimento Ordinário,Crimes contra o Meio Ambiente e o Patrimônio Genético,2012-02-16,2025-10-14T02:08:10.027000Z,19,G1,Eletrônico,https://eproc.jfrj.jus.br/eproc/externo_controlador.php?acao=processo_consulta_publica
00004225620124025110,0000422-56.2012.4.02.5110,279,Inquérito Policial,Contravenções Penais,2012-02-16,2024-07-05T22:53:56.356000Z,5,G1,Eletrônico,https://eproc.jfrj.jus.br/eproc/externo_controlador.php?acao=processo_consulta_publica
00136754120124025101,0013675-41.2012.4.02.5101,283,Ação Penal - Procedimento Ordinário,Contravenções Penais,2012-02-29,2026-08-20T23:39:20.118000Z,43,G1,Eletrônico,https://eproc.jfrj.jus.br/eproc/externo_controlador.php?acao=processo_consulta_publica
00137810320124025101,0013781-03.2012.4.02.5101,279,Inquérito Policial,Contravenções Penais,2012-03-05,2024-07-05T23:25:35.408000Z,2,G1,Eletrônico,https://eproc.jfrj.jus.br/eproc/externo_controlador.php?acao=processo_consulta_publica
00137862520124025101,0013786-25.2012.4.02.5101,283,Ação Penal - Procedimento Ordinário,Furto Qualificado ; Quadrilha ou Bando; Uso de documento falso ,2012-03-05,2024-07-05T23:25:25.034000Z,20,G1,Eletrônico,https://eproc.jfrj.jus.br/eproc/externo_controlador.php?acao=processo_consulta_publica
00138495020124025101,0013849-50.2012.4.02.5101,283,Ação Penal - Procedimento Ordinário,Estelionato Majorado ,2012-03-12,2024-07-05T23:46:26.705000Z,22,G1,Eletrônico,https://eproc.jfrj.jus.br/eproc/externo_controlador.php?acao=processo_consulta_publica
00005690920124025102,0000569-09.2012.4.02.5102,283,Ação Penal - Procedimento Ordinário,Estelionato,2012-03-13,2024-07-05T23:47:34.416000Z,23,G1,Eletrônico,https://eproc.jfrj.jus.br/eproc/externo_controlador.php?acao=processo_consulta_publica
00150975120124025101,0015097-51.2012.4.02.5101,279,Inquérito Policial,Contravenções Penais,2012-03-15,2025-06-14T05:28:09.522000Z,3,G1,Eletrônico,https://eproc.jfrj.jus.br/eproc/externo_controlador.php?acao=processo_consulta_publica
00147978920124025101,0014797-89.2012.4.02.5101,283,Ação Penal - Procedimento Ordinário,Falsificação de documento público,2012-03-16,2024-07-05T23:25:52.215000Z,21,G1,Eletrônico,https://eproc.jfrj.jus.br/eproc/externo_controlador.php?acao=processo_consulta_publica
00152248620124025101,0015224-86.2012.4.02.5101,283,Ação Penal - Procedimento Ordinário,Estelionato Majorado ; Uso de documento falso ,2012-03-16,2026-09-15T22:57:59.163000Z,43,G1,Eletrônico,https://eproc.jfrj.jus.br/eproc/externo_controlador.php?acao=processo_consulta_publica
00149667620124025101,0014966-76.2012.4.02.5101,327,Embargos de Terceiro Criminal,"Crimes de &quot;Lavagem&quot; ou Ocultação de Bens, Direitos ou Valores",2012-03-21,2024-07-05T23:26:02.464000Z,31,G1,Eletrônico,https://eproc.jfrj.jus.br/eproc/externo_controlador.php?acao=processo_consulta_publica
00007638220124025110,0000763-82.2012.4.02.5110,279,Inquérito Policial,Contravenções Penais,2012-03-22,2024-07-06T00:59:41.929000Z,5,G1,Eletrônico,https://eproc.jfrj.jus.br/eproc/externo_controlador.php?acao=processo_consulta_publica
00157201820124025101,0015720-18.2012.4.02.5101,279,Inquérito Policial,Contravenções Penais,2012-03-28,2024-07-05T23:46:29.957000Z,3,G1,Eletrônico,https://eproc.jfrj.jus.br/eproc/externo_controlador.php?acao=processo_consulta_publica
00009222520124025110,0000922-25.2012.4.02.5110,279,Inquérito Policial,Contravenções Penais,2012-04-11,2024-07-06T00:39:56.111000Z,6,G1,Eletrônico,https://eproc.jfrj.jus.br/eproc/externo_controlador.php?acao=processo_consulta_publica
00007664320124025108,0000766-43.2012.4.02.5108,283,Ação Penal - Procedimento Ordinário,Contrabando ou descaminho ,2012-04-11,2026-06-13T14:16:18.676000Z,38,G1,Eletrônico,https://eproc.jfrj.jus.br/eproc/externo_controlador.php?acao=processo_consulta_publica
00177338720124025101,0017733-87.2012.4.02.5101,279,Inquérito Policial,Estelionato Majorado ; Falsificação de documento público; Uso de documento falso ,2012-04-12,2024-07-05T23:46:48.224000Z,3,G1,Eletrônico,https://eproc.jfrj.jus.br/eproc/externo_controlador.php?acao=processo_consulta_publica
00177182120124025101,0017718-21.2012.4.02.5101,279,Inquérito Policial,Contravenções Penais,2012-04-13,2024-07-05T23:25:52.021000Z,3,G1,Eletrônico,https://eproc.jfrj.jus.br/eproc/externo_controlador.php?acao=processo_consulta_publica
00180248720124025101,0018024-87.2012.4.02.5101,283,Ação Penal - Procedimento Ordinário,Crimes contra o Sistema Financeiro Nacional,2012-04-19,2024-07-05T23:47:25.416000Z,10,G1,Eletrônico,https://eproc.jfrj.jus.br/eproc/externo_controlador.php?acao=processo_consulta_publica
00189584520124025101,0018958-45.2012.4.02.5101,283,Ação Penal - Procedimento Ordinário,Contrabando ou descaminho ,2012-04-25,2024-07-05T23:46:49.439000Z,9,G1,Eletrônico,https://eproc.jfrj.jus.br/eproc/externo_controlador.php?acao=processo_consulta_publica
00189593020124025101,0018959-30.2012.4.02.5101,283,Ação Penal - Procedimento Ordinário,Sonegação de contribuição previdenciária ,2012-04-25,2025-05-13T23:14:45.309000Z,55,G1,Eletrônico,https://eproc.jfrj.jus.br/eproc/externo_controlador.php?acao=processo_consulta_publica
00193845720124025101,0019384-57.2012.4.02.5101,1733,Procedimento Investigatório Criminal (PIC-MP) ,Contravenções Penais,2012-04-25,2024-07-05T23:48:09.190000Z,7,G1,Eletrônico,https://eproc.jfrj.jus.br/eproc/externo_controlador.php?acao=processo_consulta_publica
00197941820124025101,0019794-18.2012.4.02.5101,283,Ação Penal - Procedimento Ordinário,Crimes contra a Ordem Tributária,2012-04-30,2024-07-05T23:22:33.943000Z,38,G1,Eletrônico,https://eproc.jfrj.jus.br/eproc/externo_controlador.php?acao=processo_consulta_publica
00213340420124025101,0021334-04.2012.4.02.5101,283,Ação Penal - Procedimento Ordinário,Contrabando ou descaminho ,2012-05-02,2026-06-13T14:09:37.902000Z,22,G1,Eletrônico,https://eproc.jfrj.jus.br/eproc/externo_controlador.php?acao=processo_consulta_publica
00213470320124025101,0021347-03.2012.4.02.5101,279,Inquérito Policial,Contravenções Penais,2012-05-03,2024-07-05T23:46:46.183000Z,1,G1,Eletrônico,https://eproc.jfrj.jus.br/eproc/externo_controlador.php?acao=processo_consulta_publica
00215142020124025101,0021514-20.2012.4.02.5101,279,Inquérito Policial,Contravenções Penais,2012-05-04,2024-07-05T23:46:30.508000Z,2,G1,Eletrônico,https://eproc.jfrj.jus.br/eproc/externo_controlador.php?acao=processo_consulta_publica
00222971220124025101,0022297-12.2012.4.02.5101,283,Ação Penal - Procedimento Ordinário,Crimes contra o Sistema Financeiro Nacional,2012-05-07,2024-07-05T23:47:13.705000Z,9,G1,Eletrônico,https://eproc.jfrj.jus.br/eproc/externo_controlador.php?acao=processo_consulta_publica
00232931020124025101,0023293-10.2012.4.02.5101,283,Ação Penal - Procedimento Ordinário,Contrabando ou descaminho ,2012-05-09,2024-07-05T23:47:44.720000Z,14,G1,Eletrônico,https://eproc.jfrj.jus.br/eproc/externo_controlador.php?acao=processo_consulta_publica
00248988820124025101,0024898-88.2012.4.02.5101,279,Inquérito Policial,Contravenções Penais,2012-05-10,2024-07-05T23:47:58.318000Z,3,G1,Eletrônico,https://eproc.jfrj.jus.br/eproc/externo_controlador.php?acao=processo_consulta_publica
04901965920124025101,0490196-59.2012.4.02.5101,283,Ação Penal - Procedimento Ordinário,Crimes contra as Telecomunicações,2012-05-17,2024-07-06T00:36:40.806000Z,9,G1,Eletrônico,https://eproc.jfrj.jus.br/eproc/externo_controlador.php?acao=processo_consulta_publica
00262845620124025101,0026284-56.2012.4.02.5101,283,Ação Penal - Procedimento Ordinário,Crimes contra a Ordem Tributária,2012-05-18,2024-07-05T23:48:19.780000Z,7,G1,Eletrônico,https://eproc.jfrj.jus.br/eproc/externo_controlador.php?acao=processo_consulta_publica
00269340620124025101,0026934-06.2012.4.02.5101,283,Ação Penal - Procedimento Ordinário,Crimes contra a Ordem Tributária,2012-05-22,2024-07-05T23:48:05.151000Z,32,G1,Eletrônico,https://eproc.jfrj.jus.br/eproc/externo_controlador.php?acao=processo_consulta_publica
00273584820124025101,0027358-48.2012.4.02.5101,283,Ação Penal - Procedimento Ordinário,Crimes contra a Ordem Tributária,2012-05-25,2024-07-05T23:47:34.828000Z,8,G1,Eletrônico,https://eproc.jfrj.jus.br/eproc/externo_controlador.php?acao=processo_consulta_publica
00270553420124025101,0027055-34.2012.4.02.5101,279,Inquérito Policial,Contravenções Penais,2012-05-30,2024-07-05T23:48:19.162000Z,2,G1,Eletrônico,https://eproc.jfrj.jus.br/eproc/externo_controlador.php?acao=processo_consulta_publica
00270735520124025101,0027073-55.2012.4.02.5101,279,Inquérito Policial,Contravenções Penais,2012-05-30,2024-07-05T23:48:36.127000Z,3,G1,Eletrônico,https://eproc.jfrj.jus.br/eproc/externo_controlador.php?acao=processo_consulta_publica
00274433420124025101,0027443-34.2012.4.02.5101,283,Ação Penal - Procedimento Ordinário,Estelionato,2012-06-04,2024-07-05T23:48:40.169000Z,5,G1,Eletrônico,https://eproc.jfrj.jus.br/eproc/externo_controlador.php?acao=processo_consulta_publica
00274919020124025101,0027491-90.2012.4.02.5101,283,Ação Penal - Procedimento Ordinário,Inserção de dados falsos em sistema de informações ,2012-06-11,2024-07-05T23:20:25.989000Z,14,G1,Eletrônico,https://eproc.jfrj.jus.br/eproc/externo_controlador.php?acao=processo_consulta_publica
00287589720124025101,0028758-97.2012.4.02.5101,283,Ação Penal - Procedimento Ordinário,Crimes contra a Ordem Tributária,2012-06-14,2024-07-05T23:48:34.704000Z,11,G1,Eletrônico,https://eproc.jfrj.jus.br/eproc/externo_controlador.php?acao=processo_consulta_publica
00304547120124025101,0030454-71.2012.4.02.5101,279,Inquérito Policial,Contravenções Penais,2012-06-29,2024-07-05T23:49:02.318000Z,2,G1,Eletrônico,https://eproc.jfrj.jus.br/eproc/externo_controlador.php?acao=processo_consulta_publica
00308262020124025101,0030826-20.2012.4.02.5101,280,Auto de Prisão em Flagrante,Contrabando ou descaminho ,2012-07-04,2024-07-05T23:49:17.144000Z,5,G1,Eletrônico,https://eproc.jfrj.jus.br/eproc/externo_controlador.php?acao=processo_consulta_publica
00307560320124025101,0030756-03.2012.4.02.5101,279,Inquérito Policial,Contravenções Penais,2012-07-04,2024-07-05T23:48:48.157000Z,2,G1,Eletrônico,https://eproc.jfrj.jus.br/eproc/externo_controlador.php?acao=processo_consulta_publica
00309171320124025101,0030917-13.2012.4.02.5101,283,Ação Penal - Procedimento Ordinário,Contrabando ou descaminho ,2012-07-09,2024-07-05T23:22:07.851000Z,16,G1,Eletrônico,https://eproc.jfrj.jus.br/eproc/externo_controlador.php?acao=processo_consulta_publica
00008521720124025107,0000852-17.2012.4.02.5107,279,Inquérito Policial,Contravenções Penais,2012-07-11,2024-07-06T01:00:00.017000Z,2,G1,Eletrônico,https://eproc.jfrj.jus.br/eproc/externo_controlador.php?acao=processo_consulta_publica
00311397820124025101,0031139-78.2012.4.02.5101,283,Ação Penal - Procedimento Ordinário,Apropriação indébita Previdenciária ,2012-07-12,2025-10-14T08:14:40.751000Z,45,G1,Eletrônico,https://eproc.jfrj.jus.br/eproc/externo_controlador.php?acao=processo_consulta_publica
00019111020124025117,0001911-10.2012.4.02.5117,279,Inquérito Policial,Crimes contra o Sistema Financeiro Nacional,2012-07-18,2024-07-05T20:28:41.533000Z,3,G1,Eletrônico,https://eproc.jfrj.jus.br/eproc/externo_controlador.php?acao=processo_consulta_publica
00311934420124025101,0031193-44.2012.4.02.5101,279,Inquérito Policial,Contravenções Penais,2012-07-18,2024-07-05T23:48:12.680000Z,3,G1,Eletrônico,https://eproc.jfrj.jus.br/eproc/externo_controlador.php?acao=processo_consulta_publica
00317174120124025101,0031717-41.2012.4.02.5101,279,Inquérito Policial,Contravenções Penais,2012-07-19,2024-07-05T23:47:46.537000Z,3,G1,Eletrônico,https://eproc.jfrj.jus.br/eproc/externo_controlador.php?acao=processo_consulta_publica
00318958720124025101,0031895-87.2012.4.02.5101,283,Ação Penal - Procedimento Ordinário,Falsificação de documento público,2012-07-20,2024-07-05T23:49:30.460000Z,10,G1,Eletrônico,https://eproc.jfrj.jus.br/eproc/externo_controlador.php?acao=processo_consulta_publica
00312445520124025101,0031244-55.2012.4.02.5101,283,Ação Penal - Procedimento Ordinário,Contravenções Penais,2012-07-26,2024-07-05T23:49:27.599000Z,8,G1,Eletrônico,https://eproc.jfrj.jus.br/eproc/externo_controlador.php?acao=processo_consulta_publica
00023227420124025110,0002322-74.2012.4.02.5110,279,Inquérito Policial,Contravenções Penais,2012-07-30,2024-07-05T22:53:31.130000Z,5,G1,Eletrônico,https://eproc.jfrj.jus.br/eproc/externo_controlador.php?acao=processo_consulta_publica
00313268620124025101,0031326-86.2012.4.02.5101,279,Inquérito Policial,Contravenções Penais,2012-07-31,2024-07-05T23:49:02.420000Z,3,G1,Eletrônico,https://eproc.jfrj.jus.br/eproc/externo_controlador.php?acao=processo_consulta_publica
00008314420124025106,0000831-44.2012.4.02.5106,279,Inquérito Policial,Contravenções Penais,2012-08-02,2024-07-06T01:00:20.929000Z,1,G1,Eletrônico,https://eproc.jfrj.jus.br/eproc/externo_controlador.php?acao=processo_consulta_publica
00023720320124025110,0002372-03.2012.4.02.5110,279,Inquérito Policial,Contravenções Penais,2012-08-07,2024-07-05T21:04:42.837000Z,4,G1,Eletrônico,https://eproc.jfrj.jus.br/eproc/externo_controlador.php?acao=processo_consulta_publica
00347191920124025101,0034719-19.2012.4.02.5101,279,Inquérito Policial,Contravenções Penais,2012-08-09,2024-07-05T23:20:50.910000Z,3,G1,Eletrônico,https://eproc.jfrj.jus.br/eproc/externo_controlador.php?acao=processo_consulta_publica
00348509120124025101,0034850-91.2012.4.02.5101,279,Inquérito Policial,Sonegação de contribuição previdenciária ,2012-08-09,2024-07-05T23:49:44.440000Z,3,G1,Eletrônico,https://eproc.jfrj.jus.br/eproc/externo_controlador.php?acao=processo_consulta_publica
00345633120124025101,0034563-31.2012.4.02.5101,283,Ação Penal - Procedimento Ordinário,Uso de documento falso ,2012-08-15,2024-07-05T23:49:10.388000Z,20,G1,Eletrônico,https://eproc.jfrj.jus.br/eproc/externo_controlador.php?acao=processo_consulta_publica
00350656720124025101,0035065-67.2012.4.02.5101,283,Ação Penal - Procedimento Ordinário,Moeda Falsa / Assimilados,2012-08-16,2024-07-05T23:22:05.679000Z,9,G1,Eletrônico,https://eproc.jfrj.jus.br/eproc/externo_controlador.php?acao=processo_consulta_publica
04903048820124025101,0490304-88.2012.4.02.5101,283,Ação Penal - Procedimento Ordinário,Contrabando ou descaminho ; Crimes contra a Economia Popular,2012-08-19,2024-07-06T00:36:42.857000Z,9,G1,Eletrônico,https://eproc.jfrj.jus.br/eproc/externo_controlador.php?acao=processo_consulta_publica
00351262520124025101,0035126-25.2012.4.02.5101,283,Ação Penal - Procedimento Ordinário,Inserção de dados falsos em sistema de informações ,2012-08-23,2024-07-05T23:49:09.374000Z,5,G1,Eletrônico,https://eproc.jfrj.jus.br/eproc/externo_controlador.php?acao=processo_consulta_publica
04903091320124025101,0490309-13.2012.4.02.5101,283,Ação Penal - Procedimento Ordinário,Contravenções Penais,2012-08-26,2024-07-06T00:36:10.397000Z,11,G1,Eletrônico,https://eproc.jfrj.jus.br/eproc/externo_controlador.php?acao=processo_consulta_publica
00360503620124025101,0036050-36.2012.4.02.5101,279,Inquérito Policial,Crimes contra as Telecomunicações,2012-08-29,2024-07-05T23:49:39.911000Z,8,G1,Eletrônico,https://eproc.jfrj.jus.br/eproc/externo_controlador.php?acao=processo_consulta_publica
00370333520124025101,0037033-35.2012.4.02.5101,279,Inquérito Policial,Contravenções Penais,2012-09-04,2024-07-05T23:22:04.101000Z,2,G1,Eletrônico,https://eproc.jfrj.jus.br/eproc/externo_controlador.php?acao=processo_consulta_publica
00370178120124025101,0037017-81.2012.4.02.5101,279,Inquérito Policial,Contravenções Penais,2012-09-04,2025-04-14T14:28:45.348000Z,3,G1,Eletrônico,https://eproc.jfrj.jus.br/eproc/externo_controlador.php?acao=processo_consulta_publica
00370169620124025101,0037016-96.2012.4.02.5101,279,Inquérito Policial,Contravenções Penais,2012-09-04,2024-07-05T23:49:16.991000Z,2,G1,Eletrônico,https://eproc.jfrj.jus.br/eproc/externo_controlador.php?acao=processo_consulta_publica
00376716820124025101,0037671-68.2012.4.02.5101,283,Ação Penal - Procedimento Ordinário,Contrabando ou descaminho ,2012-09-05,2024-07-05T23:49:21.309000Z,9,G1,Eletrônico,https://eproc.jfrj.jus.br/eproc/externo_controlador.php?acao=processo_consulta_publica
00371762420124025101,0037176-24.2012.4.02.5101,283,Ação Penal - Procedimento Ordinário,Crimes contra a Ordem Tributária,2012-09-10,2026-09-15T22:54:18.138000Z,58,G1,Eletrônico,https://eproc.jfrj.jus.br/eproc/externo_controlador.php?acao=processo_consulta_publica
00374733120124025101,0037473-31.2012.4.02.5101,283,Ação Penal - Procedimento Ordinário,Uso de documento falso ,2012-09-12,2024-07-05T23:49:43.314000Z,31,G1,Eletrônico,https://eproc.jfrj.jus.br/eproc/externo_controlador.php?acao=processo_consulta_publica
00356017820124025101,0035601-78.2012.4.02.5101,279,Inquérito Policial,Peculato; Prevaricação,2012-09-24,2024-07-05T23:49:52.743000Z,9,G1,Eletrônico,https://eproc.jfrj.jus.br/eproc/externo_controlador.php?acao=processo_consulta_publica
00356208420124025101,0035620-84.2012.4.02.5101,279,Inquérito Policial,Contravenções Penais,2012-09-25,2024-07-05T23:49:42.855000Z,3,G1,Eletrônico,https://eproc.jfrj.jus.br/eproc/externo_controlador.php?acao=processo_consulta_publica
00384225520124025101,0038422-55.2012.4.02.5101,333,Insanidade Mental do Acusado,Contravenções Penais,2012-09-27,2024-07-05T23:22:17.240000Z,4,G1,Eletrônico,https://eproc.jfrj.jus.br/eproc/externo_controlador.php?acao=processo_consulta_publica
00390313820124025101,0039031-38.2012.4.02.5101,279,Inquérito Policial,Contravenções Penais,2012-09-28,2024-09-26T20:51:11.882000Z,3,G1,Eletrônico,https://eproc.jfrj.jus.br/eproc/externo_controlador.php?acao=processo_consulta_publica
00397640420124025101,0039764-04.2012.4.02.5101,283,Ação Penal - Procedimento Ordinário,Receptação,2012-10-08,2024-07-05T23:50:22.666000Z,12,G1,Eletrônico,https://eproc.jfrj.jus.br/eproc/externo_controlador.php?acao=processo_consulta_publica
00396263720124025101,0039626-37.2012.4.02.5101,283,Ação Penal - Procedimento Ordinário,Crimes contra a Ordem Tributária,2012-10-08,2024-07-05T23:48:56.020000Z,7,G1,Eletrônico,https://eproc.jfrj.jus.br/eproc/externo_controlador.php?acao=processo_consulta_publica
00552000320124025101,0055200-03.2012.4.02.5101,279,Inquérito Policial,Contravenções Penais,2012-10-10,2024-07-06T00:12:52.977000Z,2,G1,Eletrônico,https://eproc.jfrj.jus.br/eproc/externo_controlador.php?acao=processo_consulta_publica
00553031020124025101,0055303-10.2012.4.02.5101,283,Ação Penal - Procedimento Ordinário,Crimes contra a Ordem Tributária,2012-10-16,2024-07-06T00:12:09.980000Z,15,G1,Eletrônico,https://eproc.jfrj.jus.br/eproc/externo_controlador.php?acao=processo_consulta_publica
00392123920124025101,0039212-39.2012.4.02.5101,283,Ação Penal - Procedimento Ordinário,Homicídio Qualificado,2012-10-16,2024-07-05T23:50:40.995000Z,17,G1,Eletrônico,https://eproc.jfrj.jus.br/eproc/externo_controlador.php?acao=processo_consulta_publica
00030545520124025110,0003054-55.2012.4.02.5110,279,Inquérito Policial,Contravenções Penais,2012-10-18,2024-07-05T21:07:52.940000Z,2,G1,Eletrônico,https://eproc.jfrj.jus.br/eproc/externo_controlador.php?acao=processo_consulta_publica
00009991620124025116,0000999-16.2012.4.02.5116,279,Inquérito Policial,Contravenções Penais,2012-10-25,2024-07-06T01:00:58.261000Z,4,G1,Eletrônico,https://eproc.jfrj.jus.br/eproc/externo_controlador.php?acao=processo_consulta_publica
00574328520124025101,0057432-85.2012.4.02.5101,279,Inquérito Policial,Estelionato Majorado ,2012-11-06,2024-09-26T21:00:09.908000Z,3,G1,Eletrônico,https://eproc.jfrj.jus.br/eproc/externo_controlador.php?acao=processo_consulta_publica
50645200620234025101,5064520-06.2023.4.02.5101,283,Ação Penal - Procedimento Ordinário,"Crimes de &quot;Lavagem&quot; ou Ocultação de Bens, Direitos ou Valores",2012-11-06,2024-07-05T22:50:40.565000Z,4,G1,Eletrônico,https://eproc.jfrj.jus.br/eproc/externo_controlador.php?acao=processo_consulta_publica
00578173320124025101,0057817-33.2012.4.02.5101,283,Ação Penal - Procedimento Ordinário,"Crimes de &quot;Lavagem&quot; ou Ocultação de Bens, Direitos ou Valores",2012-11-06,2025-11-13T17:18:25.639000Z,25,G1,Eletrônico,https://eproc.jfrj.jus.br/eproc/externo_controlador.php?acao=processo_consulta_publica
00579723620124025101,0057972-36.2012.4.02.5101,279,Inquérito Policial,Contravenções Penais,2012-11-09,2024-07-05T23:50:54.140000Z,4,G1,Eletrônico,https://eproc.jfrj.jus.br/eproc/externo_controlador.php?acao=processo_consulta_publica
00579740620124025101,0057974-06.2012.4.02.5101,279,Inquérito Policial,Contravenções Penais,2012-11-09,2024-07-06T00:12:23.866000Z,2,G1,Eletrônico,https://eproc.jfrj.jus.br/eproc/externo_controlador.php?acao=processo_consulta_publica
00581127020124025101,0058112-70.2012.4.02.5101,283,Ação Penal - Procedimento Ordinário,Falsificação de documento público,2012-11-19,2024-07-06T00:12:52.035000Z,11,G1,Eletrônico,https://eproc.jfrj.jus.br/eproc/externo_controlador.php?acao=processo_consulta_publica
00599521820124025101,0059952-18.2012.4.02.5101,279,Inquérito Policial,Contravenções Penais,2012-12-07,2024-07-06T00:12:41.400000Z,3,G1,Eletrônico,https://eproc.jfrj.jus.br/eproc/externo_controlador.php?acao=processo_consulta_publica
00050293920124025102,0005029-39.2012.4.02.5102,279,Inquérito Policial,Contravenções Penais,2012-12-10,2024-07-05T22:16:50.499000Z,2,G1,Eletrônico,https://eproc.jfrj.jus.br/eproc/externo_controlador.php?acao=processo_consulta_publica
00630934520124025101,0063093-45.2012.4.02.5101,279,Inquérito Policial,Contravenções Penais,2012-12-14,2024-07-06T00:12:52.320000Z,4,G1,Eletrônico,https://eproc.jfrj.jus.br/eproc/externo_controlador.php?acao=processo_consulta_publica
00627582620124025101,0062758-26.2012.4.02.5101,279,Inquérito Policial,Contravenções Penais,2012-12-19,2024-07-06T00:12:40.282000Z,2,G1,Eletrônico,https://eproc.jfrj.jus.br/eproc/externo_controlador.php?acao=processo_consulta_publica
04901339720134025101,0490133-97.2013.4.02.5101,279,Inquérito Policial,Contrabando ou descaminho ,2013-01-12,2024-07-06T00:36:43.483000Z,15,G1,Eletrônico,https://eproc.jfrj.jus.br/eproc/externo_controlador.php?acao=processo_consulta_publica
08001181720134025101,0800118-17.2013.4.02.5101,283,Ação Penal - Procedimento Ordinário,Estelionato Majorado ,2013-01-14,2026-06-13T13:57:21.559000Z,59,G1,Eletrônico,https://eproc.jfrj.jus.br/eproc/externo_controlador.php?acao=processo_consulta_publica
00020029320134025108,0002002-93.2013.4.02.5108,283,Ação Penal - Procedimento Ordinário,Estelionato Majorado ,2013-01-22,2026-07-15T06:40:10.864000Z,42,G1,Eletrônico,https://eproc.jfrj.jus.br/eproc/externo_controlador.php?acao=processo_consulta_publica
08003087720134025101,0800308-77.2013.4.02.5101,283,Ação Penal - Procedimento Ordinário,Estelionato Majorado ; Uso de documento falso ,2013-01-23,2024-07-06T00:40:30.559000Z,16,G1,Eletrônico,https://eproc.jfrj.jus.br/eproc/externo_controlador.php?acao=processo_consulta_publica
08004724220134025101,0800472-42.2013.4.02.5101,283,Ação Penal - Procedimento Ordinário,Estelionato Majorado ; Inserção de dados falsos em sistema de informações ,2013-01-25,2024-07-06T00:41:01.090000Z,10,G1,Eletrônico,https://eproc.jfrj.jus.br/eproc/externo_controlador.php?acao=processo_consulta_publica
08005149120134025101,0800514-91.2013.4.02.5101,279,Inquérito Policial,Contravenções Penais,2013-01-28,2024-07-06T01:00:08.660000Z,3,G1,Eletrônico,https://eproc.jfrj.jus.br/eproc/externo_controlador.php?acao=processo_consulta_publica
08005859320134025101,0800585-93.2013.4.02.5101,283,Ação Penal - Procedimento Ordinário,Crimes contra o Sistema Financeiro Nacional,2013-01-30,2024-11-13T21:42:11.597000Z,9,G1,Eletrônico,https://eproc.jfrj.jus.br/eproc/externo_controlador.php?acao=processo_consulta_publica
08006058420134025101,0800605-84.2013.4.02.5101,279,Inquérito Policial,Contravenções Penais,2013-01-30,2024-07-06T00:40:49.698000Z,2,G1,Eletrônico,https://eproc.jfrj.jus.br/eproc/externo_controlador.php?acao=processo_consulta_publica
08008907720134025101,0800890-77.2013.4.02.5101,279,Inquérito Policial,Contravenções Penais,2013-02-14,2024-07-06T00:40:41.146000Z,3,G1,Eletrônico,https://eproc.jfrj.jus.br/eproc/externo_controlador.php?acao=processo_consulta_publica
08006456620134025101,0800645-66.2013.4.02.5101,279,Inquérito Policial,Estelionato Majorado ,2013-02-15,2024-07-06T00:40:49.971000Z,3,G1,Eletrônico,https://eproc.jfrj.jus.br/eproc/externo_controlador.php?acao=processo_consulta_publica
08008101620134025101,0800810-16.2013.4.02.5101,279,Inquérito Policial,Contravenções Penais,2013-02-18,2024-07-06T00:40:51.242000Z,1,G1,Eletrônico,https://eproc.jfrj.jus.br/eproc/externo_controlador.php?acao=processo_consulta_publica
08008189020134025101,0800818-90.2013.4.02.5101,279,Inquérito Policial,Contravenções Penais,2013-02-18,2024-07-06T00:40:39.935000Z,2,G1,Eletrônico,https://eproc.jfrj.jus.br/eproc/externo_controlador.php?acao=processo_consulta_publica
08008612720134025101,0800861-27.2013.4.02.5101,279,Inquérito Policial,Contravenções Penais,2013-02-20,2024-07-06T00:40:19.397000Z,2,G1,Eletrônico,https://eproc.jfrj.jus.br/eproc/externo_controlador.php?acao=processo_consulta_publica
08009054620134025101,0800905-46.2013.4.02.5101,283,Ação Penal - Procedimento Ordinário,Contrabando ou descaminho ; Corrupção ativa ; Moeda Falsa / Assimilados,2013-02-22,2024-07-06T00:41:01.697000Z,22,G1,Eletrônico,https://eproc.jfrj.jus.br/eproc/externo_controlador.php?acao=processo_consulta_publica
08009106820134025101,0800910-68.2013.4.02.5101,279,Inquérito Policial,Crimes de Tráfico Ilícito e Uso Indevido de Drogas,2013-02-25,2024-07-06T00:41:03.502000Z,3,G1,Eletrônico,https://eproc.jfrj.jus.br/eproc/externo_controlador.php?acao=processo_consulta_publica
00043137820134025101,0004313-78.2013.4.02.5101,279,Inquérito Policial,Contravenções Penais,2013-03-05,2024-07-05T21:42:04.816000Z,3,G1,Eletrônico,https://eproc.jfrj.jus.br/eproc/externo_controlador.php?acao=processo_consulta_publica
00043536020134025101,0004353-60.2013.4.02.5101,283,Ação Penal - Procedimento Ordinário,Furto ,2013-03-05,2024-07-05T21:38:47.384000Z,32,G1,Eletrônico,https://eproc.jfrj.jus.br/eproc/externo_controlador.php?acao=processo_consulta_publica
00042964220134025101,0004296-42.2013.4.02.5101,279,Inquérito Policial,Contravenções Penais,2013-03-06,2025-04-14T14:35:57.613000Z,3,G1,Eletrônico,https://eproc.jfrj.jus.br/eproc/externo_controlador.php?acao=processo_consulta_publica
04901694220134025101,0490169-42.2013.4.02.5101,309,Pedido de Busca e Apreensão Criminal,"Crimes de &quot;Lavagem&quot; ou Ocultação de Bens, Direitos ou Valores",2013-03-09,2024-07-06T00:37:04.005000Z,4,G1,Eletrônico,https://eproc.jfrj.jus.br/eproc/externo_controlador.php?acao=processo_consulta_publica
00050594320134025101,0005059-43.2013.4.02.5101,279,Inquérito Policial,Contravenções Penais,2013-03-12,2024-07-05T21:41:00.828000Z,2,G1,Eletrônico,https://eproc.jfrj.jus.br/eproc/externo_controlador.php?acao=processo_consulta_publica
00051260820134025101,0005126-08.2013.4.02.5101,279,Inquérito Policial,Contravenções Penais,2013-03-12,2024-07-05T21:40:24.256000Z,2,G1,Eletrônico,https://eproc.jfrj.jus.br/eproc/externo_controlador.php?acao=processo_consulta_publica
00050525120134025101,0005052-51.2013.4.02.5101,279,Inquérito Policial,Contravenções Penais,2013-03-13,2024-09-26T20:42:03.649000Z,3,G1,Eletrônico,https://eproc.jfrj.jus.br/eproc/externo_controlador.php?acao=processo_consulta_publica
00061628520134025101,0006162-85.2013.4.02.5101,283,Ação Penal - Procedimento Ordinário,Crimes de Tráfico Ilícito e Uso Indevido de Drogas,2013-03-14,2025-08-16T02:42:29.378000Z,49,G1,Eletrônico,https://eproc.jfrj.jus.br/eproc/externo_controlador.php?acao=processo_consulta_publica
08010604920134025101,0801060-49.2013.4.02.5101,326,Restituição de Coisas Apreendidas,"Crimes de &quot;Lavagem&quot; ou Ocultação de Bens, Direitos ou Valores",2013-03-18,2024-07-06T00:59:26.446000Z,5,G1,Eletrônico,https://eproc.jfrj.jus.br/eproc/externo_controlador.php?acao=processo_consulta_publica
00063958220134025101,0006395-82.2013.4.02.5101,279,Inquérito Policial,Contravenções Penais,2013-03-22,2024-07-05T22:50:27.376000Z,2,G1,Eletrônico,https://eproc.jfrj.jus.br/eproc/externo_controlador.php?acao=processo_consulta_publica
08011159720134025101,0801115-97.2013.4.02.5101,1727,Petição Criminal,Atos Processuais,2013-03-26,2024-02-29T03:22:41.766000Z,8,G1,Eletrônico,https://eproc.jfrj.jus.br/eproc/externo_controlador.php?acao=processo_consulta_publica
00026188320134025103,0002618-83.2013.4.02.5103,283,Ação Penal - Procedimento Ordinário,Crimes contra o Sistema Financeiro Nacional,2013-04-04,2024-07-05T21:05:37.301000Z,17,G1,Eletrônico,https://eproc.jfrj.jus.br/eproc/externo_controlador.php?acao=processo_consulta_publica
08011635620134025101,0801163-56.2013.4.02.5101,11955,Cautelar Inominada Criminal,"Crimes de &quot;Lavagem&quot; ou Ocultação de Bens, Direitos ou Valores",2013-04-05,2024-07-06T00:40:46.693000Z,13,G1,Eletrônico,https://eproc.jfrj.jus.br/eproc/externo_controlador.php?acao=processo_consulta_publica
00073302520134025101,0007330-25.2013.4.02.5101,1733,Procedimento Investigatório Criminal (PIC-MP) ,Crimes contra a Ordem Tributária,2013-04-11,2024-07-05T23:22:34.913000Z,15,G1,Eletrônico,https://eproc.jfrj.jus.br/eproc/externo_controlador.php?acao=processo_consulta_publica
00074731420134025101,0007473-14.2013.4.02.5101,279,Inquérito Policial,Contravenções Penais,2013-04-11,2024-07-05T22:51:22.083000Z,3,G1,Eletrônico,https://eproc.jfrj.jus.br/eproc/externo_controlador.php?acao=processo_consulta_publica
00073830620134025101,0007383-06.2013.4.02.5101,279,Inquérito Policial,Contravenções Penais,2013-04-11,2024-07-05T22:53:57.618000Z,3,G1,Eletrônico,https://eproc.jfrj.jus.br/eproc/externo_controlador.php?acao=processo_consulta_publica
00074800620134025101,0007480-06.2013.4.02.5101,279,Inquérito Policial,Contravenções Penais,2013-04-12,2024-07-05T22:52:29.560000Z,3,G1,Eletrônico,https://eproc.jfrj.jus.br/eproc/externo_controlador.php?acao=processo_consulta_publica
00084613520134025101,0008461-35.2013.4.02.5101,283,Ação Penal - Procedimento Ordinário,Contrabando ou descaminho ,2013-04-19,2024-07-05T23:21:26.316000Z,22,G1,Eletrônico,https://eproc.jfrj.jus.br/eproc/externo_controlador.php?acao=processo_consulta_publica
00090225920134025101,0009022-59.2013.4.02.5101,283,Ação Penal - Procedimento Ordinário,Crimes contra a Ordem Tributária,2013-04-22,2024-07-05T23:25:19.113000Z,11,G1,Eletrônico,https://eproc.jfrj.jus.br/eproc/externo_controlador.php?acao=processo_consulta_publica
00090355820134025101,0009035-58.2013.4.02.5101,279,Inquérito Policial,Contravenções Penais,2013-04-25,2024-07-05T22:52:07.964000Z,2,G1,Eletrônico,https://eproc.jfrj.jus.br/eproc/externo_controlador.php?acao=processo_consulta_publica
00091325820134025101,0009132-58.2013.4.02.5101,279,Inquérito Policial,Contravenções Penais,2013-04-26,2024-09-26T20:50:22.083000Z,3,G1,Eletrônico,https://eproc.jfrj.jus.br/eproc/externo_controlador.php?acao=processo_consulta_publica
00090814720134025101,0009081-47.2013.4.02.5101,283,Ação Penal - Procedimento Ordinário,Contrabando ou descaminho ,2013-04-26,2024-07-05T23:23:11.860000Z,19,G1,Eletrônico,https://eproc.jfrj.jus.br/eproc/externo_controlador.php?acao=processo_consulta_publica
08013835420134025101,0801383-54.2013.4.02.5101,283,Ação Penal - Procedimento Ordinário,Associação para a Produção e Tráfico e Condutas Afins,2013-05-09,2024-10-18T10:06:20.708000Z,28,G1,Eletrônico,https://eproc.jfrj.jus.br/eproc/externo_controlador.php?acao=processo_consulta_publica
00111834220134025101,0011183-42.2013.4.02.5101,279,Inquérito Policial,Contravenções Penais,2013-05-20,2024-07-05T23:24:53.634000Z,2,G1,Eletrônico,https://eproc.jfrj.jus.br/eproc/externo_controlador.php?acao=processo_consulta_publica
08015125920134025101,0801512-59.2013.4.02.5101,283,Ação Penal - Procedimento Ordinário,Falsidade ideológica ,2013-05-22,2026-09-15T22:53:12.790000Z,41,G1,Eletrônico,https://eproc.jfrj.jus.br/eproc/externo_controlador.php?acao=processo_consulta_publica
00113237620134025101,0011323-76.2013.4.02.5101,279,Inquérito Policial,Contravenções Penais,2013-05-27,2024-07-05T23:22:54.799000Z,3,G1,Eletrônico,https://eproc.jfrj.jus.br/eproc/externo_controlador.php?acao=processo_consulta_publica
00114146920134025101,0011414-69.2013.4.02.5101,279,Inquérito Policial,Contravenções Penais,2013-05-28,2024-07-05T23:24:37.355000Z,1,G1,Eletrônico,https://eproc.jfrj.jus.br/eproc/externo_controlador.php?acao=processo_consulta_publica
08015766920134025101,0801576-69.2013.4.02.5101,309,Pedido de Busca e Apreensão Criminal,Contravenções Penais,2013-05-29,2024-07-06T00:59:40.995000Z,6,G1,Eletrônico,https://eproc.jfrj.jus.br/eproc/externo_controlador.php?acao=processo_consulta_publica
00053952020134025110,0005395-20.2013.4.02.5110,279,Inquérito Policial,Contravenções Penais,2013-05-31,2024-07-05T22:49:06.464000Z,5,G1,Eletrônico,https://eproc.jfrj.jus.br/eproc/externo_controlador.php?acao=processo_consulta_publica
08016814620134025101,0801681-46.2013.4.02.5101,283,Ação Penal - Procedimento Ordinário,Contrabando ou descaminho ,2013-06-14,2024-12-13T17:59:00.255000Z,42,G1,Eletrônico,https://eproc.jfrj.jus.br/eproc/externo_controlador.php?acao=processo_consulta_publica
00133278620134025101,0013327-86.2013.4.02.5101,283,Ação Penal - Procedimento Ordinário,Crimes contra a Ordem Tributária,2013-06-18,2024-07-05T23:25:05.774000Z,30,G1,Eletrônico,https://eproc.jfrj.jus.br/eproc/externo_controlador.php?acao=processo_consulta_publica
08017369420134025101,0801736-94.2013.4.02.5101,279,Inquérito Policial,Contravenções Penais,2013-06-25,2024-07-06T00:41:00.520000Z,2,G1,Eletrônico,https://eproc.jfrj.jus.br/eproc/externo_controlador.php?acao=processo_consulta_publica
00141107820134025101,0014110-78.2013.4.02.5101,283,Ação Penal - Procedimento Ordinário,Contravenções Penais,2013-06-27,2024-07-05T23:25:12.205000Z,26,G1,Eletrônico,https://eproc.jfrj.jus.br/eproc/externo_controlador.php?acao=processo_consulta_publica
00141055620134025101,0014105-56.2013.4.02.5101,279,Inquérito Policial,Contravenções Penais,2013-06-27,2024-07-05T23:46:55.518000Z,2,G1,Eletrônico,https://eproc.jfrj.jus.br/eproc/externo_controlador.php?acao=processo_consulta_publica
08017706920134025101,0801770-69.2013.4.02.5101,283,Ação Penal - Procedimento Ordinário,Estelionato Majorado ,2013-06-28,2025-07-15T19:25:40.813000Z,25,G1,Eletrônico,https://eproc.jfrj.jus.br/eproc/externo_controlador.php?acao=processo_consulta_publica
50050600420224025108,5005060-04.2022.4.02.5108,283,Ação Penal - Procedimento Ordinário,Estelionato Majorado ,2013-07-03,2024-09-26T20:52:07.860000Z,20,G1,Eletrônico,https://eproc.jfrj.jus.br/eproc/externo_controlador.php?acao=processo_consulta_publica
00021648820134025108,0002164-88.2013.4.02.5108,283,Ação Penal - Procedimento Ordinário,Estelionato Majorado ,2013-07-03,2025-05-13T23:14:31.836000Z,34,G1,Eletrônico,https://eproc.jfrj.jus.br/eproc/externo_controlador.php?acao=processo_consulta_publica
00021691320134025108,0002169-13.2013.4.02.5108,279,Inquérito Policial,Estelionato Majorado ; Falsidade ideológica ; Falsificação de documento público,2013-07-04,2024-07-05T22:52:56.235000Z,11,G1,Eletrônico,https://eproc.jfrj.jus.br/eproc/externo_controlador.php?acao=processo_consulta_publica
08018339420134025101,0801833-94.2013.4.02.5101,279,Inquérito Policial,Contravenções Penais,2013-07-05,2024-07-06T00:41:24.502000Z,2,G1,Eletrônico,https://eproc.jfrj.jus.br/eproc/externo_controlador.php?acao=processo_consulta_publica
00152756320134025101,0015275-63.2013.4.02.5101,279,Inquérito Policial,Contravenções Penais,2013-07-08,2024-07-05T23:46:53.895000Z,2,G1,Eletrônico,https://eproc.jfrj.jus.br/eproc/externo_controlador.php?acao=processo_consulta_publica
08018581020134025101,0801858-10.2013.4.02.5101,1717,Alienação de Bens do Acusado,Contravenções Penais,2013-07-10,2025-11-13T18:08:36.283000Z,47,G1,Eletrônico,https://eproc.jfrj.jus.br/eproc/externo_controlador.php?acao=processo_consulta_publica
00162967420134025101,0016296-74.2013.4.02.5101,279,Inquérito Policial,Contravenções Penais,2013-07-22,2024-07-05T23:46:58.262000Z,2,G1,Eletrônico,https://eproc.jfrj.jus.br/eproc/externo_controlador.php?acao=processo_consulta_publica
00164136520134025101,0016413-65.2013.4.02.5101,279,Inquérito Policial,Contravenções Penais,2013-07-23,2024-07-05T23:21:29.488000Z,5,G1,Eletrônico,https://eproc.jfrj.jus.br/eproc/externo_controlador.php?acao=processo_consulta_publica
00164448520134025101,0016444-85.2013.4.02.5101,279,Inquérito Policial,Contravenções Penais,2013-07-29,2024-07-05T23:46:24.618000Z,2,G1,Eletrônico,https://eproc.jfrj.jus.br/eproc/externo_controlador.php?acao=processo_consulta_publica
08019975920134025101,0801997-59.2013.4.02.5101,283,Ação Penal - Procedimento Ordinário,Crimes contra a Ordem Tributária,2013-08-01,2025-06-14T06:30:10.474000Z,31,G1,Eletrônico,https://eproc.jfrj.jus.br/eproc/externo_controlador.php?acao=processo_consulta_publica
00172311720134025101,0017231-17.2013.4.02.5101,279,Inquérito Policial,Contravenções Penais,2013-08-08,2024-07-05T23:47:11.794000Z,1,G1,Eletrônico,https://eproc.jfrj.jus.br/eproc/externo_controlador.php?acao=processo_consulta_publica
08020799020134025101,0802079-90.2013.4.02.5101,355,Carta Precatória Criminal,Contravenções Penais,2013-08-12,2024-07-06T00:59:46.771000Z,4,G1,Eletrônico,https://eproc.jfrj.jus.br/eproc/externo_controlador.php?acao=processo_consulta_publica
08020868220134025101,0802086-82.2013.4.02.5101,283,Ação Penal - Procedimento Ordinário,Contrabando ou descaminho ,2013-08-14,2024-09-26T21:03:25.019000Z,20,G1,Eletrônico,https://eproc.jfrj.jus.br/eproc/externo_controlador.php?acao=processo_consulta_publica
08021266420134025101,0802126-64.2013.4.02.5101,279,Inquérito Policial,Contravenções Penais,2013-08-20,2024-07-06T00:40:52.213000Z,4,G1,Eletrônico,https://eproc.jfrj.jus.br/eproc/externo_controlador.php?acao=processo_consulta_publica
08022071320134025101,0802207-13.2013.4.02.5101,283,Ação Penal - Procedimento Ordinário,Falsidade ideológica ,2013-08-29,2024-07-06T00:59:46.976000Z,5,G1,Eletrônico,https://eproc.jfrj.jus.br/eproc/externo_controlador.php?acao=processo_consulta_publica
08022098020134025101,0802209-80.2013.4.02.5101,279,Inquérito Policial,Contravenções Penais,2013-08-30,2024-07-06T00:40:52.608000Z,2,G1,Eletrônico,https://eproc.jfrj.jus.br/eproc/externo_controlador.php?acao=processo_consulta_publica
08022253420134025101,0802225-34.2013.4.02.5101,283,Ação Penal - Procedimento Ordinário,"Crimes de &quot;Lavagem&quot; ou Ocultação de Bens, Direitos ou Valores",2013-09-03,2024-10-18T11:33:38.003000Z,32,G1,Eletrônico,https://eproc.jfrj.jus.br/eproc/externo_controlador.php?acao=processo_consulta_publica
08022712320134025101,0802271-23.2013.4.02.5101,279,Inquérito Policial,Contravenções Penais,2013-09-09,2024-07-06T00:40:54.512000Z,8,G1,Eletrônico,https://eproc.jfrj.jus.br/eproc/externo_controlador.php?acao=processo_consulta_publica
08022808220134025101,0802280-82.2013.4.02.5101,283,Ação Penal - Procedimento Ordinário,Tráfico de Drogas e Condutas Afins,2013-09-10,2024-07-06T00:41:04.981000Z,11,G1,Eletrônico,https://eproc.jfrj.jus.br/eproc/externo_controlador.php?acao=processo_consulta_publica
08023154220134025101,0802315-42.2013.4.02.5101,272,Representação Criminal/Notícia de Crime,Contravenções Penais,2013-09-12,2026-01-12T22:27:05.774000Z,8,G1,Eletrônico,https://eproc.jfrj.jus.br/eproc/externo_controlador.php?acao=processo_consulta_publica
00253523420134025101,0025352-34.2013.4.02.5101,1733,Procedimento Investigatório Criminal (PIC-MP) ,Contravenções Penais,2013-09-16,2024-07-05T23:47:46.351000Z,6,G1,Eletrônico,https://eproc.jfrj.jus.br/eproc/externo_controlador.php?acao=processo_consulta_publica
00254355020134025101,0025435-50.2013.4.02.5101,279,Inquérito Policial,Contravenções Penais,2013-09-18,2024-07-05T23:48:55.936000Z,3,G1,Eletrônico,https://eproc.jfrj.jus.br/eproc/externo_controlador.php?acao=processo_consulta_publica
08024245620134025101,0802424-56.2013.4.02.5101,283,Ação Penal - Procedimento Ordinário,Estelionato Majorado ,2013-09-27,2024-09-26T21:01:54.898000Z,29,G1,Eletrônico,https://eproc.jfrj.jus.br/eproc/externo_controlador.php?acao=processo_consulta_publica
00252138220134025101,0025213-82.2013.4.02.5101,279,Inquérito Policial,Contravenções Penais,2013-10-03,2024-07-05T23:48:02.671000Z,3,G1,Eletrônico,https://eproc.jfrj.jus.br/eproc/externo_controlador.php?acao=processo_consulta_publica
00263388520134025101,0026338-85.2013.4.02.5101,283,Ação Penal - Procedimento Ordinário,Crimes contra a Ordem Econômica; Crimes contra o Meio Ambiente e o Patrimônio Genético,2013-10-16,2026-09-15T22:52:12.125000Z,41,G1,Eletrônico,https://eproc.jfrj.jus.br/eproc/externo_controlador.php?acao=processo_consulta_publica
00263812220134025101,0026381-22.2013.4.02.5101,279,Inquérito Policial,Contravenções Penais,2013-10-18,2024-09-26T21:02:50.768000Z,3,G1,Eletrônico,https://eproc.jfrj.jus.br/eproc/externo_controlador.php?acao=processo_consulta_publica
00264107220134025101,0026410-72.2013.4.02.5101,279,Inquérito Policial,Estelionato Majorado ,2013-10-23,2024-09-26T21:04:37.710000Z,3,G1,Eletrônico,https://eproc.jfrj.jus.br/eproc/externo_controlador.php?acao=processo_consulta_publica
00261257920134025101,0026125-79.2013.4.02.5101,283,Ação Penal - Procedimento Ordinário,Estelionato Majorado ,2013-10-25,2024-07-05T23:47:28.331000Z,12,G1,Eletrônico,https://eproc.jfrj.jus.br/eproc/externo_controlador.php?acao=processo_consulta_publica
08026661520134025101,0802666-15.2013.4.02.5101,283,Ação Penal - Procedimento Ordinário,Crimes contra a Ordem Tributária,2013-10-28,2026-07-15T06:27:04.912000Z,62,G1,Eletrônico,https://eproc.jfrj.jus.br/eproc/externo_controlador.php?acao=processo_consulta_publica
08026575320134025101,0802657-53.2013.4.02.5101,279,Inquérito Policial,Contravenções Penais,2013-10-29,2024-07-06T00:40:20.106000Z,4,G1,Eletrônico,https://eproc.jfrj.jus.br/eproc/externo_controlador.php?acao=processo_consulta_publica
00160923020134025101,0016092-30.2013.4.02.5101,283,Ação Penal - Procedimento Ordinário,Estelionato,2013-11-01,2025-01-13T18:40:43.669000Z,34,G1,Eletrônico,https://eproc.jfrj.jus.br/eproc/externo_controlador.php?acao=processo_consulta_publica
00084587720134025102,0008458-77.2013.4.02.5102,279,Inquérito Policial,Contravenções Penais,2013-11-08,2024-07-05T23:25:12.355000Z,3,G1,Eletrônico,https://eproc.jfrj.jus.br/eproc/externo_controlador.php?acao=processo_consulta_publica
00270350920134025101,0027035-09.2013.4.02.5101,279,Inquérito Policial,Contravenções Penais,2013-11-08,2024-07-05T23:48:07.984000Z,3,G1,Eletrônico,https://eproc.jfrj.jus.br/eproc/externo_controlador.php?acao=processo_consulta_publica
00022531420134025108,0002253-14.2013.4.02.5108,283,Ação Penal - Procedimento Ordinário,Crimes da Lei de licitações,2013-11-18,2026-06-13T14:12:30.956000Z,47,G1,Eletrônico,https://eproc.jfrj.jus.br/eproc/externo_controlador.php?acao=processo_consulta_publica
00273538920134025101,0027353-89.2013.4.02.5101,279,Inquérito Policial,Contravenções Penais,2013-11-22,2024-07-05T23:48:29.862000Z,2,G1,Eletrônico,https://eproc.jfrj.jus.br/eproc/externo_controlador.php?acao=processo_consulta_publica
00273260920134025101,0027326-09.2013.4.02.5101,283,Ação Penal - Procedimento Ordinário,Falsificação de documento particular ; Uso de documento falso ,2013-11-25,2024-07-05T23:48:34.569000Z,27,G1,Eletrônico,https://eproc.jfrj.jus.br/eproc/externo_controlador.php?acao=processo_consulta_publica
50129562220224025101,5012956-22.2022.4.02.5101,283,Ação Penal - Procedimento Ordinário,Corrupção passiva ; Quadrilha ou Bando,2013-11-25,2024-07-05T21:37:56.230000Z,12,G1,Eletrônico,https://eproc.jfrj.jus.br/eproc/externo_controlador.php?acao=processo_consulta_publica
08028203320134025101,0802820-33.2013.4.02.5101,283,Ação Penal - Procedimento Ordinário,Corrupção passiva ; Quadrilha ou Bando,2013-11-25,2024-07-06T00:41:11.000000Z,16,G1,Eletrônico,https://eproc.jfrj.jus.br/eproc/externo_controlador.php?acao=processo_consulta_publica
00022592120134025108,0002259-21.2013.4.02.5108,283,Ação Penal - Procedimento Ordinário,Crimes contra a Flora,2013-11-26,2024-07-05T20:23:35.764000Z,10,G1,Eletrônico,https://eproc.jfrj.jus.br/eproc/externo_controlador.php?acao=processo_consulta_publica
00161304220134025101,0016130-42.2013.4.02.5101,279,Inquérito Policial,Contravenções Penais,2013-11-28,2024-07-05T23:26:04.002000Z,9,G1,Eletrônico,https://eproc.jfrj.jus.br/eproc/externo_controlador.php?acao=processo_consulta_publica
08030143320134025101,0803014-33.2013.4.02.5101,283,Ação Penal - Procedimento Ordinário,Falsidade ideológica ,2013-12-19,2024-07-06T00:41:13.066000Z,6,G1,Eletrônico,https://eproc.jfrj.jus.br/eproc/externo_controlador.php?acao=processo_consulta_publica
00161511820134025101,0016151-18.2013.4.02.5101,279,Inquérito Policial,Contravenções Penais,2013-12-20,2024-07-05T23:47:34.886000Z,4,G1,Eletrônico,https://eproc.jfrj.jus.br/eproc/externo_controlador.php?acao=processo_consulta_publica
00170862420144025101,0017086-24.2014.4.02.5101,279,Inquérito Policial,Contravenções Penais,2014-01-22,2024-07-05T23:47:02.232000Z,4,G1,Eletrônico,https://eproc.jfrj.jus.br/eproc/externo_controlador.php?acao=processo_consulta_publica
00165718620144025101,0016571-86.2014.4.02.5101,283,Ação Penal - Procedimento Ordinário,Crimes contra a Ordem Tributária,2014-01-23,2025-10-13T21:05:16.172000Z,47,G1,Eletrônico,https://eproc.jfrj.jus.br/eproc/externo_controlador.php?acao=processo_consulta_publica
00003259120144025108,0000325-91.2014.4.02.5108,283,Ação Penal - Procedimento Ordinário,Estelionato,2014-01-30,2026-06-13T14:32:26.130000Z,15,G1,Eletrônico,https://eproc.jfrj.jus.br/eproc/externo_controlador.php?acao=processo_consulta_publica
00175037420144025101,0017503-74.2014.4.02.5101,279,Inquérito Policial,Contravenções Penais,2014-02-03,2024-07-05T23:47:18.002000Z,3,G1,Eletrônico,https://eproc.jfrj.jus.br/eproc/externo_controlador.php?acao=processo_consulta_publica
00175132120144025101,0017513-21.2014.4.02.5101,283,Ação Penal - Procedimento Ordinário,Crimes da Lei de licitações,2014-02-03,2026-09-15T22:54:13.886000Z,13,G1,Eletrônico,https://eproc.jfrj.jus.br/eproc/externo_controlador.php?acao=processo_consulta_publica
00175253520144025101,0017525-35.2014.4.02.5101,279,Inquérito Policial,Contravenções Penais,2014-02-03,2024-07-05T23:47:12.222000Z,2,G1,Eletrônico,https://eproc.jfrj.jus.br/eproc/externo_controlador.php?acao=processo_consulta_publica
00166368120144025101,0016636-81.2014.4.02.5101,283,Ação Penal - Procedimento Ordinário,Contravenções Penais,2014-02-03,2024-07-05T23:47:06.738000Z,11,G1,Eletrônico,https://eproc.jfrj.jus.br/eproc/externo_controlador.php?acao=processo_consulta_publica
00176015920144025101,0017601-59.2014.4.02.5101,279,Inquérito Policial,Contravenções Penais,2014-02-11,2024-07-05T23:46:53.266000Z,2,G1,Eletrônico,https://eproc.jfrj.jus.br/eproc/externo_controlador.php?acao=processo_consulta_publica
00179072820144025101,0017907-28.2014.4.02.5101,283,Ação Penal - Procedimento Ordinário,Crimes contra o Meio Ambiente e o Patrimônio Genético,2014-02-26,2024-07-05T23:46:50.858000Z,40,G1,Eletrônico,https://eproc.jfrj.jus.br/eproc/externo_controlador.php?acao=processo_consulta_publica
00183005020144025101,0018300-50.2014.4.02.5101,279,Inquérito Policial,Estelionato Majorado ,2014-02-27,2025-12-13T14:57:24.699000Z,3,G1,Eletrônico,https://eproc.jfrj.jus.br/eproc/externo_controlador.php?acao=processo_consulta_publica
00179367820144025101,0017936-78.2014.4.02.5101,283,Ação Penal - Procedimento Ordinário,Crimes contra o Sistema Financeiro Nacional,2014-03-06,2025-06-14T06:04:39.260000Z,37,G1,Eletrônico,https://eproc.jfrj.jus.br/eproc/externo_controlador.php?acao=processo_consulta_publica
00189449020144025101,0018944-90.2014.4.02.5101,279,Inquérito Policial,Contravenções Penais,2014-03-24,2024-07-05T23:47:26.263000Z,2,G1,Eletrônico,https://eproc.jfrj.jus.br/eproc/externo_controlador.php?acao=processo_consulta_publica
00189881220144025101,0018988-12.2014.4.02.5101,279,Inquérito Policial,Contravenções Penais,2014-03-27,2024-07-05T23:22:11.393000Z,2,G1,Eletrônico,https://eproc.jfrj.jus.br/eproc/externo_controlador.php?acao=processo_consulta_publica
00194628020144025101,0019462-80.2014.4.02.5101,279,Inquérito Policial,Contravenções Penais,2014-04-02,2024-07-05T23:47:08.657000Z,1,G1,Eletrônico,https://eproc.jfrj.jus.br/eproc/externo_controlador.php?acao=processo_consulta_publica
00217319220144025101,0021731-92.2014.4.02.5101,279,Inquérito Policial,Contravenções Penais,2014-04-09,2024-07-05T23:48:00.495000Z,3,G1,Eletrônico,https://eproc.jfrj.jus.br/eproc/externo_controlador.php?acao=processo_consulta_publica
00218782120144025101,0021878-21.2014.4.02.5101,283,Ação Penal - Procedimento Ordinário,Estelionato Majorado ,2014-04-10,2024-07-05T23:21:52.066000Z,14,G1,Eletrônico,https://eproc.jfrj.jus.br/eproc/externo_controlador.php?acao=processo_consulta_publica
00006653520144025108,0000665-35.2014.4.02.5108,283,Ação Penal - Procedimento Ordinário,Estelionato Majorado ,2014-04-15,2025-12-13T14:46:05.262000Z,32,G1,Eletrônico,https://eproc.jfrj.jus.br/eproc/externo_controlador.php?acao=processo_consulta_publica
00006618920144025110,0000661-89.2014.4.02.5110,279,Inquérito Policial,Contravenções Penais,2014-04-15,2024-07-06T00:15:34.487000Z,3,G1,Eletrônico,https://eproc.jfrj.jus.br/eproc/externo_controlador.php?acao=processo_consulta_publica
00220774320144025101,0022077-43.2014.4.02.5101,283,Ação Penal - Procedimento Ordinário,Corrupção ativa ,2014-04-25,2024-07-05T23:47:45.288000Z,24,G1,Eletrônico,https://eproc.jfrj.jus.br/eproc/externo_controlador.php?acao=processo_consulta_publica
00224541420144025101,0022454-14.2014.4.02.5101,279,Inquérito Policial,Contravenções Penais,2014-04-29,2024-07-05T23:48:33.435000Z,2,G1,Eletrônico,https://eproc.jfrj.jus.br/eproc/externo_controlador.php?acao=processo_consulta_publica
00224801220144025101,0022480-12.2014.4.02.5101,283,Ação Penal - Procedimento Ordinário,Contrabando ou descaminho ,2014-04-30,2024-07-05T23:48:53.168000Z,18,G1,Eletrônico,https://eproc.jfrj.jus.br/eproc/externo_controlador.php?acao=processo_consulta_publica
00002867020144025116,0000286-70.2014.4.02.5116,279,Inquérito Policial,Contravenções Penais,2014-05-02,2024-07-05T23:25:21.434000Z,4,G1,Eletrônico,https://eproc.jfrj.jus.br/eproc/externo_controlador.php?acao=processo_consulta_publica
00225000320144025101,0022500-03.2014.4.02.5101,283,Ação Penal - Procedimento Ordinário,"Crimes de &quot;Lavagem&quot; ou Ocultação de Bens, Direitos ou Valores",2014-05-02,2026-08-20T23:46:45.236000Z,17,G1,Eletrônico,https://eproc.jfrj.jus.br/eproc/externo_controlador.php?acao=processo_consulta_publica
00221371620144025101,0022137-16.2014.4.02.5101,283,Ação Penal - Procedimento Ordinário,Contrabando ou descaminho ,2014-05-05,2024-07-05T23:47:46.413000Z,9,G1,Eletrônico,https://eproc.jfrj.jus.br/eproc/externo_controlador.php?acao=processo_consulta_publica
00227096920144025101,0022709-69.2014.4.02.5101,279,Inquérito Policial,Contravenções Penais,2014-05-09,2024-07-05T23:47:54.530000Z,2,G1,Eletrônico,https://eproc.jfrj.jus.br/eproc/externo_controlador.php?acao=processo_consulta_publica
00227746420144025101,0022774-64.2014.4.02.5101,279,Inquérito Policial,Contravenções Penais,2014-05-09,2024-07-05T23:47:46.637000Z,3,G1,Eletrônico,https://eproc.jfrj.jus.br/eproc/externo_controlador.php?acao=processo_consulta_publica
00227763420144025101,0022776-34.2014.4.02.5101,279,Inquérito Policial,Contravenções Penais,2014-05-09,2024-07-05T23:47:54.286000Z,2,G1,Eletrônico,https://eproc.jfrj.jus.br/eproc/externo_controlador.php?acao=processo_consulta_publica
00226412220144025101,0022641-22.2014.4.02.5101,279,Inquérito Policial,Contravenções Penais,2014-05-12,2024-07-05T23:48:30.219000Z,2,G1,Eletrônico,https://eproc.jfrj.jus.br/eproc/externo_controlador.php?acao=processo_consulta_publica
00229357420144025101,0022935-74.2014.4.02.5101,283,Ação Penal - Procedimento Ordinário,Falsificação de documento público; Uso de documento falso ,2014-05-20,2026-08-20T23:22:10.576000Z,29,G1,Eletrônico,https://eproc.jfrj.jus.br/eproc/externo_controlador.php?acao=processo_consulta_publica
00229200820144025101,0022920-08.2014.4.02.5101,279,Inquérito Policial,Furto ,2014-05-20,2024-07-05T23:47:24.208000Z,5,G1,Eletrônico,https://eproc.jfrj.jus.br/eproc/externo_controlador.php?acao=processo_consulta_publica
00201305120144025101,0020130-51.2014.4.02.5101,283,Ação Penal - Procedimento Ordinário,Tráfico de Drogas e Condutas Afins,2014-05-20,2025-10-14T09:07:07.708000Z,21,G1,Eletrônico,https://eproc.jfrj.jus.br/eproc/externo_controlador.php?acao=processo_consulta_publica
00002650620144025113,0000265-06.2014.4.02.5113,283,Ação Penal - Procedimento Ordinário,Uso de documento falso ,2014-05-20,2024-09-26T21:00:40.857000Z,37,G1,Eletrônico,https://eproc.jfrj.jus.br/eproc/externo_controlador.php?acao=processo_consulta_publica
00235714020144025101,0023571-40.2014.4.02.5101,279,Inquérito Policial,Contravenções Penais,2014-05-27,2024-07-05T23:48:15.993000Z,2,G1,Eletrônico,https://eproc.jfrj.jus.br/eproc/externo_controlador.php?acao=processo_consulta_publica
00236078220144025101,0023607-82.2014.4.02.5101,283,Ação Penal - Procedimento Ordinário,Falsidade ideológica ; Quadrilha ou Bando,2014-05-28,2026-09-15T22:54:45.703000Z,20,G1,Eletrônico,https://eproc.jfrj.jus.br/eproc/externo_controlador.php?acao=processo_consulta_publica
00231029120144025101,0023102-91.2014.4.02.5101,283,Ação Penal - Procedimento Ordinário,Crimes Resultante de Preconceito de Raça ou de Cor,2014-06-02,2025-10-14T13:24:51.314000Z,9,G1,Eletrônico,https://eproc.jfrj.jus.br/eproc/externo_controlador.php?acao=processo_consulta_publica
00231297420144025101,0023129-74.2014.4.02.5101,283,Ação Penal - Procedimento Ordinário,Crimes contra o mercado de capitais,2014-06-05,2024-07-05T23:48:06.406000Z,14,G1,Eletrônico,https://eproc.jfrj.jus.br/eproc/externo_controlador.php?acao=processo_consulta_publica
00238927520144025101,0023892-75.2014.4.02.5101,279,Inquérito Policial,Contravenções Penais,2014-06-06,2024-07-05T23:22:01.890000Z,3,G1,Eletrônico,https://eproc.jfrj.jus.br/eproc/externo_controlador.php?acao=processo_consulta_publica
00238728420144025101,0023872-84.2014.4.02.5101,279,Inquérito Policial,Contravenções Penais,2014-06-06,2024-07-05T23:47:58.201000Z,3,G1,Eletrônico,https://eproc.jfrj.jus.br/eproc/externo_controlador.php?acao=processo_consulta_publica
00239143620144025101,0023914-36.2014.4.02.5101,279,Inquérito Policial,Contravenções Penais,2014-06-09,2024-07-05T23:48:21.598000Z,2,G1,Eletrônico,https://eproc.jfrj.jus.br/eproc/externo_controlador.php?acao=processo_consulta_publica
00239005220144025101,0023900-52.2014.4.02.5101,279,Inquérito Policial,Contravenções Penais,2014-06-09,2024-07-05T23:48:20.453000Z,2,G1,Eletrônico,https://eproc.jfrj.jus.br/eproc/externo_controlador.php?acao=processo_consulta_publica
00238242820144025101,0023824-28.2014.4.02.5101,279,Inquérito Policial,Contravenções Penais,2014-06-09,2024-07-05T23:47:35.617000Z,2,G1,Eletrônico,https://eproc.jfrj.jus.br/eproc/externo_controlador.php?acao=processo_consulta_publica
00238208820144025101,0023820-88.2014.4.02.5101,279,Inquérito Policial,Contravenções Penais,2014-06-09,2024-07-05T23:48:03.453000Z,2,G1,Eletrônico,https://eproc.jfrj.jus.br/eproc/externo_controlador.php?acao=processo_consulta_publica
00231660420144025101,0023166-04.2014.4.02.5101,327,Embargos de Terceiro Criminal,Contravenções Penais,2014-06-10,2025-12-13T14:56:20.523000Z,20,G1,Eletrônico,https://eproc.jfrj.jus.br/eproc/externo_controlador.php?acao=processo_consulta_publica
00242590220144025101,0024259-02.2014.4.02.5101,1733,Procedimento Investigatório Criminal (PIC-MP) ,Contravenções Penais,2014-06-20,2024-07-05T23:48:41.549000Z,4,G1,Eletrônico,https://eproc.jfrj.jus.br/eproc/externo_controlador.php?acao=processo_consulta_publica
00249865820144025101,0024986-58.2014.4.02.5101,279,Inquérito Policial,Contravenções Penais,2014-07-03,2024-11-13T21:41:09.101000Z,3,G1,Eletrônico,https://eproc.jfrj.jus.br/eproc/externo_controlador.php?acao=processo_consulta_publica
00245803720144025101,0024580-37.2014.4.02.5101,283,Ação Penal - Procedimento Ordinário,Desacato ,2014-07-09,2024-07-05T23:48:11.342000Z,26,G1,Eletrônico,https://eproc.jfrj.jus.br/eproc/externo_controlador.php?acao=processo_consulta_publica
00249008720144025101,0024900-87.2014.4.02.5101,283,Ação Penal - Procedimento Ordinário,Tráfico de Drogas e Condutas Afins,2014-07-11,2024-07-05T23:21:50.677000Z,14,G1,Eletrônico,https://eproc.jfrj.jus.br/eproc/externo_controlador.php?acao=processo_consulta_publica
00012388820144025103,0001238-88.2014.4.02.5103,279,Inquérito Policial,Contravenções Penais,2014-07-18,2024-07-06T01:00:39.688000Z,2,G1,Eletrônico,https://eproc.jfrj.jus.br/eproc/externo_controlador.php?acao=processo_consulta_publica
00011357520144025105,0001135-75.2014.4.02.5105,283,Ação Penal - Procedimento Ordinário,Inserção de dados falsos em sistema de informações ,2014-08-21,2024-07-06T01:00:53.995000Z,7,G1,Eletrônico,https://eproc.jfrj.jus.br/eproc/externo_controlador.php?acao=processo_consulta_publica
00258794920144025101,0025879-49.2014.4.02.5101,333,Insanidade Mental do Acusado,Contravenções Penais,2014-08-26,2024-07-05T23:47:54.560000Z,2,G1,Eletrônico,https://eproc.jfrj.jus.br/eproc/externo_controlador.php?acao=processo_consulta_publica
00258820420144025101,0025882-04.2014.4.02.5101,319,Exceção de Incompetência de Juízo,Quadrilha ou Bando,2014-08-27,2024-07-05T23:47:54.777000Z,5,G1,Eletrônico,https://eproc.jfrj.jus.br/eproc/externo_controlador.php?acao=processo_consulta_publica
00258838620144025101,0025883-86.2014.4.02.5101,319,Exceção de Incompetência de Juízo,Crimes contra o Sistema Financeiro Nacional,2014-08-27,2024-07-05T23:48:14.097000Z,5,G1,Eletrônico,https://eproc.jfrj.jus.br/eproc/externo_controlador.php?acao=processo_consulta_publica
00261124620144025101,0026112-46.2014.4.02.5101,279,Inquérito Policial,Estelionato Majorado ,2014-09-01,2024-10-18T11:33:33.413000Z,3,G1,Eletrônico,https://eproc.jfrj.jus.br/eproc/externo_controlador.php?acao=processo_consulta_publica
00261080920144025101,0026108-09.2014.4.02.5101,279,Inquérito Policial,Contravenções Penais,2014-09-02,2024-07-05T23:49:11.695000Z,2,G1,Eletrônico,https://eproc.jfrj.jus.br/eproc/externo_controlador.php?acao=processo_consulta_publica
00260925520144025101,0026092-55.2014.4.02.5101,283,Ação Penal - Procedimento Ordinário,"Crimes de &quot;Lavagem&quot; ou Ocultação de Bens, Direitos ou Valores",2014-09-02,2024-07-05T23:48:32.142000Z,17,G1,Eletrônico,https://eproc.jfrj.jus.br/eproc/externo_controlador.php?acao=processo_consulta_publica
00259400720144025101,0025940-07.2014.4.02.5101,283,Ação Penal - Procedimento Ordinário,Contrabando ou descaminho ,2014-09-03,2026-06-13T14:15:16.443000Z,40,G1,Eletrônico,https://eproc.jfrj.jus.br/eproc/externo_controlador.php?acao=processo_consulta_publica
00316778820144025101,0031677-88.2014.4.02.5101,279,Inquérito Policial,Contravenções Penais,2014-09-19,2024-07-05T23:49:16.934000Z,3,G1,Eletrônico,https://eproc.jfrj.jus.br/eproc/externo_controlador.php?acao=processo_consulta_publica
00316856520144025101,0031685-65.2014.4.02.5101,279,Inquérito Policial,Contravenções Penais,2014-09-19,2024-07-05T23:49:07.470000Z,3,G1,Eletrônico,https://eproc.jfrj.jus.br/eproc/externo_controlador.php?acao=processo_consulta_publica
00322511420144025101,0032251-14.2014.4.02.5101,279,Inquérito Policial,Contravenções Penais,2014-09-23,2024-07-05T23:49:07.447000Z,2,G1,Eletrônico,https://eproc.jfrj.jus.br/eproc/externo_controlador.php?acao=processo_consulta_publica
00338915220144025101,0033891-52.2014.4.02.5101,279,Inquérito Policial,Contravenções Penais,2014-10-01,2024-07-05T23:48:45.496000Z,2,G1,Eletrônico,https://eproc.jfrj.jus.br/eproc/externo_controlador.php?acao=processo_consulta_publica
00322901120144025101,0032290-11.2014.4.02.5101,37,Embargos de Terceiro Cível,Falsidade ideológica ,2014-10-01,2025-09-13T18:10:41.362000Z,11,G1,Eletrônico,https://eproc.jfrj.jus.br/eproc/externo_controlador.php?acao=processo_consulta_publica
00379265520144025101,0037926-55.2014.4.02.5101,279,Inquérito Policial,Contravenções Penais,2014-10-09,2024-07-05T23:48:55.618000Z,2,G1,Eletrônico,https://eproc.jfrj.jus.br/eproc/externo_controlador.php?acao=processo_consulta_publica
00379603020144025101,0037960-30.2014.4.02.5101,279,Inquérito Policial,Contravenções Penais,2014-10-10,2024-07-05T23:50:30.902000Z,2,G1,Eletrônico,https://eproc.jfrj.jus.br/eproc/externo_controlador.php?acao=processo_consulta_publica
00378962020144025101,0037896-20.2014.4.02.5101,279,Inquérito Policial,Contravenções Penais,2014-10-10,2024-07-05T23:21:31.482000Z,2,G1,Eletrônico,https://eproc.jfrj.jus.br/eproc/externo_controlador.php?acao=processo_consulta_publica
00379439120144025101,0037943-91.2014.4.02.5101,279,Inquérito Policial,Contravenções Penais,2014-10-10,2024-07-05T23:49:55.340000Z,2,G1,Eletrônico,https://eproc.jfrj.jus.br/eproc/externo_controlador.php?acao=processo_consulta_publica
00324209820144025101,0032420-98.2014.4.02.5101,309,Pedido de Busca e Apreensão Criminal,Contravenções Penais,2014-10-21,2024-07-05T23:49:12.801000Z,6,G1,Eletrônico,https://eproc.jfrj.jus.br/eproc/externo_controlador.php?acao=processo_consulta_publica
00411942020144025101,0041194-20.2014.4.02.5101,279,Inquérito Policial,Contravenções Penais,2014-10-23,2024-07-05T23:49:08.183000Z,1,G1,Eletrônico,https://eproc.jfrj.jus.br/eproc/externo_controlador.php?acao=processo_consulta_publica
00411925020144025101,0041192-50.2014.4.02.5101,279,Inquérito Policial,Contravenções Penais,2014-10-24,2024-07-05T23:49:08.014000Z,2,G1,Eletrônico,https://eproc.jfrj.jus.br/eproc/externo_controlador.php?acao=processo_consulta_publica
00324702720144025101,0032470-27.2014.4.02.5101,283,Ação Penal - Procedimento Ordinário,Contrabando ou descaminho ,2014-10-30,2026-06-13T14:32:28.871000Z,28,G1,Eletrônico,https://eproc.jfrj.jus.br/eproc/externo_controlador.php?acao=processo_consulta_publica
00324754920144025101,0032475-49.2014.4.02.5101,283,Ação Penal - Procedimento Ordinário,Estelionato Majorado ; Quadrilha ou Bando,2014-10-31,2026-06-13T14:11:39.714000Z,17,G1,Eletrônico,https://eproc.jfrj.jus.br/eproc/externo_controlador.php?acao=processo_consulta_publica
00324945520144025101,0032494-55.2014.4.02.5101,327,Embargos de Terceiro Criminal,"Crimes de &quot;Lavagem&quot; ou Ocultação de Bens, Direitos ou Valores",2014-11-03,2025-01-13T18:51:55.925000Z,11,G1,Eletrônico,https://eproc.jfrj.jus.br/eproc/externo_controlador.php?acao=processo_consulta_publica
00420568820144025101,0042056-88.2014.4.02.5101,279,Inquérito Policial,Contravenções Penais,2014-11-05,2024-07-05T23:50:10.966000Z,3,G1,Eletrônico,https://eproc.jfrj.jus.br/eproc/externo_controlador.php?acao=processo_consulta_publica
00420585820144025101,0042058-58.2014.4.02.5101,279,Inquérito Policial,Contravenções Penais,2014-11-05,2024-10-18T11:29:45.219000Z,3,G1,Eletrônico,https://eproc.jfrj.jus.br/eproc/externo_controlador.php?acao=processo_consulta_publica
00420931820144025101,0042093-18.2014.4.02.5101,1733,Procedimento Investigatório Criminal (PIC-MP) ,Contravenções Penais,2014-11-05,2024-07-05T23:50:06.231000Z,8,G1,Eletrônico,https://eproc.jfrj.jus.br/eproc/externo_controlador.php?acao=processo_consulta_publica
00020952220144025108,0002095-22.2014.4.02.5108,283,Ação Penal - Procedimento Ordinário,Estelionato Majorado ; Inserção de dados falsos em sistema de informações ; Peculato,2014-11-05,2025-12-13T14:53:51.480000Z,29,G1,Eletrônico,https://eproc.jfrj.jus.br/eproc/externo_controlador.php?acao=processo_consulta_publica
00421365220144025101,0042136-52.2014.4.02.5101,283,Ação Penal - Procedimento Ordinário,Apropriação indébita Previdenciária ; Sonegação de contribuição previdenciária ,2014-11-10,2024-09-26T20:51:24.877000Z,8,G1,Eletrônico,https://eproc.jfrj.jus.br/eproc/externo_controlador.php?acao=processo_consulta_publica
00421373720144025101,0042137-37.2014.4.02.5101,279,Inquérito Policial,Contravenções Penais,2014-11-10,2024-09-26T21:01:43.298000Z,3,G1,Eletrônico,https://eproc.jfrj.jus.br/eproc/externo_controlador.php?acao=processo_consulta_publica
00421390720144025101,0042139-07.2014.4.02.5101,279,Inquérito Policial,Contravenções Penais,2014-11-11,2024-07-05T23:22:50.298000Z,4,G1,Eletrônico,https://eproc.jfrj.jus.br/eproc/externo_controlador.php?acao=processo_consulta_publica
00428475720144025101,0042847-57.2014.4.02.5101,279,Inquérito Policial,Estelionato Majorado ,2014-11-24,2025-12-13T14:48:11.513000Z,3,G1,Eletrônico,https://eproc.jfrj.jus.br/eproc/externo_controlador.php?acao=processo_consulta_publica
00428527920144025101,0042852-79.2014.4.02.5101,283,Ação Penal - Procedimento Ordinário,Inserção de dados falsos em sistema de informações ,2014-11-25,2024-07-05T23:50:35.820000Z,8,G1,Eletrônico,https://eproc.jfrj.jus.br/eproc/externo_controlador.php?acao=processo_consulta_publica
00428544920144025101,0042854-49.2014.4.02.5101,283,Ação Penal - Procedimento Ordinário,Roubo Majorado,2014-11-25,2024-07-05T23:50:17.567000Z,9,G1,Eletrônico,https://eproc.jfrj.jus.br/eproc/externo_controlador.php?acao=processo_consulta_publica
00425920220144025101,0042592-02.2014.4.02.5101,283,Ação Penal - Procedimento Ordinário,"Contrabando ou descaminho ; Crimes de &quot;Lavagem&quot; ou Ocultação de Bens, Direitos ou Valores; Quadrilha ou Bando",2014-11-27,2025-04-14T14:28:21.209000Z,29,G1,Eletrônico,https://eproc.jfrj.jus.br/eproc/externo_controlador.php?acao=processo_consulta_publica
00426449520144025101,0042644-95.2014.4.02.5101,326,Restituição de Coisas Apreendidas,Contravenções Penais,2014-12-05,2024-07-05T23:50:05.626000Z,4,G1,Eletrônico,https://eproc.jfrj.jus.br/eproc/externo_controlador.php?acao=processo_consulta_publica
00432900820144025101,0043290-08.2014.4.02.5101,279,Inquérito Policial,Contravenções Penais,2014-12-05,2024-07-05T23:50:44.769000Z,3,G1,Eletrônico,https://eproc.jfrj.jus.br/eproc/externo_controlador.php?acao=processo_consulta_publica
00426621920144025101,0042662-19.2014.4.02.5101,283,Ação Penal - Procedimento Ordinário,Crimes contra o Sistema Financeiro Nacional; Crimes contra o mercado de capitais; Quadrilha ou Bando,2014-12-09,2024-09-26T21:02:15.425000Z,9,G1,Eletrônico,https://eproc.jfrj.jus.br/eproc/externo_controlador.php?acao=processo_consulta_publica
00414912720144025101,0041491-27.2014.4.02.5101,279,Inquérito Policial,Contravenções Penais,2014-12-12,2024-07-05T23:50:39.327000Z,2,G1,Eletrônico,https://eproc.jfrj.jus.br/eproc/externo_controlador.php?acao=processo_consulta_publica
00058123620144025110,0005812-36.2014.4.02.5110,279,Inquérito Policial,Contravenções Penais,2014-12-15,2024-07-05T22:16:58.370000Z,2,G1,Eletrônico,https://eproc.jfrj.jus.br/eproc/externo_controlador.php?acao=processo_consulta_publica
00427323620144025101,0042732-36.2014.4.02.5101,283,Ação Penal - Procedimento Ordinário,Quadrilha ou Bando; Roubo Majorado,2014-12-19,2026-06-13T14:08:52.617000Z,61,G1,Eletrônico,https://eproc.jfrj.jus.br/eproc/externo_controlador.php?acao=processo_consulta_publica
05005937520154025101,0500593-75.2015.4.02.5101,279,Inquérito Policial,Contravenções Penais,2015-01-12,2024-07-06T00:37:07.490000Z,2,G1,Eletrônico,https://eproc.jfrj.jus.br/eproc/externo_controlador.php?acao=processo_consulta_publica
05008856020154025101,0500885-60.2015.4.02.5101,279,Inquérito Policial,Contravenções Penais,2015-01-15,2024-07-06T00:37:05.736000Z,2,G1,Eletrônico,https://eproc.jfrj.jus.br/eproc/externo_controlador.php?acao=processo_consulta_publica
05008786820154025101,0500878-68.2015.4.02.5101,279,Inquérito Policial,Estelionato Majorado ,2015-01-16,2025-12-13T15:06:11.494000Z,3,G1,Eletrônico,https://eproc.jfrj.jus.br/eproc/externo_controlador.php?acao=processo_consulta_publica
00000240720154025110,0000024-07.2015.4.02.5110,279,Inquérito Policial,Contravenções Penais,2015-01-16,2024-07-06T00:16:39.123000Z,6,G1,Eletrônico,https://eproc.jfrj.jus.br/eproc/externo_controlador.php?acao=processo_consulta_publica
05008327920154025101,0500832-79.2015.4.02.5101,279,Inquérito Policial,Contravenções Penais,2015-01-19,2024-07-06T00:37:17.091000Z,3,G1,Eletrônico,https://eproc.jfrj.jus.br/eproc/externo_controlador.php?acao=processo_consulta_publica
05007418620154025101,0500741-86.2015.4.02.5101,283,Ação Penal - Procedimento Ordinário,Roubo Majorado,2015-02-10,2024-07-06T00:38:07.418000Z,13,G1,Eletrônico,https://eproc.jfrj.jus.br/eproc/externo_controlador.php?acao=processo_consulta_publica
05016157120154025101,0501615-71.2015.4.02.5101,279,Inquérito Policial,Contravenções Penais,2015-02-20,2024-07-06T00:37:22.314000Z,4,G1,Eletrônico,https://eproc.jfrj.jus.br/eproc/externo_controlador.php?acao=processo_consulta_publica
05020167020154025101,0502016-70.2015.4.02.5101,283,Ação Penal - Procedimento Ordinário,Roubo Majorado,2015-03-02,2026-09-15T22:57:38.041000Z,16,G1,Eletrônico,https://eproc.jfrj.jus.br/eproc/externo_controlador.php?acao=processo_consulta_publica
05020842020154025101,0502084-20.2015.4.02.5101,279,Inquérito Policial,Estelionato Majorado ,2015-03-03,2025-12-13T14:55:29.817000Z,3,G1,Eletrônico,https://eproc.jfrj.jus.br/eproc/externo_controlador.php?acao=processo_consulta_publica
05020678120154025101,0502067-81.2015.4.02.5101,279,Inquérito Policial,Contravenções Penais,2015-03-04,2024-07-06T00:37:35.001000Z,1,G1,Eletrônico,https://eproc.jfrj.jus.br/eproc/externo_controlador.php?acao=processo_consulta_publica
05020695120154025101,0502069-51.2015.4.02.5101,279,Inquérito Policial,Estelionato Majorado ,2015-03-04,2025-12-13T14:44:04.078000Z,3,G1,Eletrônico,https://eproc.jfrj.jus.br/eproc/externo_controlador.php?acao=processo_consulta_publica
05021275420154025101,0502127-54.2015.4.02.5101,283,Ação Penal - Procedimento Ordinário,Contrabando ou descaminho ,2015-03-06,2024-07-06T00:37:08.282000Z,31,G1,Eletrônico,https://eproc.jfrj.jus.br/eproc/externo_controlador.php?acao=processo_consulta_publica
05021457520154025101,0502145-75.2015.4.02.5101,283,Ação Penal - Procedimento Ordinário,Roubo Majorado,2015-03-11,2025-01-13T18:50:24.550000Z,32,G1,Eletrônico,https://eproc.jfrj.jus.br/eproc/externo_controlador.php?acao=processo_consulta_publica
05021466020154025101,0502146-60.2015.4.02.5101,283,Ação Penal - Procedimento Ordinário,Roubo Majorado,2015-03-11,2026-09-15T22:51:58.161000Z,47,G1,Eletrônico,https://eproc.jfrj.jus.br/eproc/externo_controlador.php?acao=processo_consulta_publica
05023760520154025101,0502376-05.2015.4.02.5101,279,Inquérito Policial,Contravenções Penais,2015-03-20,2024-07-06T00:37:19.082000Z,3,G1,Eletrônico,https://eproc.jfrj.jus.br/eproc/externo_controlador.php?acao=processo_consulta_publica
05024748720154025101,0502474-87.2015.4.02.5101,279,Inquérito Policial,Contravenções Penais,2015-03-23,2024-07-06T00:38:10.194000Z,2,G1,Eletrônico,https://eproc.jfrj.jus.br/eproc/externo_controlador.php?acao=processo_consulta_publica
05024566620154025101,0502456-66.2015.4.02.5101,279,Inquérito Policial,Contravenções Penais,2015-03-23,2024-07-06T00:38:21.033000Z,1,G1,Eletrônico,https://eproc.jfrj.jus.br/eproc/externo_controlador.php?acao=processo_consulta_publica
05024964820154025101,0502496-48.2015.4.02.5101,279,Inquérito Policial,Estelionato Majorado ,2015-03-23,2025-12-13T14:43:16.829000Z,3,G1,Eletrônico,https://eproc.jfrj.jus.br/eproc/externo_controlador.php?acao=processo_consulta_publica
05035678520154025101,0503567-85.2015.4.02.5101,283,Ação Penal - Procedimento Ordinário,Crimes contra o Sistema Financeiro Nacional,2015-03-24,2024-09-26T20:53:07.341000Z,6,G1,Eletrônico,https://eproc.jfrj.jus.br/eproc/externo_controlador.php?acao=processo_consulta_publica
05024713520154025101,0502471-35.2015.4.02.5101,279,Inquérito Policial,Contravenções Penais,2015-03-25,2024-07-06T00:37:31.819000Z,3,G1,Eletrônico,https://eproc.jfrj.jus.br/eproc/externo_controlador.php?acao=processo_consulta_publica
05024514420154025101,0502451-44.2015.4.02.5101,279,Inquérito Policial,Contravenções Penais,2015-03-25,2024-07-06T00:37:00.654000Z,2,G1,Eletrônico,https://eproc.jfrj.jus.br/eproc/externo_controlador.php?acao=processo_consulta_publica
05024774220154025101,0502477-42.2015.4.02.5101,279,Inquérito Policial,Contravenções Penais,2015-03-25,2024-07-06T00:38:22.012000Z,3,G1,Eletrônico,https://eproc.jfrj.jus.br/eproc/externo_controlador.php?acao=processo_consulta_publica
05035850920154025101,0503585-09.2015.4.02.5101,283,Ação Penal - Procedimento Ordinário,Estelionato Majorado ,2015-03-31,2024-07-06T00:38:00.700000Z,9,G1,Eletrônico,https://eproc.jfrj.jus.br/eproc/externo_controlador.php?acao=processo_consulta_publica
05038050720154025101,0503805-07.2015.4.02.5101,279,Inquérito Policial,Contravenções Penais,2015-04-09,2024-07-06T00:37:36.159000Z,2,G1,Eletrônico,https://eproc.jfrj.jus.br/eproc/externo_controlador.php?acao=processo_consulta_publica
05036820920154025101,0503682-09.2015.4.02.5101,283,Ação Penal - Procedimento Ordinário,Crimes contra Patente de Invenção; Moeda Falsa / Assimilados,2015-04-14,2024-07-06T00:38:49.425000Z,8,G1,Eletrônico,https://eproc.jfrj.jus.br/eproc/externo_controlador.php?acao=processo_consulta_publica
05000689320154025101,0500068-93.2015.4.02.5101,283,Ação Penal - Procedimento Ordinário,Roubo Majorado,2015-04-21,2024-07-06T00:36:30.753000Z,13,G1,Eletrônico,https://eproc.jfrj.jus.br/eproc/externo_controlador.php?acao=processo_consulta_publica
05044035820154025101,0504403-58.2015.4.02.5101,279,Inquérito Policial,Contravenções Penais,2015-04-24,2024-07-06T00:38:53.904000Z,2,G1,Eletrônico,https://eproc.jfrj.jus.br/eproc/externo_controlador.php?acao=processo_consulta_publica
05043369320154025101,0504336-93.2015.4.02.5101,279,Inquérito Policial,Estelionato Majorado ,2015-04-28,2025-12-13T14:40:28.323000Z,3,G1,Eletrônico,https://eproc.jfrj.jus.br/eproc/externo_controlador.php?acao=processo_consulta_publica
05043845220154025101,0504384-52.2015.4.02.5101,279,Inquérito Policial,Apropriação indébita Previdenciária ,2015-04-28,2025-12-13T15:06:30.930000Z,3,G1,Eletrônico,https://eproc.jfrj.jus.br/eproc/externo_controlador.php?acao=processo_consulta_publica
05043576920154025101,0504357-69.2015.4.02.5101,279,Inquérito Policial,Contravenções Penais,2015-04-28,2024-07-06T00:38:28.122000Z,2,G1,Eletrônico,https://eproc.jfrj.jus.br/eproc/externo_controlador.php?acao=processo_consulta_publica
05043438520154025101,0504343-85.2015.4.02.5101,279,Inquérito Policial,Contravenções Penais,2015-04-28,2024-07-06T00:38:47.476000Z,2,G1,Eletrônico,https://eproc.jfrj.jus.br/eproc/externo_controlador.php?acao=processo_consulta_publica
05043455520154025101,0504345-55.2015.4.02.5101,279,Inquérito Policial,Contravenções Penais,2015-04-30,2024-07-06T00:37:20.866000Z,2,G1,Eletrônico,https://eproc.jfrj.jus.br/eproc/externo_controlador.php?acao=processo_consulta_publica
05046581620154025101,0504658-16.2015.4.02.5101,279,Inquérito Policial,Estelionato Majorado ,2015-05-05,2025-12-13T15:13:01.487000Z,3,G1,Eletrônico,https://eproc.jfrj.jus.br/eproc/externo_controlador.php?acao=processo_consulta_publica
05046599820154025101,0504659-98.2015.4.02.5101,279,Inquérito Policial,Contravenções Penais,2015-05-05,2024-07-06T00:37:37.056000Z,2,G1,Eletrônico,https://eproc.jfrj.jus.br/eproc/externo_controlador.php?acao=processo_consulta_publica
05046556120154025101,0504655-61.2015.4.02.5101,279,Inquérito Policial,Estelionato Majorado ,2015-05-05,2025-12-13T14:56:42.328000Z,3,G1,Eletrônico,https://eproc.jfrj.jus.br/eproc/externo_controlador.php?acao=processo_consulta_publica
05046564620154025101,0504656-46.2015.4.02.5101,279,Inquérito Policial,Contravenções Penais,2015-05-05,2024-07-06T00:37:20.720000Z,3,G1,Eletrônico,https://eproc.jfrj.jus.br/eproc/externo_controlador.php?acao=processo_consulta_publica
05046001320154025101,0504600-13.2015.4.02.5101,283,Ação Penal - Procedimento Ordinário,Roubo Majorado,2015-05-14,2024-11-13T21:32:22.669000Z,14,G1,Eletrônico,https://eproc.jfrj.jus.br/eproc/externo_controlador.php?acao=processo_consulta_publica
05048885820154025101,0504888-58.2015.4.02.5101,279,Inquérito Policial,Contravenções Penais,2015-05-14,2024-07-06T00:38:12.321000Z,2,G1,Eletrônico,https://eproc.jfrj.jus.br/eproc/externo_controlador.php?acao=processo_consulta_publica
05049137120154025101,0504913-71.2015.4.02.5101,279,Inquérito Policial,Contravenções Penais,2015-05-15,2024-07-06T00:39:04.657000Z,1,G1,Eletrônico,https://eproc.jfrj.jus.br/eproc/externo_controlador.php?acao=processo_consulta_publica
05048504620154025101,0504850-46.2015.4.02.5101,279,Inquérito Policial,Contravenções Penais,2015-05-18,2024-07-06T00:37:55.336000Z,2,G1,Eletrônico,https://eproc.jfrj.jus.br/eproc/externo_controlador.php?acao=processo_consulta_publica
05055372320154025101,0505537-23.2015.4.02.5101,279,Inquérito Policial,Contravenções Penais,2015-05-27,2024-07-06T00:37:56.360000Z,2,G1,Eletrônico,https://eproc.jfrj.jus.br/eproc/externo_controlador.php?acao=processo_consulta_publica
05055399020154025101,0505539-90.2015.4.02.5101,279,Inquérito Policial,Contravenções Penais,2015-05-27,2024-07-06T00:38:03.204000Z,3,G1,Eletrônico,https://eproc.jfrj.jus.br/eproc/externo_controlador.php?acao=processo_consulta_publica
05053727320154025101,0505372-73.2015.4.02.5101,283,Ação Penal - Procedimento Ordinário,Crimes contra a Ordem Tributária; Sonegação de contribuição previdenciária ,2015-05-27,2024-07-06T00:37:40.622000Z,23,G1,Eletrônico,https://eproc.jfrj.jus.br/eproc/externo_controlador.php?acao=processo_consulta_publica
05055640620154025101,0505564-06.2015.4.02.5101,279,Inquérito Policial,Contravenções Penais,2015-05-27,2024-07-06T00:38:04.891000Z,3,G1,Eletrônico,https://eproc.jfrj.jus.br/eproc/externo_controlador.php?acao=processo_consulta_publica
05055424520154025101,0505542-45.2015.4.02.5101,279,Inquérito Policial,Contravenções Penais,2015-06-01,2024-07-06T00:38:33.059000Z,4,G1,Eletrônico,https://eproc.jfrj.jus.br/eproc/externo_controlador.php?acao=processo_consulta_publica
05057027020154025101,0505702-70.2015.4.02.5101,283,Ação Penal - Procedimento Ordinário,Roubo Majorado,2015-06-03,2024-07-06T00:38:05.392000Z,27,G1,Eletrônico,https://eproc.jfrj.jus.br/eproc/externo_controlador.php?acao=processo_consulta_publica
05057251620154025101,0505725-16.2015.4.02.5101,386,Execução da Pena,Contrabando ou descaminho ,2015-06-10,2024-07-06T00:38:35.702000Z,12,G1,Eletrônico,https://eproc.jfrj.jus.br/eproc/externo_controlador.php?acao=processo_consulta_publica
05072442620154025101,0507244-26.2015.4.02.5101,279,Inquérito Policial,Contravenções Penais,2015-06-17,2024-07-06T00:37:53.438000Z,4,G1,Eletrônico,https://eproc.jfrj.jus.br/eproc/externo_controlador.php?acao=processo_consulta_publica
05070441920154025101,0507044-19.2015.4.02.5101,279,Inquérito Policial,Contravenções Penais,2015-06-19,2024-07-06T00:38:10.981000Z,2,G1,Eletrônico,https://eproc.jfrj.jus.br/eproc/externo_controlador.php?acao=processo_consulta_publica
05074937420154025101,0507493-74.2015.4.02.5101,279,Inquérito Policial,Estelionato Majorado ,2015-06-25,2025-12-13T15:23:03.845000Z,3,G1,Eletrônico,https://eproc.jfrj.jus.br/eproc/externo_controlador.php?acao=processo_consulta_publica
05074824520154025101,0507482-45.2015.4.02.5101,279,Inquérito Policial,Contravenções Penais,2015-06-25,2024-07-06T00:38:31.469000Z,2,G1,Eletrônico,https://eproc.jfrj.jus.br/eproc/externo_controlador.php?acao=processo_consulta_publica
05076062820154025101,0507606-28.2015.4.02.5101,283,Ação Penal - Procedimento Ordinário,Roubo Majorado,2015-07-01,2026-09-15T22:58:27.617000Z,14,G1,Eletrônico,https://eproc.jfrj.jus.br/eproc/externo_controlador.php?acao=processo_consulta_publica
05079553120154025101,0507955-31.2015.4.02.5101,279,Inquérito Policial,Contravenções Penais,2015-07-13,2024-07-06T00:39:05.522000Z,2,G1,Eletrônico,https://eproc.jfrj.jus.br/eproc/externo_controlador.php?acao=processo_consulta_publica
05079337020154025101,0507933-70.2015.4.02.5101,279,Inquérito Policial,Contravenções Penais,2015-07-13,2024-07-06T00:39:03.757000Z,3,G1,Eletrônico,https://eproc.jfrj.jus.br/eproc/externo_controlador.php?acao=processo_consulta_publica
05078367020154025101,0507836-70.2015.4.02.5101,1727,Petição Criminal,Contravenções Penais,2015-07-17,2026-06-13T14:13:22.090000Z,35,G1,Eletrônico,https://eproc.jfrj.jus.br/eproc/externo_controlador.php?acao=processo_consulta_publica
05082714420154025101,0508271-44.2015.4.02.5101,279,Inquérito Policial,Contravenções Penais,2015-07-23,2024-07-06T00:38:20.247000Z,3,G1,Eletrônico,https://eproc.jfrj.jus.br/eproc/externo_controlador.php?acao=processo_consulta_publica
05001364320154025101,0500136-43.2015.4.02.5101,283,Ação Penal - Procedimento Ordinário,Uso de documento falso ,2015-07-24,2024-07-06T00:37:01.577000Z,10,G1,Eletrônico,https://eproc.jfrj.jus.br/eproc/externo_controlador.php?acao=processo_consulta_publica
05084949420154025101,0508494-94.2015.4.02.5101,279,Inquérito Policial,Estelionato Majorado ,2015-07-31,2024-07-06T00:38:46.332000Z,5,G1,Eletrônico,https://eproc.jfrj.jus.br/eproc/externo_controlador.php?acao=processo_consulta_publica
00000638620154025115,0000063-86.2015.4.02.5115,283,Ação Penal - Procedimento Ordinário,Crimes contra o Meio Ambiente e o Patrimônio Genético,2015-08-13,2026-07-15T06:27:18.717000Z,51,G1,Eletrônico,https://eproc.jfrj.jus.br/eproc/externo_controlador.php?acao=processo_consulta_publica
05088517420154025101,0508851-74.2015.4.02.5101,283,Ação Penal - Procedimento Ordinário,Estelionato Majorado ,2015-08-14,2024-07-06T00:37:56.034000Z,8,G1,Eletrônico,https://eproc.jfrj.jus.br/eproc/externo_controlador.php?acao=processo_consulta_publica
05088846420154025101,0508884-64.2015.4.02.5101,279,Inquérito Policial,Contravenções Penais,2015-08-17,2024-07-06T00:38:11.128000Z,2,G1,Eletrônico,https://eproc.jfrj.jus.br/eproc/externo_controlador.php?acao=processo_consulta_publica
05090465920154025101,0509046-59.2015.4.02.5101,279,Inquérito Policial,Contravenções Penais,2015-08-21,2024-07-06T00:38:31.845000Z,3,G1,Eletrônico,https://eproc.jfrj.jus.br/eproc/externo_controlador.php?acao=processo_consulta_publica
05002748620154025108,0500274-86.2015.4.02.5108,283,Ação Penal - Procedimento Ordinário,Crimes contra o Meio Ambiente e o Patrimônio Genético,2015-08-27,2026-09-15T22:57:38.615000Z,45,G1,Eletrônico,https://eproc.jfrj.jus.br/eproc/externo_controlador.php?acao=processo_consulta_publica
05090847120154025101,0509084-71.2015.4.02.5101,283,Ação Penal - Procedimento Ordinário,Moeda Falsa / Assimilados,2015-09-01,2024-07-05T23:23:07.538000Z,11,G1,Eletrônico,https://eproc.jfrj.jus.br/eproc/externo_controlador.php?acao=processo_consulta_publica
05091080220154025101,0509108-02.2015.4.02.5101,283,Ação Penal - Procedimento Ordinário,Inserção de dados falsos em sistema de informações ,2015-09-04,2024-07-06T00:37:59.684000Z,16,G1,Eletrônico,https://eproc.jfrj.jus.br/eproc/externo_controlador.php?acao=processo_consulta_publica
05091253820154025101,0509125-38.2015.4.02.5101,283,Ação Penal - Procedimento Ordinário,Crimes Previstos no Estatuto da criança e do adolescente; Roubo Majorado,2015-09-09,2024-07-06T00:38:02.816000Z,8,G1,Eletrônico,https://eproc.jfrj.jus.br/eproc/externo_controlador.php?acao=processo_consulta_publica
05093470620154025101,0509347-06.2015.4.02.5101,326,Restituição de Coisas Apreendidas,Contravenções Penais,2015-09-14,2024-07-06T00:38:21.805000Z,4,G1,Eletrônico,https://eproc.jfrj.jus.br/eproc/externo_controlador.php?acao=processo_consulta_publica
05095584220154025101,0509558-42.2015.4.02.5101,279,Inquérito Policial,Roubo Majorado,2015-09-16,2024-07-06T00:38:32.114000Z,12,G1,Eletrônico,https://eproc.jfrj.jus.br/eproc/externo_controlador.php?acao=processo_consulta_publica
05095428820154025101,0509542-88.2015.4.02.5101,279,Inquérito Policial,Contravenções Penais,2015-09-16,2024-07-06T00:38:33.965000Z,2,G1,Eletrônico,https://eproc.jfrj.jus.br/eproc/externo_controlador.php?acao=processo_consulta_publica
05010550520154025110,0501055-05.2015.4.02.5110,283,Ação Penal - Procedimento Ordinário,Estelionato Majorado ,2015-09-18,2024-07-06T00:36:52.785000Z,10,G1,Eletrônico,https://eproc.jfrj.jus.br/eproc/externo_controlador.php?acao=processo_consulta_publica
00000777020154025115,0000077-70.2015.4.02.5115,283,Ação Penal - Procedimento Ordinário,Crimes contra o Meio Ambiente e o Patrimônio Genético,2015-09-23,2024-11-13T21:29:01.265000Z,53,G1,Eletrônico,https://eproc.jfrj.jus.br/eproc/externo_controlador.php?acao=processo_consulta_publica
05098399520154025101,0509839-95.2015.4.02.5101,279,Inquérito Policial,Contravenções Penais,2015-09-23,2024-07-06T00:39:26.220000Z,3,G1,Eletrônico,https://eproc.jfrj.jus.br/eproc/externo_controlador.php?acao=processo_consulta_publica
05098208920154025101,0509820-89.2015.4.02.5101,283,Ação Penal - Procedimento Ordinário,Falsificação de documento público,2015-09-25,2024-11-13T21:27:54.941000Z,23,G1,Eletrônico,https://eproc.jfrj.jus.br/eproc/externo_controlador.php?acao=processo_consulta_publica
05100547120154025101,0510054-71.2015.4.02.5101,283,Ação Penal - Procedimento Ordinário,Estelionato Majorado ,2015-10-08,2024-07-06T00:38:48.436000Z,36,G1,Eletrônico,https://eproc.jfrj.jus.br/eproc/externo_controlador.php?acao=processo_consulta_publica
05102330520154025101,0510233-05.2015.4.02.5101,279,Inquérito Policial,Contravenções Penais,2015-10-16,2024-07-06T00:39:13.135000Z,2,G1,Eletrônico,https://eproc.jfrj.jus.br/eproc/externo_controlador.php?acao=processo_consulta_publica
05102313520154025101,0510231-35.2015.4.02.5101,279,Inquérito Policial,Contravenções Penais,2015-10-20,2024-09-26T20:53:57.922000Z,3,G1,Eletrônico,https://eproc.jfrj.jus.br/eproc/externo_controlador.php?acao=processo_consulta_publica
05102487120154025101,0510248-71.2015.4.02.5101,279,Inquérito Policial,Contravenções Penais,2015-10-20,2024-07-06T00:38:05.523000Z,3,G1,Eletrônico,https://eproc.jfrj.jus.br/eproc/externo_controlador.php?acao=processo_consulta_publica
05100581120154025101,0510058-11.2015.4.02.5101,279,Inquérito Policial,Contravenções Penais,2015-10-28,2026-09-15T22:51:11.693000Z,8,G1,Eletrônico,https://eproc.jfrj.jus.br/eproc/externo_controlador.php?acao=processo_consulta_publica
05107527720154025101,0510752-77.2015.4.02.5101,279,Inquérito Policial,Contravenções Penais,2015-11-10,2025-06-14T06:17:53.491000Z,3,G1,Eletrônico,https://eproc.jfrj.jus.br/eproc/externo_controlador.php?acao=processo_consulta_publica
05107259420154025101,0510725-94.2015.4.02.5101,279,Inquérito Policial,Contravenções Penais,2015-11-12,2025-06-14T05:36:27.195000Z,3,G1,Eletrônico,https://eproc.jfrj.jus.br/eproc/externo_controlador.php?acao=processo_consulta_publica
05107102820154025101,0510710-28.2015.4.02.5101,310,Pedido de Quebra de Sigilo de Dados e/ou Telefônico,"Crimes de &quot;Lavagem&quot; ou Ocultação de Bens, Direitos ou Valores",2015-11-13,2024-07-06T00:38:12.115000Z,5,G1,Eletrônico,https://eproc.jfrj.jus.br/eproc/externo_controlador.php?acao=processo_consulta_publica
05107163520154025101,0510716-35.2015.4.02.5101,309,Pedido de Busca e Apreensão Criminal,Corrupção ativa ,2015-11-13,2025-10-14T07:47:22.728000Z,27,G1,Eletrônico,https://eproc.jfrj.jus.br/eproc/externo_controlador.php?acao=processo_consulta_publica
05107198720154025101,0510719-87.2015.4.02.5101,279,Inquérito Policial,Corrupção ativa ; Corrupção passiva ; Crimes contra a Ordem Econômica,2015-11-13,2024-07-06T00:38:28.449000Z,12,G1,Eletrônico,https://eproc.jfrj.jus.br/eproc/externo_controlador.php?acao=processo_consulta_publica
05109224920154025101,0510922-49.2015.4.02.5101,313,Pedido de Prisão Preventiva,"Corrupção passiva ; Crimes de &quot;Lavagem&quot; ou Ocultação de Bens, Direitos ou Valores",2015-11-13,2024-07-06T00:37:33.630000Z,8,G1,Eletrônico,https://eproc.jfrj.jus.br/eproc/externo_controlador.php?acao=processo_consulta_publica
05109268620154025101,0510926-86.2015.4.02.5101,283,Ação Penal - Procedimento Ordinário,"Corrupção ativa ; Corrupção passiva ; Crimes de &quot;Lavagem&quot; ou Ocultação de Bens, Direitos ou Valores",2015-11-13,2024-07-06T00:38:14.388000Z,6,G1,Eletrônico,https://eproc.jfrj.jus.br/eproc/externo_controlador.php?acao=processo_consulta_publica
05109589120154025101,0510958-91.2015.4.02.5101,279,Inquérito Policial,Contravenções Penais,2015-11-19,2024-07-05T23:22:16.102000Z,3,G1,Eletrônico,https://eproc.jfrj.jus.br/eproc/externo_controlador.php?acao=processo_consulta_publica
05002378020154025101,0500237-80.2015.4.02.5101,283,Ação Penal - Procedimento Ordinário,Moeda Falsa / Assimilados,2015-12-04,2024-07-06T00:36:46.769000Z,10,G1,Eletrônico,https://eproc.jfrj.jus.br/eproc/externo_controlador.php?acao=processo_consulta_publica
05117842020154025101,0511784-20.2015.4.02.5101,283,Ação Penal - Procedimento Ordinário,Associação para a Produção e Tráfico e Condutas Afins; Tráfico de Drogas e Condutas Afins,2015-12-07,2026-06-13T14:16:25.359000Z,59,G1,Eletrônico,https://eproc.jfrj.jus.br/eproc/externo_controlador.php?acao=processo_consulta_publica
05119184720154025101,0511918-47.2015.4.02.5101,279,Inquérito Policial,Contravenções Penais,2015-12-11,2024-07-06T00:38:39.319000Z,2,G1,Eletrônico,https://eproc.jfrj.jus.br/eproc/externo_controlador.php?acao=processo_consulta_publica
05002410820154025105,0500241-08.2015.4.02.5105,279,Inquérito Policial,Contravenções Penais,2015-12-14,2024-07-06T00:37:00.023000Z,7,G1,Eletrônico,https://eproc.jfrj.jus.br/eproc/externo_controlador.php?acao=processo_consulta_publica
05120414520154025101,0512041-45.2015.4.02.5101,283,Ação Penal - Procedimento Ordinário,Contrabando ou descaminho ,2015-12-14,2024-12-13T17:42:34.534000Z,50,G1,Eletrônico,https://eproc.jfrj.jus.br/eproc/externo_controlador.php?acao=processo_consulta_publica
05122077720154025101,0512207-77.2015.4.02.5101,1733,Procedimento Investigatório Criminal (PIC-MP) ,Contravenções Penais,2015-12-17,2024-07-06T00:38:05.880000Z,2,G1,Eletrônico,https://eproc.jfrj.jus.br/eproc/externo_controlador.php?acao=processo_consulta_publica
05005154720164025101,0500515-47.2016.4.02.5101,283,Ação Penal - Procedimento Ordinário,Estelionato Majorado ,2016-01-08,2024-07-06T00:38:14.638000Z,20,G1,Eletrônico,https://eproc.jfrj.jus.br/eproc/externo_controlador.php?acao=processo_consulta_publica
05005743520164025101,0500574-35.2016.4.02.5101,279,Inquérito Policial,Contravenções Penais,2016-01-11,2024-07-06T00:36:27.279000Z,2,G1,Eletrônico,https://eproc.jfrj.jus.br/eproc/externo_controlador.php?acao=processo_consulta_publica
05005259120164025101,0500525-91.2016.4.02.5101,279,Inquérito Policial,Contravenções Penais,2016-01-11,2025-06-14T05:40:53.671000Z,3,G1,Eletrônico,https://eproc.jfrj.jus.br/eproc/externo_controlador.php?acao=processo_consulta_publica
05005718020164025101,0500571-80.2016.4.02.5101,279,Inquérito Policial,Contravenções Penais,2016-01-13,2025-06-14T05:44:59.951000Z,3,G1,Eletrônico,https://eproc.jfrj.jus.br/eproc/externo_controlador.php?acao=processo_consulta_publica
05000086520164025108,0500008-65.2016.4.02.5108,283,Ação Penal - Procedimento Ordinário,Estupro de vulnerável,2016-01-15,2024-11-13T21:36:07.634000Z,37,G1,Eletrônico,https://eproc.jfrj.jus.br/eproc/externo_controlador.php?acao=processo_consulta_publica
05006990320164025101,0500699-03.2016.4.02.5101,279,Inquérito Policial,Contravenções Penais,2016-01-22,2024-07-06T00:36:49.683000Z,2,G1,Eletrônico,https://eproc.jfrj.jus.br/eproc/externo_controlador.php?acao=processo_consulta_publica
05011598720164025101,0501159-87.2016.4.02.5101,355,Carta Precatória Criminal,Suspensão,2016-01-28,2024-07-06T00:37:04.816000Z,2,G1,Eletrônico,https://eproc.jfrj.jus.br/eproc/externo_controlador.php?acao=processo_consulta_publica
05012196020164025101,0501219-60.2016.4.02.5101,279,Inquérito Policial,Contravenções Penais,2016-01-28,2024-07-05T23:21:57.820000Z,2,G1,Eletrônico,https://eproc.jfrj.jus.br/eproc/externo_controlador.php?acao=processo_consulta_publica
05012724120164025101,0501272-41.2016.4.02.5101,326,Restituição de Coisas Apreendidas,"Crimes de &quot;Lavagem&quot; ou Ocultação de Bens, Direitos ou Valores",2016-02-04,2025-09-13T16:00:44.456000Z,10,G1,Eletrônico,https://eproc.jfrj.jus.br/eproc/externo_controlador.php?acao=processo_consulta_publica
05014716320164025101,0501471-63.2016.4.02.5101,279,Inquérito Policial,Contravenções Penais,2016-02-12,2024-07-06T00:37:38.910000Z,2,G1,Eletrônico,https://eproc.jfrj.jus.br/eproc/externo_controlador.php?acao=processo_consulta_publica
05049916520154025101,0504991-65.2015.4.02.5101,279,Inquérito Policial,Contravenções Penais,2016-02-19,2024-07-06T00:38:05.991000Z,2,G1,Eletrônico,https://eproc.jfrj.jus.br/eproc/externo_controlador.php?acao=processo_consulta_publica
05013434320164025101,0501343-43.2016.4.02.5101,279,Inquérito Policial,Contravenções Penais,2016-02-23,2024-07-06T00:37:02.080000Z,2,G1,Eletrônico,https://eproc.jfrj.jus.br/eproc/externo_controlador.php?acao=processo_consulta_publica
05015625620164025101,0501562-56.2016.4.02.5101,283,Ação Penal - Procedimento Ordinário,Crimes contra a Ordem Econômica; Crimes contra o Meio Ambiente e o Patrimônio Genético,2016-02-24,2026-08-20T23:23:35.871000Z,50,G1,Eletrônico,https://eproc.jfrj.jus.br/eproc/externo_controlador.php?acao=processo_consulta_publica
05016101520164025101,0501610-15.2016.4.02.5101,283,Ação Penal - Procedimento Ordinário,Peculato,2016-03-04,2026-07-15T06:29:39.688000Z,12,G1,Eletrônico,https://eproc.jfrj.jus.br/eproc/externo_controlador.php?acao=processo_consulta_publica
05017747720164025101,0501774-77.2016.4.02.5101,333,Insanidade Mental do Acusado,Contravenções Penais,2016-03-10,2024-07-06T00:37:29.652000Z,2,G1,Eletrônico,https://eproc.jfrj.jus.br/eproc/externo_controlador.php?acao=processo_consulta_publica
05019652520164025101,0501965-25.2016.4.02.5101,279,Inquérito Policial,Estelionato Majorado ,2016-03-11,2025-12-13T15:23:07.888000Z,3,G1,Eletrônico,https://eproc.jfrj.jus.br/eproc/externo_controlador.php?acao=processo_consulta_publica
05019947520164025101,0501994-75.2016.4.02.5101,279,Inquérito Policial,Contravenções Penais,2016-03-11,2025-06-14T06:17:24.371000Z,3,G1,Eletrônico,https://eproc.jfrj.jus.br/eproc/externo_controlador.php?acao=processo_consulta_publica
05019401220164025101,0501940-12.2016.4.02.5101,279,Inquérito Policial,Contravenções Penais,2016-03-11,2024-07-06T00:37:10.903000Z,2,G1,Eletrônico,https://eproc.jfrj.jus.br/eproc/externo_controlador.php?acao=processo_consulta_publica
05000581520164025101,0500058-15.2016.4.02.5101,283,Ação Penal - Procedimento Ordinário,Estelionato,2016-03-17,2026-08-20T23:13:40.116000Z,41,G1,Eletrônico,https://eproc.jfrj.jus.br/eproc/externo_controlador.php?acao=processo_consulta_publica
05020232820164025101,0502023-28.2016.4.02.5101,279,Inquérito Policial,Contravenções Penais,2016-03-17,2024-07-06T00:38:27.786000Z,2,G1,Eletrônico,https://eproc.jfrj.jus.br/eproc/externo_controlador.php?acao=processo_consulta_publica
05020293520164025101,0502029-35.2016.4.02.5101,279,Inquérito Policial,Contravenções Penais,2016-03-17,2024-07-05T23:22:54.806000Z,2,G1,Eletrônico,https://eproc.jfrj.jus.br/eproc/externo_controlador.php?acao=processo_consulta_publica
05020310520164025101,0502031-05.2016.4.02.5101,279,Inquérito Policial,Contravenções Penais,2016-03-17,2024-07-06T00:37:37.211000Z,2,G1,Eletrônico,https://eproc.jfrj.jus.br/eproc/externo_controlador.php?acao=processo_consulta_publica
05022606220164025101,0502260-62.2016.4.02.5101,310,Pedido de Quebra de Sigilo de Dados e/ou Telefônico,Atos Processuais,2016-03-28,2025-09-13T17:50:53.076000Z,37,G1,Eletrônico,https://eproc.jfrj.jus.br/eproc/externo_controlador.php?acao=processo_consulta_publica
05020354220164025101,0502035-42.2016.4.02.5101,279,Inquérito Policial,Contravenções Penais,2016-03-28,2024-07-05T23:22:55.435000Z,3,G1,Eletrônico,https://eproc.jfrj.jus.br/eproc/externo_controlador.php?acao=processo_consulta_publica
05020657720164025101,0502065-77.2016.4.02.5101,279,Inquérito Policial,Contravenções Penais,2016-03-29,2024-07-06T00:37:48.927000Z,2,G1,Eletrônico,https://eproc.jfrj.jus.br/eproc/externo_controlador.php?acao=processo_consulta_publica
05023281220164025101,0502328-12.2016.4.02.5101,279,Inquérito Policial,Contravenções Penais,2016-03-29,2024-07-06T00:39:03.592000Z,3,G1,Eletrônico,https://eproc.jfrj.jus.br/eproc/externo_controlador.php?acao=processo_consulta_publica
05025671620164025101,0502567-16.2016.4.02.5101,279,Inquérito Policial,Contravenções Penais,2016-04-04,2024-07-06T00:38:15.190000Z,2,G1,Eletrônico,https://eproc.jfrj.jus.br/eproc/externo_controlador.php?acao=processo_consulta_publica
05001149720164025117,0500114-97.2016.4.02.5117,279,Inquérito Policial,Contravenções Penais,2016-04-05,2024-12-13T17:43:48.056000Z,3,G1,Eletrônico,https://eproc.jfrj.jus.br/eproc/externo_controlador.php?acao=processo_consulta_publica
05024095820164025101,0502409-58.2016.4.02.5101,1733,Procedimento Investigatório Criminal (PIC-MP) ,Contravenções Penais,2016-04-05,2024-07-06T00:37:47.226000Z,4,G1,Eletrônico,https://eproc.jfrj.jus.br/eproc/externo_controlador.php?acao=processo_consulta_publica
05026356320164025101,0502635-63.2016.4.02.5101,279,Inquérito Policial,Contravenções Penais,2016-04-08,2024-07-05T23:22:56.462000Z,2,G1,Eletrônico,https://eproc.jfrj.jus.br/eproc/externo_controlador.php?acao=processo_consulta_publica
05026217920164025101,0502621-79.2016.4.02.5101,279,Inquérito Policial,Contravenções Penais,2016-04-08,2024-07-06T00:38:11.912000Z,2,G1,Eletrônico,https://eproc.jfrj.jus.br/eproc/externo_controlador.php?acao=processo_consulta_publica
05025334120164025101,0502533-41.2016.4.02.5101,279,Inquérito Policial,Contravenções Penais,2016-04-11,2024-07-06T00:38:05.297000Z,3,G1,Eletrônico,https://eproc.jfrj.jus.br/eproc/externo_controlador.php?acao=processo_consulta_publica
05025472520164025101,0502547-25.2016.4.02.5101,279,Inquérito Policial,Contravenções Penais,2016-04-14,2024-07-06T00:37:38.361000Z,2,G1,Eletrônico,https://eproc.jfrj.jus.br/eproc/externo_controlador.php?acao=processo_consulta_publica
05027802220164025101,0502780-22.2016.4.02.5101,279,Inquérito Policial,Contravenções Penais,2016-04-15,2024-07-06T00:38:31.964000Z,3,G1,Eletrônico,https://eproc.jfrj.jus.br/eproc/externo_controlador.php?acao=processo_consulta_publica
05028122720164025101,0502812-27.2016.4.02.5101,279,Inquérito Policial,Contravenções Penais,2016-04-18,2024-07-06T00:37:29.105000Z,3,G1,Eletrônico,https://eproc.jfrj.jus.br/eproc/externo_controlador.php?acao=processo_consulta_publica
05029664520164025101,0502966-45.2016.4.02.5101,279,Inquérito Policial,Contravenções Penais,2016-04-27,2024-07-06T00:37:10.937000Z,3,G1,Eletrônico,https://eproc.jfrj.jus.br/eproc/externo_controlador.php?acao=processo_consulta_publica
05029725220164025101,0502972-52.2016.4.02.5101,279,Inquérito Policial,Contravenções Penais,2016-04-27,2024-07-06T00:37:40.256000Z,2,G1,Eletrônico,https://eproc.jfrj.jus.br/eproc/externo_controlador.php?acao=processo_consulta_publica
05029647520164025101,0502964-75.2016.4.02.5101,279,Inquérito Policial,Estelionato Majorado ,2016-04-29,2024-07-06T00:37:49.078000Z,3,G1,Eletrônico,https://eproc.jfrj.jus.br/eproc/externo_controlador.php?acao=processo_consulta_publica
05029941320164025101,0502994-13.2016.4.02.5101,279,Inquérito Policial,Contravenções Penais,2016-04-29,2024-07-06T00:37:31.796000Z,3,G1,Eletrônico,https://eproc.jfrj.jus.br/eproc/externo_controlador.php?acao=processo_consulta_publica
05045262220164025101,0504526-22.2016.4.02.5101,279,Inquérito Policial,Contravenções Penais,2016-05-05,2024-07-06T00:38:12.239000Z,2,G1,Eletrônico,https://eproc.jfrj.jus.br/eproc/externo_controlador.php?acao=processo_consulta_publica
05046544220164025101,0504654-42.2016.4.02.5101,283,Ação Penal - Procedimento Ordinário,Crimes contra o Sistema Financeiro Nacional,2016-05-09,2024-07-06T00:37:33.021000Z,10,G1,Eletrônico,https://eproc.jfrj.jus.br/eproc/externo_controlador.php?acao=processo_consulta_publica
05045574220164025101,0504557-42.2016.4.02.5101,1727,Petição Criminal,"Crimes de &quot;Lavagem&quot; ou Ocultação de Bens, Direitos ou Valores",2016-05-09,2024-07-05T23:22:13.289000Z,11,G1,Eletrônico,https://eproc.jfrj.jus.br/eproc/externo_controlador.php?acao=processo_consulta_publica
05046916920164025101,0504691-69.2016.4.02.5101,279,Inquérito Policial,Contravenções Penais,2016-05-10,2025-01-13T18:51:06.529000Z,2,G1,Eletrônico,https://eproc.jfrj.jus.br/eproc/externo_controlador.php?acao=processo_consulta_publica
05049722520164025101,0504972-25.2016.4.02.5101,283,Ação Penal - Procedimento Ordinário,Estelionato,2016-05-19,2024-07-06T00:38:05.954000Z,25,G1,Eletrônico,https://eproc.jfrj.jus.br/eproc/externo_controlador.php?acao=processo_consulta_publica
05051913820164025101,0505191-38.2016.4.02.5101,279,Inquérito Policial,Contravenções Penais,2016-05-20,2024-07-06T00:38:26.739000Z,3,G1,Eletrônico,https://eproc.jfrj.jus.br/eproc/externo_controlador.php?acao=processo_consulta_publica
05051844620164025101,0505184-46.2016.4.02.5101,279,Inquérito Policial,Contravenções Penais,2016-05-20,2024-07-06T00:37:40.602000Z,2,G1,Eletrônico,https://eproc.jfrj.jus.br/eproc/externo_controlador.php?acao=processo_consulta_publica
05051896820164025101,0505189-68.2016.4.02.5101,279,Inquérito Policial,Contravenções Penais,2016-05-20,2024-07-06T00:37:46.435000Z,2,G1,Eletrônico,https://eproc.jfrj.jus.br/eproc/externo_controlador.php?acao=processo_consulta_publica
05051758420164025101,0505175-84.2016.4.02.5101,283,Ação Penal - Procedimento Ordinário,Falsificação de documento público; Uso de documento falso ,2016-06-01,2024-07-06T00:38:53.843000Z,9,G1,Eletrônico,https://eproc.jfrj.jus.br/eproc/externo_controlador.php?acao=processo_consulta_publica
05052485620164025101,0505248-56.2016.4.02.5101,279,Inquérito Policial,Contravenções Penais,2016-06-02,2024-07-05T23:23:12.692000Z,2,G1,Eletrônico,https://eproc.jfrj.jus.br/eproc/externo_controlador.php?acao=processo_consulta_publica
05053048920164025101,0505304-89.2016.4.02.5101,279,Inquérito Policial,Contravenções Penais,2016-06-03,2024-07-05T23:23:19.880000Z,7,G1,Eletrônico,https://eproc.jfrj.jus.br/eproc/externo_controlador.php?acao=processo_consulta_publica
05053160620164025101,0505316-06.2016.4.02.5101,279,Inquérito Policial,Contravenções Penais,2016-06-06,2024-07-06T00:37:37.456000Z,2,G1,Eletrônico,https://eproc.jfrj.jus.br/eproc/externo_controlador.php?acao=processo_consulta_publica
05055343420164025101,0505534-34.2016.4.02.5101,279,Inquérito Policial,Contravenções Penais,2016-06-08,2024-07-06T00:38:32.024000Z,2,G1,Eletrônico,https://eproc.jfrj.jus.br/eproc/externo_controlador.php?acao=processo_consulta_publica
05058686820164025101,0505868-68.2016.4.02.5101,279,Inquérito Policial,Contravenções Penais,2016-06-16,2024-07-05T23:22:51.547000Z,3,G1,Eletrônico,https://eproc.jfrj.jus.br/eproc/externo_controlador.php?acao=processo_consulta_publica
05060159420164025101,0506015-94.2016.4.02.5101,283,Ação Penal - Procedimento Ordinário,Crimes contra o Sistema Financeiro Nacional,2016-06-17,2024-07-06T00:38:04.463000Z,11,G1,Eletrônico,https://eproc.jfrj.jus.br/eproc/externo_controlador.php?acao=processo_consulta_publica
05059414020164025101,0505941-40.2016.4.02.5101,279,Inquérito Policial,Contravenções Penais,2016-06-20,2024-07-06T00:38:21.602000Z,2,G1,Eletrônico,https://eproc.jfrj.jus.br/eproc/externo_controlador.php?acao=processo_consulta_publica
05061431720164025101,0506143-17.2016.4.02.5101,1727,Petição Criminal,Contravenções Penais,2016-06-24,2025-08-16T02:39:26.865000Z,17,G1,Eletrônico,https://eproc.jfrj.jus.br/eproc/externo_controlador.php?acao=processo_consulta_publica
05061709720164025101,0506170-97.2016.4.02.5101,1727,Petição Criminal,"Crimes de &quot;Lavagem&quot; ou Ocultação de Bens, Direitos ou Valores",2016-06-28,2024-07-06T00:38:06.470000Z,10,G1,Eletrônico,https://eproc.jfrj.jus.br/eproc/externo_controlador.php?acao=processo_consulta_publica
05061718220164025101,0506171-82.2016.4.02.5101,313,Pedido de Prisão Preventiva,"Crimes de &quot;Lavagem&quot; ou Ocultação de Bens, Direitos ou Valores",2016-06-28,2024-07-06T00:38:08.178000Z,2,G1,Eletrônico,https://eproc.jfrj.jus.br/eproc/externo_controlador.php?acao=processo_consulta_publica
05061726720164025101,0506172-67.2016.4.02.5101,329,Seqüestro,"Crimes de &quot;Lavagem&quot; ou Ocultação de Bens, Direitos ou Valores",2016-06-28,2026-08-20T23:12:55.679000Z,114,G1,Eletrônico,https://eproc.jfrj.jus.br/eproc/externo_controlador.php?acao=processo_consulta_publica
05061908820164025101,0506190-88.2016.4.02.5101,11955,Cautelar Inominada Criminal,Contravenções Penais,2016-06-29,2024-07-06T00:38:10.856000Z,27,G1,Eletrônico,https://eproc.jfrj.jus.br/eproc/externo_controlador.php?acao=processo_consulta_publica
05063147120164025101,0506314-71.2016.4.02.5101,309,Pedido de Busca e Apreensão Criminal,"Crimes de &quot;Lavagem&quot; ou Ocultação de Bens, Direitos ou Valores",2016-07-01,2026-01-13T01:25:47.953000Z,35,G1,Eletrônico,https://eproc.jfrj.jus.br/eproc/externo_controlador.php?acao=processo_consulta_publica
05063155620164025101,0506315-56.2016.4.02.5101,329,Seqüestro,"Crimes de &quot;Lavagem&quot; ou Ocultação de Bens, Direitos ou Valores",2016-07-01,2026-09-15T22:57:58.678000Z,39,G1,Eletrônico,https://eproc.jfrj.jus.br/eproc/externo_controlador.php?acao=processo_consulta_publica
05001448320164025101,0500144-83.2016.4.02.5101,283,Ação Penal - Procedimento Ordinário,Roubo Majorado,2016-07-02,2026-06-13T14:31:43.170000Z,39,G1,Eletrônico,https://eproc.jfrj.jus.br/eproc/externo_controlador.php?acao=processo_consulta_publica
05064177820164025101,0506417-78.2016.4.02.5101,279,Inquérito Policial,Contravenções Penais,2016-07-06,2025-09-13T16:40:47.561000Z,3,G1,Eletrônico,https://eproc.jfrj.jus.br/eproc/externo_controlador.php?acao=processo_consulta_publica
05063848820164025101,0506384-88.2016.4.02.5101,279,Inquérito Policial,Contravenções Penais,2016-07-13,2024-07-06T00:38:06.535000Z,3,G1,Eletrônico,https://eproc.jfrj.jus.br/eproc/externo_controlador.php?acao=processo_consulta_publica
05067555220164025101,0506755-52.2016.4.02.5101,279,Inquérito Policial,Contravenções Penais,2016-07-15,2024-07-06T00:37:44.553000Z,2,G1,Eletrônico,https://eproc.jfrj.jus.br/eproc/externo_controlador.php?acao=processo_consulta_publica
05067425320164025101,0506742-53.2016.4.02.5101,279,Inquérito Policial,Contravenções Penais,2016-07-15,2025-01-13T18:47:22.288000Z,2,G1,Eletrônico,https://eproc.jfrj.jus.br/eproc/externo_controlador.php?acao=processo_consulta_publica
05065303220164025101,0506530-32.2016.4.02.5101,1727,Petição Criminal,"Crimes de &quot;Lavagem&quot; ou Ocultação de Bens, Direitos ou Valores",2016-07-19,2024-07-06T00:38:56.199000Z,10,G1,Eletrônico,https://eproc.jfrj.jus.br/eproc/externo_controlador.php?acao=processo_consulta_publica
05068663620164025101,0506866-36.2016.4.02.5101,279,Inquérito Policial,Contravenções Penais,2016-07-25,2024-07-05T23:22:45.360000Z,2,G1,Eletrônico,https://eproc.jfrj.jus.br/eproc/externo_controlador.php?acao=processo_consulta_publica
05068967120164025101,0506896-71.2016.4.02.5101,279,Inquérito Policial,Contravenções Penais,2016-07-26,2024-07-06T00:37:40.205000Z,4,G1,Eletrônico,https://eproc.jfrj.jus.br/eproc/externo_controlador.php?acao=processo_consulta_publica
50690964720204025101,5069096-47.2020.4.02.5101,283,Ação Penal - Procedimento Ordinário,"Crimes de &quot;Lavagem&quot; ou Ocultação de Bens, Direitos ou Valores",2016-07-26,2024-07-05T22:49:57.704000Z,8,G1,Eletrônico,https://eproc.jfrj.jus.br/eproc/externo_controlador.php?acao=processo_consulta_publica
05066013420164025101,0506601-34.2016.4.02.5101,283,Ação Penal - Procedimento Ordinário,"Crimes de &quot;Lavagem&quot; ou Ocultação de Bens, Direitos ou Valores",2016-07-26,2024-07-06T00:37:57.466000Z,11,G1,Eletrônico,https://eproc.jfrj.jus.br/eproc/externo_controlador.php?acao=processo_consulta_publica
01005117520164025101,0100511-75.2016.4.02.5101,283,Ação Penal - Procedimento Ordinário,"Corrupção ativa ; Corrupção passiva ; Crimes de &quot;Lavagem&quot; ou Ocultação de Bens, Direitos ou Valores",2016-07-27,2024-07-06T00:14:15.898000Z,9,G1,Eletrônico,https://eproc.jfrj.jus.br/eproc/externo_controlador.php?acao=processo_consulta_publica
05069581420164025101,0506958-14.2016.4.02.5101,1727,Petição Criminal,"Crimes de &quot;Lavagem&quot; ou Ocultação de Bens, Direitos ou Valores; Falsidade ideológica ; Peculato",2016-07-29,2024-07-06T00:38:04.506000Z,9,G1,Eletrônico,https://eproc.jfrj.jus.br/eproc/externo_controlador.php?acao=processo_consulta_publica
05000612520164025115,0500061-25.2016.4.02.5115,283,Ação Penal - Procedimento Ordinário,Moeda Falsa / Assimilados,2016-08-01,2026-07-15T01:52:47.697000Z,35,G1,Eletrônico,https://eproc.jfrj.jus.br/eproc/externo_controlador.php?acao=processo_consulta_publica
05069815720164025101,0506981-57.2016.4.02.5101,355,Carta Precatória Criminal,Suspensão,2016-08-02,2024-07-06T00:39:41.871000Z,3,G1,Eletrônico,https://eproc.jfrj.jus.br/eproc/externo_controlador.php?acao=processo_consulta_publica
01066443620164025101,0106644-36.2016.4.02.5101,283,Ação Penal - Procedimento Ordinário,"Crimes de &quot;Lavagem&quot; ou Ocultação de Bens, Direitos ou Valores",2016-08-03,2024-07-06T00:14:59.874000Z,21,G1,Eletrônico,https://eproc.jfrj.jus.br/eproc/externo_controlador.php?acao=processo_consulta_publica
05002114820164025101,0500211-48.2016.4.02.5101,309,Pedido de Busca e Apreensão Criminal,"Crimes de &quot;Lavagem&quot; ou Ocultação de Bens, Direitos ou Valores",2016-08-09,2024-07-06T00:37:12.128000Z,26,G1,Eletrônico,https://eproc.jfrj.jus.br/eproc/externo_controlador.php?acao=processo_consulta_publica
05071556620164025101,0507155-66.2016.4.02.5101,279,Inquérito Policial,Contravenções Penais,2016-08-24,2024-07-06T00:37:48.583000Z,3,G1,Eletrônico,https://eproc.jfrj.jus.br/eproc/externo_controlador.php?acao=processo_consulta_publica
05071954820164025101,0507195-48.2016.4.02.5101,279,Inquérito Policial,Contravenções Penais,2016-08-24,2024-07-06T00:37:38.321000Z,6,G1,Eletrônico,https://eproc.jfrj.jus.br/eproc/externo_controlador.php?acao=processo_consulta_publica
05072430720164025101,0507243-07.2016.4.02.5101,279,Inquérito Policial,Contravenções Penais,2016-08-24,2025-01-13T18:52:42.448000Z,2,G1,Eletrônico,https://eproc.jfrj.jus.br/eproc/externo_controlador.php?acao=processo_consulta_publica
05072067720164025101,0507206-77.2016.4.02.5101,279,Inquérito Policial,Contravenções Penais,2016-08-25,2025-01-13T18:51:11.476000Z,2,G1,Eletrônico,https://eproc.jfrj.jus.br/eproc/externo_controlador.php?acao=processo_consulta_publica
05072751220164025101,0507275-12.2016.4.02.5101,279,Inquérito Policial,Contravenções Penais,2016-08-25,2024-07-06T00:38:09.269000Z,2,G1,Eletrônico,https://eproc.jfrj.jus.br/eproc/externo_controlador.php?acao=processo_consulta_publica
05073383720164025101,0507338-37.2016.4.02.5101,279,Inquérito Policial,Contravenções Penais,2016-08-29,2024-07-06T00:37:47.766000Z,2,G1,Eletrônico,https://eproc.jfrj.jus.br/eproc/externo_controlador.php?acao=processo_consulta_publica
05073781920164025101,0507378-19.2016.4.02.5101,309,Pedido de Busca e Apreensão Criminal,Contravenções Penais,2016-08-30,2024-07-06T00:38:26.193000Z,10,G1,Eletrônico,https://eproc.jfrj.jus.br/eproc/externo_controlador.php?acao=processo_consulta_publica
05074492120164025101,0507449-21.2016.4.02.5101,279,Inquérito Policial,Contravenções Penais,2016-08-30,2024-07-06T00:38:21.324000Z,3,G1,Eletrônico,https://eproc.jfrj.jus.br/eproc/externo_controlador.php?acao=processo_consulta_publica
05074370720164025101,0507437-07.2016.4.02.5101,279,Inquérito Policial,Contravenções Penais,2016-08-31,2024-07-06T00:38:06.500000Z,2,G1,Eletrônico,https://eproc.jfrj.jus.br/eproc/externo_controlador.php?acao=processo_consulta_publica
05074925520164025101,0507492-55.2016.4.02.5101,1727,Petição Criminal,Corrupção passiva ,2016-09-05,2025-04-14T14:32:23.141000Z,5,G1,Eletrônico,https://eproc.jfrj.jus.br/eproc/externo_controlador.php?acao=processo_consulta_publica
05075721920164025101,0507572-19.2016.4.02.5101,279,Inquérito Policial,Contravenções Penais,2016-09-09,2024-07-06T00:39:03.030000Z,2,G1,Eletrônico,https://eproc.jfrj.jus.br/eproc/externo_controlador.php?acao=processo_consulta_publica
05076631220164025101,0507663-12.2016.4.02.5101,279,Inquérito Policial,Contravenções Penais,2016-09-09,2024-07-06T00:38:31.929000Z,2,G1,Eletrônico,https://eproc.jfrj.jus.br/eproc/externo_controlador.php?acao=processo_consulta_publica
05077064620164025101,0507706-46.2016.4.02.5101,329,Seqüestro,"Crimes de &quot;Lavagem&quot; ou Ocultação de Bens, Direitos ou Valores",2016-09-16,2025-03-13T20:20:35.279000Z,33,G1,Eletrônico,https://eproc.jfrj.jus.br/eproc/externo_controlador.php?acao=processo_consulta_publica
05077437320164025101,0507743-73.2016.4.02.5101,327,Embargos de Terceiro Criminal,Contravenções Penais,2016-09-20,2024-07-06T00:38:50.486000Z,5,G1,Eletrônico,https://eproc.jfrj.jus.br/eproc/externo_controlador.php?acao=processo_consulta_publica
05078623420164025101,0507862-34.2016.4.02.5101,1727,Petição Criminal,"Crimes de &quot;Lavagem&quot; ou Ocultação de Bens, Direitos ou Valores",2016-09-20,2024-07-06T00:37:09.462000Z,4,G1,Eletrônico,https://eproc.jfrj.jus.br/eproc/externo_controlador.php?acao=processo_consulta_publica
05077567220164025101,0507756-72.2016.4.02.5101,279,Inquérito Policial,Contravenções Penais,2016-09-21,2024-07-06T00:37:57.969000Z,3,G1,Eletrônico,https://eproc.jfrj.jus.br/eproc/externo_controlador.php?acao=processo_consulta_publica
05077791820164025101,0507779-18.2016.4.02.5101,279,Inquérito Policial,Contravenções Penais,2016-09-21,2024-07-06T00:39:07.170000Z,3,G1,Eletrônico,https://eproc.jfrj.jus.br/eproc/externo_controlador.php?acao=processo_consulta_publica
05079559420164025101,0507955-94.2016.4.02.5101,355,Carta Precatória Criminal,Suspensão,2016-09-26,2024-07-06T00:39:33.631000Z,2,G1,Eletrônico,https://eproc.jfrj.jus.br/eproc/externo_controlador.php?acao=processo_consulta_publica
05080710320164025101,0508071-03.2016.4.02.5101,279,Inquérito Policial,Contravenções Penais,2016-09-29,2024-07-06T00:38:36.976000Z,3,G1,Eletrônico,https://eproc.jfrj.jus.br/eproc/externo_controlador.php?acao=processo_consulta_publica
05080789220164025101,0508078-92.2016.4.02.5101,279,Inquérito Policial,Contravenções Penais,2016-09-29,2024-07-06T00:38:12.241000Z,4,G1,Eletrônico,https://eproc.jfrj.jus.br/eproc/externo_controlador.php?acao=processo_consulta_publica
05081013820164025101,0508101-38.2016.4.02.5101,279,Inquérito Policial,Contravenções Penais,2016-09-29,2024-07-06T00:39:43.704000Z,6,G1,Eletrônico,https://eproc.jfrj.jus.br/eproc/externo_controlador.php?acao=processo_consulta_publica
05080018320164025101,0508001-83.2016.4.02.5101,283,Ação Penal - Procedimento Ordinário,Falsificação de documento público; Uso de documento falso ,2016-09-29,2026-06-13T14:15:16.648000Z,51,G1,Eletrônico,https://eproc.jfrj.jus.br/eproc/externo_controlador.php?acao=processo_consulta_publica
05083768420164025101,0508376-84.2016.4.02.5101,279,Inquérito Policial,Contravenções Penais,2016-10-07,2024-07-06T00:38:45.747000Z,3,G1,Eletrônico,https://eproc.jfrj.jus.br/eproc/externo_controlador.php?acao=processo_consulta_publica
05083829120164025101,0508382-91.2016.4.02.5101,279,Inquérito Policial,Contravenções Penais,2016-10-07,2024-07-06T00:37:56.305000Z,2,G1,Eletrônico,https://eproc.jfrj.jus.br/eproc/externo_controlador.php?acao=processo_consulta_publica
05083932320164025101,0508393-23.2016.4.02.5101,279,Inquérito Policial,Contravenções Penais,2016-10-11,2024-07-06T00:38:22.483000Z,2,G1,Eletrônico,https://eproc.jfrj.jus.br/eproc/externo_controlador.php?acao=processo_consulta_publica
05095035720164025101,0509503-57.2016.4.02.5101,283,Ação Penal - Procedimento Ordinário,"Crimes de &quot;Lavagem&quot; ou Ocultação de Bens, Direitos ou Valores",2016-10-26,2026-09-15T22:58:19.551000Z,46,G1,Eletrônico,https://eproc.jfrj.jus.br/eproc/externo_controlador.php?acao=processo_consulta_publica
05095044220164025101,0509504-42.2016.4.02.5101,1727,Petição Criminal,Contravenções Penais,2016-10-26,2026-06-13T14:01:16.273000Z,17,G1,Eletrônico,https://eproc.jfrj.jus.br/eproc/externo_controlador.php?acao=processo_consulta_publica
05095061220164025101,0509506-12.2016.4.02.5101,1727,Petição Criminal,"Crimes de &quot;Lavagem&quot; ou Ocultação de Bens, Direitos ou Valores",2016-10-26,2024-07-06T00:37:59.204000Z,4,G1,Eletrônico,https://eproc.jfrj.jus.br/eproc/externo_controlador.php?acao=processo_consulta_publica
05003663020164025108,0500366-30.2016.4.02.5108,283,Ação Penal - Procedimento Ordinário,Poluição,2016-10-27,2025-06-14T05:47:33.680000Z,36,G1,Eletrônico,https://eproc.jfrj.jus.br/eproc/externo_controlador.php?acao=processo_consulta_publica
05098084120164025101,0509808-41.2016.4.02.5101,279,Inquérito Policial,Contravenções Penais,2016-10-28,2024-07-05T23:23:08.251000Z,3,G1,Eletrônico,https://eproc.jfrj.jus.br/eproc/externo_controlador.php?acao=processo_consulta_publica
05097997920164025101,0509799-79.2016.4.02.5101,279,Inquérito Policial,Contravenções Penais,2016-10-28,2024-07-06T00:37:54.138000Z,3,G1,Eletrônico,https://eproc.jfrj.jus.br/eproc/externo_controlador.php?acao=processo_consulta_publica
05095659720164025101,0509565-97.2016.4.02.5101,313,Pedido de Prisão Preventiva,"Crimes de &quot;Lavagem&quot; ou Ocultação de Bens, Direitos ou Valores",2016-11-08,2026-07-15T06:23:55.837000Z,37,G1,Eletrônico,https://eproc.jfrj.jus.br/eproc/externo_controlador.php?acao=processo_consulta_publica
05095668220164025101,0509566-82.2016.4.02.5101,329,Seqüestro,"Crimes de &quot;Lavagem&quot; ou Ocultação de Bens, Direitos ou Valores",2016-11-08,2026-08-20T23:31:26.937000Z,134,G1,Eletrônico,https://eproc.jfrj.jus.br/eproc/externo_controlador.php?acao=processo_consulta_publica
05095676720164025101,0509567-67.2016.4.02.5101,309,Pedido de Busca e Apreensão Criminal,"Crimes de &quot;Lavagem&quot; ou Ocultação de Bens, Direitos ou Valores",2016-11-08,2026-08-20T23:47:44.380000Z,29,G1,Eletrônico,https://eproc.jfrj.jus.br/eproc/externo_controlador.php?acao=processo_consulta_publica
05099998620164025101,0509999-86.2016.4.02.5101,283,Ação Penal - Procedimento Ordinário,"Corrupção ativa ; Corrupção passiva ; Crimes de &quot;Lavagem&quot; ou Ocultação de Bens, Direitos ou Valores",2016-11-18,2024-07-06T00:38:49.118000Z,25,G1,Eletrônico,https://eproc.jfrj.jus.br/eproc/externo_controlador.php?acao=processo_consulta_publica
05100084820164025101,0510008-48.2016.4.02.5101,355,Carta Precatória Criminal,Suspensão,2016-11-21,2024-07-06T00:37:52.542000Z,2,G1,Eletrônico,https://eproc.jfrj.jus.br/eproc/externo_controlador.php?acao=processo_consulta_publica
05100093320164025101,0510009-33.2016.4.02.5101,355,Carta Precatória Criminal,Suspensão,2016-11-21,2024-07-06T00:39:20.536000Z,2,G1,Eletrônico,https://eproc.jfrj.jus.br/eproc/externo_controlador.php?acao=processo_consulta_publica
05100162520164025101,0510016-25.2016.4.02.5101,279,Inquérito Policial,Contravenções Penais,2016-11-21,2024-07-06T00:38:55.973000Z,8,G1,Eletrônico,https://eproc.jfrj.jus.br/eproc/externo_controlador.php?acao=processo_consulta_publica
05102033320164025101,0510203-33.2016.4.02.5101,11955,Cautelar Inominada Criminal,"Crimes de &quot;Lavagem&quot; ou Ocultação de Bens, Direitos ou Valores",2016-12-05,2026-06-13T13:57:10.769000Z,46,G1,Eletrônico,https://eproc.jfrj.jus.br/eproc/externo_controlador.php?acao=processo_consulta_publica
01753197420164025158,0175319-74.2016.4.02.5158,1727,Petição Criminal,Crimes contra a Flora,2016-12-09,2024-07-06T00:35:30.612000Z,6,G1,Eletrônico,https://eproc.jfrj.jus.br/eproc/externo_controlador.php?acao=processo_consulta_publica
05004130420164025108,0500413-04.2016.4.02.5108,283,Ação Penal - Procedimento Ordinário,Crimes contra o Meio Ambiente e o Patrimônio Genético,2016-12-09,2025-10-14T08:47:07.481000Z,25,G1,Eletrônico,https://eproc.jfrj.jus.br/eproc/externo_controlador.php?acao=processo_consulta_publica
05103263120164025101,0510326-31.2016.4.02.5101,283,Ação Penal - Procedimento Ordinário,"Crimes de &quot;Lavagem&quot; ou Ocultação de Bens, Direitos ou Valores",2016-12-09,2024-07-06T00:39:11.214000Z,12,G1,Eletrônico,https://eproc.jfrj.jus.br/eproc/externo_controlador.php?acao=processo_consulta_publica
05103635820164025101,0510363-58.2016.4.02.5101,279,Inquérito Policial,Contravenções Penais,2016-12-09,2024-07-06T00:38:46.122000Z,3,G1,Eletrônico,https://eproc.jfrj.jus.br/eproc/externo_controlador.php?acao=processo_consulta_publica
05104440720164025101,0510444-07.2016.4.02.5101,279,Inquérito Policial,Contravenções Penais,2016-12-09,2024-07-06T00:37:56.604000Z,3,G1,Eletrônico,https://eproc.jfrj.jus.br/eproc/externo_controlador.php?acao=processo_consulta_publica
05104605820164025101,0510460-58.2016.4.02.5101,279,Inquérito Policial,Contravenções Penais,2016-12-12,2024-07-06T00:39:48.410000Z,3,G1,Eletrônico,https://eproc.jfrj.jus.br/eproc/externo_controlador.php?acao=processo_consulta_publica
05104553620164025101,0510455-36.2016.4.02.5101,279,Inquérito Policial,Contravenções Penais,2016-12-12,2024-07-06T00:38:56.099000Z,3,G1,Eletrônico,https://eproc.jfrj.jus.br/eproc/externo_controlador.php?acao=processo_consulta_publica
05105004020164025101,0510500-40.2016.4.02.5101,279,Inquérito Policial,Contravenções Penais,2016-12-12,2024-07-06T00:38:35.406000Z,6,G1,Eletrônico,https://eproc.jfrj.jus.br/eproc/externo_controlador.php?acao=processo_consulta_publica
05103176920164025101,0510317-69.2016.4.02.5101,327,Embargos de Terceiro Criminal,"Crimes de &quot;Lavagem&quot; ou Ocultação de Bens, Direitos ou Valores",2016-12-13,2024-07-06T00:38:59.536000Z,4,G1,Eletrônico,https://eproc.jfrj.jus.br/eproc/externo_controlador.php?acao=processo_consulta_publica
05013674420164025110,0501367-44.2016.4.02.5110,279,Inquérito Policial,Contravenções Penais,2016-12-13,2024-07-06T00:37:47.857000Z,2,G1,Eletrônico,https://eproc.jfrj.jus.br/eproc/externo_controlador.php?acao=processo_consulta_publica
05107021720164025101,0510702-17.2016.4.02.5101,279,Inquérito Policial,Contravenções Penais,2016-12-14,2024-07-06T00:38:28.333000Z,2,G1,Eletrônico,https://eproc.jfrj.jus.br/eproc/externo_controlador.php?acao=processo_consulta_publica
05106935520164025101,0510693-55.2016.4.02.5101,279,Inquérito Policial,Contravenções Penais,2016-12-14,2024-07-06T00:38:20.355000Z,3,G1,Eletrônico,https://eproc.jfrj.jus.br/eproc/externo_controlador.php?acao=processo_consulta_publica
05106761920164025101,0510676-19.2016.4.02.5101,279,Inquérito Policial,Contravenções Penais,2016-12-14,2025-06-14T05:52:46.626000Z,3,G1,Eletrônico,https://eproc.jfrj.jus.br/eproc/externo_controlador.php?acao=processo_consulta_publica
05106822620164025101,0510682-26.2016.4.02.5101,279,Inquérito Policial,Contravenções Penais,2016-12-14,2024-07-06T00:38:32.106000Z,2,G1,Eletrônico,https://eproc.jfrj.jus.br/eproc/externo_controlador.php?acao=processo_consulta_publica
05107247520164025101,0510724-75.2016.4.02.5101,283,Ação Penal - Procedimento Ordinário,Crimes contra o Sistema Financeiro Nacional; Crimes contra o mercado de capitais; Quadrilha ou Bando,2016-12-16,2024-07-06T00:38:56.701000Z,5,G1,Eletrônico,https://eproc.jfrj.jus.br/eproc/externo_controlador.php?acao=processo_consulta_publica
00022876820174025101,0002287-68.2017.4.02.5101,1717,Alienação de Bens do Acusado,"Crimes de &quot;Lavagem&quot; ou Ocultação de Bens, Direitos ou Valores",2017-01-09,2026-06-13T14:16:08.455000Z,72,G1,Eletrônico,https://eproc.jfrj.jus.br/eproc/externo_controlador.php?acao=processo_consulta_publica
05010244120174025101,0501024-41.2017.4.02.5101,11955,Cautelar Inominada Criminal,"Crimes de &quot;Lavagem&quot; ou Ocultação de Bens, Direitos ou Valores",2017-01-11,2026-08-20T23:31:47.481000Z,44,G1,Eletrônico,https://eproc.jfrj.jus.br/eproc/externo_controlador.php?acao=processo_consulta_publica
05010279320174025101,0501027-93.2017.4.02.5101,309,Pedido de Busca e Apreensão Criminal,Contravenções Penais,2017-01-11,2026-09-15T22:57:37.895000Z,62,G1,Eletrônico,https://eproc.jfrj.jus.br/eproc/externo_controlador.php?acao=processo_consulta_publica
05010357020174025101,0501035-70.2017.4.02.5101,329,Seqüestro,"Crimes de &quot;Lavagem&quot; ou Ocultação de Bens, Direitos ou Valores",2017-01-12,2024-09-26T21:02:10.959000Z,48,G1,Eletrônico,https://eproc.jfrj.jus.br/eproc/externo_controlador.php?acao=processo_consulta_publica
05010365520174025101,0501036-55.2017.4.02.5101,309,Pedido de Busca e Apreensão Criminal,"Crimes de &quot;Lavagem&quot; ou Ocultação de Bens, Direitos ou Valores",2017-01-12,2026-09-15T22:57:38.966000Z,29,G1,Eletrônico,https://eproc.jfrj.jus.br/eproc/externo_controlador.php?acao=processo_consulta_publica
00036448320174025101,0003644-83.2017.4.02.5101,329,Seqüestro,"Crimes de &quot;Lavagem&quot; ou Ocultação de Bens, Direitos ou Valores",2017-01-12,2026-06-13T14:15:50.088000Z,77,G1,Eletrônico,https://eproc.jfrj.jus.br/eproc/externo_controlador.php?acao=processo_consulta_publica
00036482320174025101,0003648-23.2017.4.02.5101,1717,Alienação de Bens do Acusado,"Crimes de &quot;Lavagem&quot; ou Ocultação de Bens, Direitos ou Valores",2017-01-12,2025-06-14T05:25:07.313000Z,104,G1,Eletrônico,https://eproc.jfrj.jus.br/eproc/externo_controlador.php?acao=processo_consulta_publica
05010486920174025101,0501048-69.2017.4.02.5101,329,Seqüestro,"Crimes de &quot;Lavagem&quot; ou Ocultação de Bens, Direitos ou Valores",2017-01-13,2026-09-15T22:56:04.579000Z,76,G1,Eletrônico,https://eproc.jfrj.jus.br/eproc/externo_controlador.php?acao=processo_consulta_publica
05010599820174025101,0501059-98.2017.4.02.5101,1727,Petição Criminal,"Crimes de &quot;Lavagem&quot; ou Ocultação de Bens, Direitos ou Valores",2017-01-16,2024-07-06T00:37:43.022000Z,21,G1,Eletrônico,https://eproc.jfrj.jus.br/eproc/externo_controlador.php?acao=processo_consulta_publica
00050131520174025101,0005013-15.2017.4.02.5101,327,Embargos de Terceiro Criminal,Contravenções Penais,2017-01-23,2024-07-05T22:53:20.593000Z,5,G1,Eletrônico,https://eproc.jfrj.jus.br/eproc/externo_controlador.php?acao=processo_consulta_publica
05013396920174025101,0501339-69.2017.4.02.5101,279,Inquérito Policial,Contravenções Penais,2017-01-24,2024-07-05T23:22:29.703000Z,3,G1,Eletrônico,https://eproc.jfrj.jus.br/eproc/externo_controlador.php?acao=processo_consulta_publica
05013206320174025101,0501320-63.2017.4.02.5101,279,Inquérito Policial,Contravenções Penais,2017-01-24,2024-07-06T00:37:12.317000Z,3,G1,Eletrônico,https://eproc.jfrj.jus.br/eproc/externo_controlador.php?acao=processo_consulta_publica
05013319220174025101,0501331-92.2017.4.02.5101,279,Inquérito Policial,Contravenções Penais,2017-01-24,2024-07-06T00:37:39.127000Z,9,G1,Eletrônico,https://eproc.jfrj.jus.br/eproc/externo_controlador.php?acao=processo_consulta_publica
05013430920174025101,0501343-09.2017.4.02.5101,279,Inquérito Policial,Contravenções Penais,2017-01-25,2024-07-06T00:37:41.653000Z,3,G1,Eletrônico,https://eproc.jfrj.jus.br/eproc/externo_controlador.php?acao=processo_consulta_publica
05013812120174025101,0501381-21.2017.4.02.5101,279,Inquérito Policial,Contravenções Penais,2017-01-25,2025-01-13T18:51:32.106000Z,2,G1,Eletrônico,https://eproc.jfrj.jus.br/eproc/externo_controlador.php?acao=processo_consulta_publica
05014193320174025101,0501419-33.2017.4.02.5101,279,Inquérito Policial,Falsidade ideológica ,2017-01-26,2024-07-06T00:37:02.316000Z,3,G1,Eletrônico,https://eproc.jfrj.jus.br/eproc/externo_controlador.php?acao=processo_consulta_publica
00082063820174025101,0008206-38.2017.4.02.5101,327,Embargos de Terceiro Criminal,"Crimes de &quot;Lavagem&quot; ou Ocultação de Bens, Direitos ou Valores",2017-01-27,2024-09-26T20:54:22.673000Z,15,G1,Eletrônico,https://eproc.jfrj.jus.br/eproc/externo_controlador.php?acao=processo_consulta_publica
00084521920174025106,0008452-19.2017.4.02.5106,283,Ação Penal - Procedimento Ordinário,Crimes contra o Meio Ambiente e o Patrimônio Genético,2017-01-30,2026-07-15T06:29:38.307000Z,18,G1,Eletrônico,https://eproc.jfrj.jus.br/eproc/externo_controlador.php?acao=processo_consulta_publica
05016860520174025101,0501686-05.2017.4.02.5101,279,Inquérito Policial,Contravenções Penais,2017-02-08,2024-07-06T00:37:39.238000Z,2,G1,Eletrônico,https://eproc.jfrj.jus.br/eproc/externo_controlador.php?acao=processo_consulta_publica
00142377420174025101,0014237-74.2017.4.02.5101,1717,Alienação de Bens do Acusado,"Crimes de &quot;Lavagem&quot; ou Ocultação de Bens, Direitos ou Valores",2017-02-08,2024-07-05T23:47:08.952000Z,24,G1,Eletrônico,https://eproc.jfrj.jus.br/eproc/externo_controlador.php?acao=processo_consulta_publica
05016705120174025101,0501670-51.2017.4.02.5101,279,Inquérito Policial,Contravenções Penais,2017-02-08,2024-07-06T00:36:43.636000Z,2,G1,Eletrônico,https://eproc.jfrj.jus.br/eproc/externo_controlador.php?acao=processo_consulta_publica
00143000220174025101,0014300-02.2017.4.02.5101,1717,Alienação de Bens do Acusado,"Crimes de &quot;Lavagem&quot; ou Ocultação de Bens, Direitos ou Valores",2017-02-08,2024-07-05T23:26:05.144000Z,26,G1,Eletrônico,https://eproc.jfrj.jus.br/eproc/externo_controlador.php?acao=processo_consulta_publica
00143043920174025101,0014304-39.2017.4.02.5101,1717,Alienação de Bens do Acusado,"Crimes de &quot;Lavagem&quot; ou Ocultação de Bens, Direitos ou Valores",2017-02-08,2026-06-13T14:16:04.052000Z,79,G1,Eletrônico,https://eproc.jfrj.jus.br/eproc/externo_controlador.php?acao=processo_consulta_publica
00143060920174025101,0014306-09.2017.4.02.5101,1717,Alienação de Bens do Acusado,"Crimes de &quot;Lavagem&quot; ou Ocultação de Bens, Direitos ou Valores",2017-02-08,2026-06-13T14:02:36.670000Z,75,G1,Eletrônico,https://eproc.jfrj.jus.br/eproc/externo_controlador.php?acao=processo_consulta_publica
05016340920174025101,0501634-09.2017.4.02.5101,283,Ação Penal - Procedimento Ordinário,"Crimes contra o Sistema Financeiro Nacional; Crimes de &quot;Lavagem&quot; ou Ocultação de Bens, Direitos ou Valores",2017-02-09,2024-07-06T00:37:14.482000Z,5,G1,Eletrônico,https://eproc.jfrj.jus.br/eproc/externo_controlador.php?acao=processo_consulta_publica
05016470820174025101,0501647-08.2017.4.02.5101,1727,Petição Criminal,"Crimes contra o Sistema Financeiro Nacional; Crimes de &quot;Lavagem&quot; ou Ocultação de Bens, Direitos ou Valores",2017-02-09,2026-09-15T22:51:58.067000Z,19,G1,Eletrônico,https://eproc.jfrj.jus.br/eproc/externo_controlador.php?acao=processo_consulta_publica
05017337620174025101,0501733-76.2017.4.02.5101,283,Ação Penal - Procedimento Ordinário,"Crimes contra o Sistema Financeiro Nacional; Crimes de &quot;Lavagem&quot; ou Ocultação de Bens, Direitos ou Valores",2017-02-13,2026-09-15T22:54:11.573000Z,11,G1,Eletrônico,https://eproc.jfrj.jus.br/eproc/externo_controlador.php?acao=processo_consulta_publica
00159793720174025101,0015979-37.2017.4.02.5101,283,Ação Penal - Procedimento Ordinário,"Crimes contra o Sistema Financeiro Nacional; Crimes de &quot;Lavagem&quot; ou Ocultação de Bens, Direitos ou Valores",2017-02-13,2024-07-05T23:47:01.904000Z,3,G1,Eletrônico,https://eproc.jfrj.jus.br/eproc/externo_controlador.php?acao=processo_consulta_publica
05017614420174025101,0501761-44.2017.4.02.5101,333,Insanidade Mental do Acusado,Contravenções Penais,2017-02-15,2024-07-05T23:22:38.098000Z,4,G1,Eletrônico,https://eproc.jfrj.jus.br/eproc/externo_controlador.php?acao=processo_consulta_publica
05018532220174025101,0501853-22.2017.4.02.5101,283,Ação Penal - Procedimento Ordinário,"Crimes contra o Sistema Financeiro Nacional; Crimes de &quot;Lavagem&quot; ou Ocultação de Bens, Direitos ou Valores",2017-02-20,2024-07-06T00:37:47.057000Z,6,G1,Eletrônico,https://eproc.jfrj.jus.br/eproc/externo_controlador.php?acao=processo_consulta_publica
05018540720174025101,0501854-07.2017.4.02.5101,313,Pedido de Prisão Preventiva,Contravenções Penais,2017-02-20,2024-07-06T00:37:54.603000Z,10,G1,Eletrônico,https://eproc.jfrj.jus.br/eproc/externo_controlador.php?acao=processo_consulta_publica
05018688820174025101,0501868-88.2017.4.02.5101,1727,Petição Criminal,"Crimes contra o Sistema Financeiro Nacional; Crimes de &quot;Lavagem&quot; ou Ocultação de Bens, Direitos ou Valores",2017-02-22,2026-06-13T14:11:01.586000Z,6,G1,Eletrônico,https://eproc.jfrj.jus.br/eproc/externo_controlador.php?acao=processo_consulta_publica
05018904920174025101,0501890-49.2017.4.02.5101,1727,Petição Criminal,"Crimes de &quot;Lavagem&quot; ou Ocultação de Bens, Direitos ou Valores",2017-03-02,2024-07-06T00:37:28.589000Z,4,G1,Eletrônico,https://eproc.jfrj.jus.br/eproc/externo_controlador.php?acao=processo_consulta_publica
50561755620204025101,5056175-56.2020.4.02.5101,283,Ação Penal - Procedimento Ordinário,"Crimes de &quot;Lavagem&quot; ou Ocultação de Bens, Direitos ou Valores",2017-03-08,2024-07-05T22:48:52.123000Z,4,G1,Eletrônico,https://eproc.jfrj.jus.br/eproc/externo_controlador.php?acao=processo_consulta_publica
05020411520174025101,0502041-15.2017.4.02.5101,283,Ação Penal - Procedimento Ordinário,"Crimes de &quot;Lavagem&quot; ou Ocultação de Bens, Direitos ou Valores",2017-03-08,2026-08-20T23:43:05.334000Z,17,G1,Eletrônico,https://eproc.jfrj.jus.br/eproc/externo_controlador.php?acao=processo_consulta_publica
00286006620174025101,0028600-66.2017.4.02.5101,11955,Cautelar Inominada Criminal,"Crimes de &quot;Lavagem&quot; ou Ocultação de Bens, Direitos ou Valores",2017-03-09,2026-08-20T23:23:23.973000Z,17,G1,Eletrônico,https://eproc.jfrj.jus.br/eproc/externo_controlador.php?acao=processo_consulta_publica
05001000920174025108,0500100-09.2017.4.02.5108,283,Ação Penal - Procedimento Ordinário,Moeda Falsa / Assimilados,2017-03-10,2025-04-14T14:28:12.821000Z,42,G1,Eletrônico,https://eproc.jfrj.jus.br/eproc/externo_controlador.php?acao=processo_consulta_publica
05021269820174025101,0502126-98.2017.4.02.5101,329,Seqüestro,Contravenções Penais,2017-03-10,2026-08-20T23:12:39.831000Z,46,G1,Eletrônico,https://eproc.jfrj.jus.br/eproc/externo_controlador.php?acao=processo_consulta_publica
05021278320174025101,0502127-83.2017.4.02.5101,313,Pedido de Prisão Preventiva,"Crimes de &quot;Lavagem&quot; ou Ocultação de Bens, Direitos ou Valores",2017-03-10,2024-07-06T00:38:13.497000Z,6,G1,Eletrônico,https://eproc.jfrj.jus.br/eproc/externo_controlador.php?acao=processo_consulta_publica
05021953320174025101,0502195-33.2017.4.02.5101,279,Inquérito Policial,Contravenções Penais,2017-03-14,2024-07-06T00:37:32.476000Z,3,G1,Eletrônico,https://eproc.jfrj.jus.br/eproc/externo_controlador.php?acao=processo_consulta_publica
05021676520174025101,0502167-65.2017.4.02.5101,279,Inquérito Policial,Contravenções Penais,2017-03-16,2024-07-05T23:22:14.014000Z,8,G1,Eletrônico,https://eproc.jfrj.jus.br/eproc/externo_controlador.php?acao=processo_consulta_publica
00326772120174025101,0032677-21.2017.4.02.5101,1727,Petição Criminal,Atos Processuais,2017-03-16,2026-07-15T06:08:41.342000Z,35,G1,Eletrônico,https://eproc.jfrj.jus.br/eproc/externo_controlador.php?acao=processo_consulta_publica
00351022120174025101,0035102-21.2017.4.02.5101,283,Ação Penal - Procedimento Ordinário,Contravenções Penais; Corrupção passiva ,2017-03-22,2024-07-05T23:49:02.168000Z,7,G1,Eletrônico,https://eproc.jfrj.jus.br/eproc/externo_controlador.php?acao=processo_consulta_publica
00474888320174025101,0047488-83.2017.4.02.5101,1717,Alienação de Bens do Acusado,"Crimes de &quot;Lavagem&quot; ou Ocultação de Bens, Direitos ou Valores",2017-03-27,2026-09-15T22:58:22.368000Z,81,G1,Eletrônico,https://eproc.jfrj.jus.br/eproc/externo_controlador.php?acao=processo_consulta_publica
05031428720174025101,0503142-87.2017.4.02.5101,279,Inquérito Policial,Contravenções Penais,2017-03-31,2024-07-05T23:22:35.940000Z,3,G1,Eletrônico,https://eproc.jfrj.jus.br/eproc/externo_controlador.php?acao=processo_consulta_publica
05031818420174025101,0503181-84.2017.4.02.5101,279,Inquérito Policial,Contravenções Penais,2017-04-03,2024-07-06T00:37:10.684000Z,2,G1,Eletrônico,https://eproc.jfrj.jus.br/eproc/externo_controlador.php?acao=processo_consulta_publica
05031272120174025101,0503127-21.2017.4.02.5101,279,Inquérito Policial,Contravenções Penais,2017-04-03,2024-07-06T00:37:46.996000Z,3,G1,Eletrônico,https://eproc.jfrj.jus.br/eproc/externo_controlador.php?acao=processo_consulta_publica
05031965320174025101,0503196-53.2017.4.02.5101,279,Inquérito Policial,Contravenções Penais,2017-04-03,2024-07-06T00:38:26.143000Z,3,G1,Eletrônico,https://eproc.jfrj.jus.br/eproc/externo_controlador.php?acao=processo_consulta_publica
05031523420174025101,0503152-34.2017.4.02.5101,279,Inquérito Policial,Contravenções Penais,2017-04-03,2024-07-06T00:37:09.610000Z,2,G1,Eletrônico,https://eproc.jfrj.jus.br/eproc/externo_controlador.php?acao=processo_consulta_publica
05031749220174025101,0503174-92.2017.4.02.5101,279,Inquérito Policial,Contravenções Penais,2017-04-03,2024-07-06T00:38:21.715000Z,2,G1,Eletrônico,https://eproc.jfrj.jus.br/eproc/externo_controlador.php?acao=processo_consulta_publica
05031731020174025101,0503173-10.2017.4.02.5101,279,Inquérito Policial,Contravenções Penais,2017-04-03,2024-07-06T00:38:21.018000Z,2,G1,Eletrônico,https://eproc.jfrj.jus.br/eproc/externo_controlador.php?acao=processo_consulta_publica
01040111820174025101,0104011-18.2017.4.02.5101,283,Ação Penal - Procedimento Ordinário,"Contravenções Penais; Crimes de &quot;Lavagem&quot; ou Ocultação de Bens, Direitos ou Valores",2017-04-17,2024-07-06T00:14:19.501000Z,5,G1,Eletrônico,https://eproc.jfrj.jus.br/eproc/externo_controlador.php?acao=processo_consulta_publica
01040459020174025101,0104045-90.2017.4.02.5101,283,Ação Penal - Procedimento Ordinário,"Crimes de &quot;Lavagem&quot; ou Ocultação de Bens, Direitos ou Valores",2017-04-17,2024-07-06T00:15:19.189000Z,19,G1,Eletrônico,https://eproc.jfrj.jus.br/eproc/externo_controlador.php?acao=processo_consulta_publica
05035221320174025101,0503522-13.2017.4.02.5101,279,Inquérito Policial,Contravenções Penais,2017-04-24,2024-07-06T00:38:29.117000Z,3,G1,Eletrônico,https://eproc.jfrj.jus.br/eproc/externo_controlador.php?acao=processo_consulta_publica
05035152120174025101,0503515-21.2017.4.02.5101,279,Inquérito Policial,Contravenções Penais,2017-04-24,2024-07-06T00:36:47.996000Z,2,G1,Eletrônico,https://eproc.jfrj.jus.br/eproc/externo_controlador.php?acao=processo_consulta_publica
05034372720174025101,0503437-27.2017.4.02.5101,327,Embargos de Terceiro Criminal,"Crimes de &quot;Lavagem&quot; ou Ocultação de Bens, Direitos ou Valores",2017-04-26,2024-07-06T00:36:43.927000Z,4,G1,Eletrônico,https://eproc.jfrj.jus.br/eproc/externo_controlador.php?acao=processo_consulta_publica
05035663220174025101,0503566-32.2017.4.02.5101,1727,Petição Criminal,Contravenções Penais,2017-04-26,2024-07-06T00:38:36.955000Z,4,G1,Eletrônico,https://eproc.jfrj.jus.br/eproc/externo_controlador.php?acao=processo_consulta_publica
05035828320174025101,0503582-83.2017.4.02.5101,11955,Cautelar Inominada Criminal,"Crimes de &quot;Lavagem&quot; ou Ocultação de Bens, Direitos ou Valores",2017-04-28,2026-08-20T23:21:57.767000Z,23,G1,Eletrônico,https://eproc.jfrj.jus.br/eproc/externo_controlador.php?acao=processo_consulta_publica
05037569220174025101,0503756-92.2017.4.02.5101,279,Inquérito Policial,Contravenções Penais,2017-05-03,2024-07-06T00:37:24.622000Z,2,G1,Eletrônico,https://eproc.jfrj.jus.br/eproc/externo_controlador.php?acao=processo_consulta_publica
01159249420174025101,0115924-94.2017.4.02.5101,283,Ação Penal - Procedimento Ordinário,Crimes da Lei de licitações,2017-05-10,2024-07-06T00:15:34.683000Z,15,G1,Eletrônico,https://eproc.jfrj.jus.br/eproc/externo_controlador.php?acao=processo_consulta_publica
05040132020174025101,0504013-20.2017.4.02.5101,279,Inquérito Policial,Contravenções Penais,2017-05-12,2024-07-05T23:23:10.540000Z,3,G1,Eletrônico,https://eproc.jfrj.jus.br/eproc/externo_controlador.php?acao=processo_consulta_publica
05040045820174025101,0504004-58.2017.4.02.5101,279,Inquérito Policial,Contravenções Penais,2017-05-15,2024-07-06T00:38:24.629000Z,2,G1,Eletrônico,https://eproc.jfrj.jus.br/eproc/externo_controlador.php?acao=processo_consulta_publica
05040261920174025101,0504026-19.2017.4.02.5101,279,Inquérito Policial,Contravenções Penais,2017-05-15,2024-07-06T00:37:13.191000Z,2,G1,Eletrônico,https://eproc.jfrj.jus.br/eproc/externo_controlador.php?acao=processo_consulta_publica
05040435520174025101,0504043-55.2017.4.02.5101,313,Pedido de Prisão Preventiva,"Crimes de &quot;Lavagem&quot; ou Ocultação de Bens, Direitos ou Valores",2017-05-16,2024-09-26T20:50:43.207000Z,31,G1,Eletrônico,https://eproc.jfrj.jus.br/eproc/externo_controlador.php?acao=processo_consulta_publica
05040487720174025101,0504048-77.2017.4.02.5101,309,Pedido de Busca e Apreensão Criminal,Contravenções Penais,2017-05-16,2024-07-06T00:38:23.179000Z,6,G1,Eletrônico,https://eproc.jfrj.jus.br/eproc/externo_controlador.php?acao=processo_consulta_publica
05040582420174025101,0504058-24.2017.4.02.5101,1727,Petição Criminal,"Crimes de &quot;Lavagem&quot; ou Ocultação de Bens, Direitos ou Valores",2017-05-17,2024-07-05T23:23:09.692000Z,20,G1,Eletrônico,https://eproc.jfrj.jus.br/eproc/externo_controlador.php?acao=processo_consulta_publica
05039976620174025101,0503997-66.2017.4.02.5101,279,Inquérito Policial,Contravenções Penais,2017-05-18,2024-07-06T00:36:36.202000Z,3,G1,Eletrônico,https://eproc.jfrj.jus.br/eproc/externo_controlador.php?acao=processo_consulta_publica
05041137220174025101,0504113-72.2017.4.02.5101,283,Ação Penal - Procedimento Ordinário,"Crimes de &quot;Lavagem&quot; ou Ocultação de Bens, Direitos ou Valores",2017-05-23,2026-09-15T22:54:13.098000Z,11,G1,Eletrônico,https://eproc.jfrj.jus.br/eproc/externo_controlador.php?acao=processo_consulta_publica
05042132720174025101,0504213-27.2017.4.02.5101,279,Inquérito Policial,Contravenções Penais,2017-05-29,2024-07-06T00:38:41.116000Z,3,G1,Eletrônico,https://eproc.jfrj.jus.br/eproc/externo_controlador.php?acao=processo_consulta_publica
05042115720174025101,0504211-57.2017.4.02.5101,279,Inquérito Policial,Contravenções Penais,2017-05-29,2024-07-06T00:38:13.006000Z,2,G1,Eletrônico,https://eproc.jfrj.jus.br/eproc/externo_controlador.php?acao=processo_consulta_publica
05044462420174025101,0504446-24.2017.4.02.5101,283,Ação Penal - Procedimento Ordinário,Contravenções Penais,2017-05-31,2024-07-06T00:38:25.742000Z,8,G1,Eletrônico,https://eproc.jfrj.jus.br/eproc/externo_controlador.php?acao=processo_consulta_publica
05044661520174025101,0504466-15.2017.4.02.5101,283,Ação Penal - Procedimento Ordinário,Corrupção ativa ,2017-06-02,2024-07-06T00:38:36.948000Z,7,G1,Eletrônico,https://eproc.jfrj.jus.br/eproc/externo_controlador.php?acao=processo_consulta_publica
05045111920174025101,0504511-19.2017.4.02.5101,326,Restituição de Coisas Apreendidas,Contravenções Penais,2017-06-05,2024-07-06T00:37:33.437000Z,6,G1,Eletrônico,https://eproc.jfrj.jus.br/eproc/externo_controlador.php?acao=processo_consulta_publica
05045952020174025101,0504595-20.2017.4.02.5101,279,Inquérito Policial,Contravenções Penais,2017-06-08,2024-07-06T00:37:57.928000Z,2,G1,Eletrônico,https://eproc.jfrj.jus.br/eproc/externo_controlador.php?acao=processo_consulta_publica
05045995720174025101,0504599-57.2017.4.02.5101,279,Inquérito Policial,Contravenções Penais,2017-06-08,2024-07-06T00:37:37.843000Z,2,G1,Eletrônico,https://eproc.jfrj.jus.br/eproc/externo_controlador.php?acao=processo_consulta_publica
05045675220174025101,0504567-52.2017.4.02.5101,1727,Petição Criminal,Crimes contra a Ordem Tributária,2017-06-08,2024-07-05T23:22:14.590000Z,6,G1,Eletrônico,https://eproc.jfrj.jus.br/eproc/externo_controlador.php?acao=processo_consulta_publica
01330047120174025101,0133004-71.2017.4.02.5101,283,Ação Penal - Procedimento Ordinário,"Crimes de &quot;Lavagem&quot; ou Ocultação de Bens, Direitos ou Valores",2017-06-08,2024-07-06T00:16:00.646000Z,8,G1,Eletrônico,https://eproc.jfrj.jus.br/eproc/externo_controlador.php?acao=processo_consulta_publica
05046540820174025101,0504654-08.2017.4.02.5101,283,Ação Penal - Procedimento Ordinário,"Crimes de &quot;Lavagem&quot; ou Ocultação de Bens, Direitos ou Valores",2017-06-13,2024-07-06T00:37:36.877000Z,24,G1,Eletrônico,https://eproc.jfrj.jus.br/eproc/externo_controlador.php?acao=processo_consulta_publica
05047139320174025101,0504713-93.2017.4.02.5101,279,Inquérito Policial,Falsa identidade ; Falsificação de documento público; Uso de documento falso ,2017-06-14,2024-09-26T20:51:09.000000Z,11,G1,Eletrônico,https://eproc.jfrj.jus.br/eproc/externo_controlador.php?acao=processo_consulta_publica
05046636720174025101,0504663-67.2017.4.02.5101,1717,Alienação de Bens do Acusado,"Crimes de &quot;Lavagem&quot; ou Ocultação de Bens, Direitos ou Valores",2017-06-14,2026-07-15T06:30:13.666000Z,108,G1,Eletrônico,https://eproc.jfrj.jus.br/eproc/externo_controlador.php?acao=processo_consulta_publica
01359649720174025101,0135964-97.2017.4.02.5101,283,Ação Penal - Procedimento Ordinário,"Crimes de &quot;Lavagem&quot; ou Ocultação de Bens, Direitos ou Valores",2017-06-16,2024-07-06T00:17:00.016000Z,5,G1,Eletrônico,https://eproc.jfrj.jus.br/eproc/externo_controlador.php?acao=processo_consulta_publica
05047346920174025101,0504734-69.2017.4.02.5101,279,Inquérito Policial,Contravenções Penais,2017-06-19,2024-07-06T00:37:53.088000Z,6,G1,Eletrônico,https://eproc.jfrj.jus.br/eproc/externo_controlador.php?acao=processo_consulta_publica
05048836520174025101,0504883-65.2017.4.02.5101,279,Inquérito Policial,Contravenções Penais,2017-06-21,2024-07-06T00:38:55.734000Z,3,G1,Eletrônico,https://eproc.jfrj.jus.br/eproc/externo_controlador.php?acao=processo_consulta_publica
05048767320174025101,0504876-73.2017.4.02.5101,279,Inquérito Policial,Contravenções Penais,2017-06-21,2024-07-06T00:38:09.184000Z,2,G1,Eletrônico,https://eproc.jfrj.jus.br/eproc/externo_controlador.php?acao=processo_consulta_publica
50679823420244025101,5067982-34.2024.4.02.5101,283,Ação Penal - Procedimento Ordinário,"Corrupção ativa ; Crimes de &quot;Lavagem&quot; ou Ocultação de Bens, Direitos ou Valores",2017-06-28,2024-10-18T11:36:43.980000Z,3,G1,Eletrônico,https://eproc.jfrj.jus.br/eproc/externo_controlador.php?acao=processo_consulta_publica
05049425320174025101,0504942-53.2017.4.02.5101,313,Pedido de Prisão Preventiva,"Crimes de &quot;Lavagem&quot; ou Ocultação de Bens, Direitos ou Valores",2017-06-28,2024-07-06T00:37:39.814000Z,19,G1,Eletrônico,https://eproc.jfrj.jus.br/eproc/externo_controlador.php?acao=processo_consulta_publica
05051122520174025101,0505112-25.2017.4.02.5101,279,Inquérito Policial,Contravenções Penais,2017-06-30,2024-07-06T00:38:35.674000Z,2,G1,Eletrônico,https://eproc.jfrj.jus.br/eproc/externo_controlador.php?acao=processo_consulta_publica
05050568920174025101,0505056-89.2017.4.02.5101,329,Seqüestro,"Crimes de &quot;Lavagem&quot; ou Ocultação de Bens, Direitos ou Valores",2017-06-30,2026-09-15T22:58:18.835000Z,132,G1,Eletrônico,https://eproc.jfrj.jus.br/eproc/externo_controlador.php?acao=processo_consulta_publica
01432399720174025101,0143239-97.2017.4.02.5101,309,Pedido de Busca e Apreensão Criminal,"Crimes de &quot;Lavagem&quot; ou Ocultação de Bens, Direitos ou Valores",2017-07-02,2026-09-15T22:55:18.202000Z,61,G1,Eletrônico,https://eproc.jfrj.jus.br/eproc/externo_controlador.php?acao=processo_consulta_publica
05049572220174025101,0504957-22.2017.4.02.5101,283,Ação Penal - Procedimento Ordinário,Crimes contra o Sistema Financeiro Nacional,2017-07-03,2024-07-06T00:37:59.303000Z,19,G1,Eletrônico,https://eproc.jfrj.jus.br/eproc/externo_controlador.php?acao=processo_consulta_publica
05050680620174025101,0505068-06.2017.4.02.5101,11955,Cautelar Inominada Criminal,"Crimes de &quot;Lavagem&quot; ou Ocultação de Bens, Direitos ou Valores",2017-07-03,2024-07-06T00:37:24.865000Z,9,G1,Eletrônico,https://eproc.jfrj.jus.br/eproc/externo_controlador.php?acao=processo_consulta_publica
05050741320174025101,0505074-13.2017.4.02.5101,283,Ação Penal - Procedimento Ordinário,"Crimes de &quot;Lavagem&quot; ou Ocultação de Bens, Direitos ou Valores",2017-07-04,2026-06-13T13:57:44.526000Z,43,G1,Eletrônico,https://eproc.jfrj.jus.br/eproc/externo_controlador.php?acao=processo_consulta_publica
05051495220174025101,0505149-52.2017.4.02.5101,11955,Cautelar Inominada Criminal,"Crimes de &quot;Lavagem&quot; ou Ocultação de Bens, Direitos ou Valores",2017-07-06,2026-09-15T22:58:18.395000Z,62,G1,Eletrônico,https://eproc.jfrj.jus.br/eproc/externo_controlador.php?acao=processo_consulta_publica
05051555920174025101,0505155-59.2017.4.02.5101,313,Pedido de Prisão Preventiva,"Crimes de &quot;Lavagem&quot; ou Ocultação de Bens, Direitos ou Valores",2017-07-06,2024-07-06T00:38:22.871000Z,11,G1,Eletrônico,https://eproc.jfrj.jus.br/eproc/externo_controlador.php?acao=processo_consulta_publica
05052075520174025101,0505207-55.2017.4.02.5101,279,Inquérito Policial,Peculato,2017-07-07,2025-12-13T14:56:41.564000Z,3,G1,Eletrônico,https://eproc.jfrj.jus.br/eproc/externo_controlador.php?acao=processo_consulta_publica
05052230920174025101,0505223-09.2017.4.02.5101,1727,Petição Criminal,"Crimes de &quot;Lavagem&quot; ou Ocultação de Bens, Direitos ou Valores",2017-07-11,2024-07-06T00:36:54.601000Z,6,G1,Eletrônico,https://eproc.jfrj.jus.br/eproc/externo_controlador.php?acao=processo_consulta_publica
05052352320174025101,0505235-23.2017.4.02.5101,329,Seqüestro,"Crimes de &quot;Lavagem&quot; ou Ocultação de Bens, Direitos ou Valores",2017-07-12,2026-06-13T14:11:27.037000Z,104,G1,Eletrônico,https://eproc.jfrj.jus.br/eproc/externo_controlador.php?acao=processo_consulta_publica
05052379020174025101,0505237-90.2017.4.02.5101,1727,Petição Criminal,"Crimes de &quot;Lavagem&quot; ou Ocultação de Bens, Direitos ou Valores",2017-07-12,2024-07-06T00:37:44.001000Z,6,G1,Eletrônico,https://eproc.jfrj.jus.br/eproc/externo_controlador.php?acao=processo_consulta_publica
05052387520174025101,0505238-75.2017.4.02.5101,1727,Petição Criminal,"Crimes de &quot;Lavagem&quot; ou Ocultação de Bens, Direitos ou Valores",2017-07-12,2024-07-06T00:37:39.131000Z,4,G1,Eletrônico,https://eproc.jfrj.jus.br/eproc/externo_controlador.php?acao=processo_consulta_publica
05052396020174025101,0505239-60.2017.4.02.5101,1727,Petição Criminal,"Crimes de &quot;Lavagem&quot; ou Ocultação de Bens, Direitos ou Valores",2017-07-12,2024-07-06T00:37:27.833000Z,4,G1,Eletrônico,https://eproc.jfrj.jus.br/eproc/externo_controlador.php?acao=processo_consulta_publica
05052448220174025101,0505244-82.2017.4.02.5101,1727,Petição Criminal,"Crimes de &quot;Lavagem&quot; ou Ocultação de Bens, Direitos ou Valores",2017-07-12,2024-07-06T00:37:46.718000Z,4,G1,Eletrônico,https://eproc.jfrj.jus.br/eproc/externo_controlador.php?acao=processo_consulta_publica
05052456720174025101,0505245-67.2017.4.02.5101,1727,Petição Criminal,"Crimes de &quot;Lavagem&quot; ou Ocultação de Bens, Direitos ou Valores",2017-07-12,2024-07-06T00:38:33.606000Z,19,G1,Eletrônico,https://eproc.jfrj.jus.br/eproc/externo_controlador.php?acao=processo_consulta_publica
05052578120174025101,0505257-81.2017.4.02.5101,1727,Petição Criminal,"Crimes de &quot;Lavagem&quot; ou Ocultação de Bens, Direitos ou Valores",2017-07-12,2024-07-06T00:38:36.133000Z,4,G1,Eletrônico,https://eproc.jfrj.jus.br/eproc/externo_controlador.php?acao=processo_consulta_publica
01484207920174025101,0148420-79.2017.4.02.5101,283,Ação Penal - Procedimento Ordinário,Contravenções Penais,2017-07-13,2024-07-06T00:16:30.414000Z,7,G1,Eletrônico,https://eproc.jfrj.jus.br/eproc/externo_controlador.php?acao=processo_consulta_publica
05052854920174025101,0505285-49.2017.4.02.5101,329,Seqüestro,"Crimes de &quot;Lavagem&quot; ou Ocultação de Bens, Direitos ou Valores",2017-07-14,2024-07-05T23:23:18.503000Z,14,G1,Eletrônico,https://eproc.jfrj.jus.br/eproc/externo_controlador.php?acao=processo_consulta_publica
05052898620174025101,0505289-86.2017.4.02.5101,279,Inquérito Policial,"Crimes de &quot;Lavagem&quot; ou Ocultação de Bens, Direitos ou Valores",2017-07-14,2024-09-26T20:53:15.315000Z,20,G1,Eletrônico,https://eproc.jfrj.jus.br/eproc/externo_controlador.php?acao=processo_consulta_publica
05054526620174025101,0505452-66.2017.4.02.5101,279,Inquérito Policial,Contravenções Penais,2017-07-20,2024-07-06T00:38:09.991000Z,2,G1,Eletrônico,https://eproc.jfrj.jus.br/eproc/externo_controlador.php?acao=processo_consulta_publica
05054941820174025101,0505494-18.2017.4.02.5101,279,Inquérito Policial,Contravenções Penais,2017-07-21,2024-07-06T00:38:11.897000Z,2,G1,Eletrônico,https://eproc.jfrj.jus.br/eproc/externo_controlador.php?acao=processo_consulta_publica
05055739420174025101,0505573-94.2017.4.02.5101,279,Inquérito Policial,Contravenções Penais,2017-07-21,2024-07-06T00:38:07.270000Z,3,G1,Eletrônico,https://eproc.jfrj.jus.br/eproc/externo_controlador.php?acao=processo_consulta_publica
05054612820174025101,0505461-28.2017.4.02.5101,279,Inquérito Policial,Contravenções Penais,2017-07-21,2024-07-06T00:37:15.686000Z,3,G1,Eletrônico,https://eproc.jfrj.jus.br/eproc/externo_controlador.php?acao=processo_consulta_publica
05056085420174025101,0505608-54.2017.4.02.5101,279,Inquérito Policial,Contravenções Penais,2017-07-21,2024-07-05T23:23:29.001000Z,2,G1,Eletrônico,https://eproc.jfrj.jus.br/eproc/externo_controlador.php?acao=processo_consulta_publica
05056041720174025101,0505604-17.2017.4.02.5101,279,Inquérito Policial,Contravenções Penais,2017-07-21,2024-07-05T23:23:28.000000Z,3,G1,Eletrônico,https://eproc.jfrj.jus.br/eproc/externo_controlador.php?acao=processo_consulta_publica
05056561320174025101,0505656-13.2017.4.02.5101,318,Exceção de Suspeição,"Crimes de &quot;Lavagem&quot; ou Ocultação de Bens, Direitos ou Valores",2017-07-28,2024-07-06T00:38:00.087000Z,5,G1,Eletrônico,https://eproc.jfrj.jus.br/eproc/externo_controlador.php?acao=processo_consulta_publica
01559685820174025101,0155968-58.2017.4.02.5101,327,Embargos de Terceiro Criminal,"Crimes de &quot;Lavagem&quot; ou Ocultação de Bens, Direitos ou Valores",2017-07-28,2024-07-06T00:17:13.486000Z,6,G1,Eletrônico,https://eproc.jfrj.jus.br/eproc/externo_controlador.php?acao=processo_consulta_publica
05058293720174025101,0505829-37.2017.4.02.5101,279,Inquérito Policial,Contravenções Penais,2017-08-01,2024-07-06T00:38:26.407000Z,4,G1,Eletrônico,https://eproc.jfrj.jus.br/eproc/externo_controlador.php?acao=processo_consulta_publica
05058276720174025101,0505827-67.2017.4.02.5101,279,Inquérito Policial,Contravenções Penais,2017-08-01,2024-07-06T00:38:03.891000Z,3,G1,Eletrônico,https://eproc.jfrj.jus.br/eproc/externo_controlador.php?acao=processo_consulta_publica
05058536520174025101,0505853-65.2017.4.02.5101,279,Inquérito Policial,Contravenções Penais,2017-08-01,2024-07-06T00:37:00.675000Z,3,G1,Eletrônico,https://eproc.jfrj.jus.br/eproc/externo_controlador.php?acao=processo_consulta_publica
05057055420174025101,0505705-54.2017.4.02.5101,11955,Cautelar Inominada Criminal,"Crimes de &quot;Lavagem&quot; ou Ocultação de Bens, Direitos ou Valores",2017-08-02,2026-09-15T22:57:14.917000Z,19,G1,Eletrônico,https://eproc.jfrj.jus.br/eproc/externo_controlador.php?acao=processo_consulta_publica
05057168320174025101,0505716-83.2017.4.02.5101,318,Exceção de Suspeição,"Crimes de &quot;Lavagem&quot; ou Ocultação de Bens, Direitos ou Valores",2017-08-02,2024-07-06T00:38:26.017000Z,5,G1,Eletrônico,https://eproc.jfrj.jus.br/eproc/externo_controlador.php?acao=processo_consulta_publica
05057419620174025101,0505741-96.2017.4.02.5101,318,Exceção de Suspeição,Contravenções Penais,2017-08-04,2024-07-06T00:38:30.818000Z,5,G1,Eletrônico,https://eproc.jfrj.jus.br/eproc/externo_controlador.php?acao=processo_consulta_publica
50342601420214025101,5034260-14.2021.4.02.5101,283,Ação Penal - Procedimento Ordinário,"Crimes de &quot;Lavagem&quot; ou Ocultação de Bens, Direitos ou Valores",2017-08-08,2024-07-05T23:24:47.379000Z,4,G1,Eletrônico,https://eproc.jfrj.jus.br/eproc/externo_controlador.php?acao=processo_consulta_publica
05059142320174025101,0505914-23.2017.4.02.5101,283,Ação Penal - Procedimento Ordinário,"Crimes de &quot;Lavagem&quot; ou Ocultação de Bens, Direitos ou Valores",2017-08-08,2024-12-13T17:54:03.943000Z,43,G1,Eletrônico,https://eproc.jfrj.jus.br/eproc/externo_controlador.php?acao=processo_consulta_publica
05060363620174025101,0506036-36.2017.4.02.5101,279,Inquérito Policial,Contravenções Penais,2017-08-14,2024-07-06T00:38:31.900000Z,3,G1,Eletrônico,https://eproc.jfrj.jus.br/eproc/externo_controlador.php?acao=processo_consulta_publica
05060926920174025101,0506092-69.2017.4.02.5101,279,Inquérito Policial,Contravenções Penais,2017-08-14,2024-07-06T00:38:23.919000Z,3,G1,Eletrônico,https://eproc.jfrj.jus.br/eproc/externo_controlador.php?acao=processo_consulta_publica
05059056120174025101,0505905-61.2017.4.02.5101,279,Inquérito Policial,Contravenções Penais,2017-08-14,2024-07-06T00:39:22.646000Z,2,G1,Eletrônico,https://eproc.jfrj.jus.br/eproc/externo_controlador.php?acao=processo_consulta_publica
05060069820174025101,0506006-98.2017.4.02.5101,279,Inquérito Policial,Contravenções Penais,2017-08-14,2024-07-05T23:23:28.904000Z,3,G1,Eletrônico,https://eproc.jfrj.jus.br/eproc/externo_controlador.php?acao=processo_consulta_publica
05060078320174025101,0506007-83.2017.4.02.5101,279,Inquérito Policial,Falsidade ideológica ,2017-08-14,2024-07-05T23:23:29.466000Z,3,G1,Eletrônico,https://eproc.jfrj.jus.br/eproc/externo_controlador.php?acao=processo_consulta_publica
05061212220174025101,0506121-22.2017.4.02.5101,279,Inquérito Policial,Contravenções Penais,2017-08-14,2024-07-06T00:37:57.348000Z,4,G1,Eletrônico,https://eproc.jfrj.jus.br/eproc/externo_controlador.php?acao=processo_consulta_publica
05060225220174025101,0506022-52.2017.4.02.5101,279,Inquérito Policial,Contravenções Penais,2017-08-14,2024-07-06T00:38:27.512000Z,2,G1,Eletrônico,https://eproc.jfrj.jus.br/eproc/externo_controlador.php?acao=processo_consulta_publica
05060761820174025101,0506076-18.2017.4.02.5101,279,Inquérito Policial,Contravenções Penais,2017-08-14,2024-07-06T00:39:28.751000Z,2,G1,Eletrônico,https://eproc.jfrj.jus.br/eproc/externo_controlador.php?acao=processo_consulta_publica
05061559420174025101,0506155-94.2017.4.02.5101,261,Carta Precatória Cível,Suspensão,2017-08-16,2024-07-06T00:38:06.980000Z,5,G1,Eletrônico,https://eproc.jfrj.jus.br/eproc/externo_controlador.php?acao=processo_consulta_publica
05061576420174025101,0506157-64.2017.4.02.5101,355,Carta Precatória Criminal,Suspensão,2017-08-16,2024-07-06T00:38:05.339000Z,3,G1,Eletrônico,https://eproc.jfrj.jus.br/eproc/externo_controlador.php?acao=processo_consulta_publica
05061767020174025101,0506176-70.2017.4.02.5101,355,Carta Precatória Criminal,Suspensão,2017-08-16,2024-07-06T00:38:51.576000Z,2,G1,Eletrônico,https://eproc.jfrj.jus.br/eproc/externo_controlador.php?acao=processo_consulta_publica
05062381320174025101,0506238-13.2017.4.02.5101,279,Inquérito Policial,Contravenções Penais,2017-08-18,2024-07-06T00:38:20.409000Z,2,G1,Eletrônico,https://eproc.jfrj.jus.br/eproc/externo_controlador.php?acao=processo_consulta_publica
05056276020174025101,0505627-60.2017.4.02.5101,279,Inquérito Policial,Crimes Resultante de Preconceito de Raça ou de Cor,2017-08-18,2024-07-05T23:23:16.626000Z,2,G1,Eletrônico,https://eproc.jfrj.jus.br/eproc/externo_controlador.php?acao=processo_consulta_publica
05062251420174025101,0506225-14.2017.4.02.5101,279,Inquérito Policial,Contravenções Penais,2017-08-18,2024-07-06T00:37:24.365000Z,3,G1,Eletrônico,https://eproc.jfrj.jus.br/eproc/externo_controlador.php?acao=processo_consulta_publica
05062286620174025101,0506228-66.2017.4.02.5101,279,Inquérito Policial,Contravenções Penais,2017-08-18,2024-07-06T00:38:14.551000Z,3,G1,Eletrônico,https://eproc.jfrj.jus.br/eproc/externo_controlador.php?acao=processo_consulta_publica
05062667820174025101,0506266-78.2017.4.02.5101,279,Inquérito Policial,"Crimes de &quot;Lavagem&quot; ou Ocultação de Bens, Direitos ou Valores",2017-08-18,2026-09-15T22:58:26.983000Z,28,G1,Eletrônico,https://eproc.jfrj.jus.br/eproc/externo_controlador.php?acao=processo_consulta_publica
05062840220174025101,0506284-02.2017.4.02.5101,355,Carta Precatória Criminal,Suspensão,2017-08-22,2026-06-13T14:01:17.828000Z,50,G1,Eletrônico,https://eproc.jfrj.jus.br/eproc/externo_controlador.php?acao=processo_consulta_publica
05026482820174025101,0502648-28.2017.4.02.5101,283,Ação Penal - Procedimento Ordinário,"Crimes de &quot;Lavagem&quot; ou Ocultação de Bens, Direitos ou Valores",2017-08-25,2024-07-06T00:37:49.779000Z,7,G1,Eletrônico,https://eproc.jfrj.jus.br/eproc/externo_controlador.php?acao=processo_consulta_publica
05065014520174025101,0506501-45.2017.4.02.5101,283,Ação Penal - Procedimento Ordinário,"Concussão ; Corrupção ativa ; Corrupção passiva ; Crimes contra o Sistema Financeiro Nacional; Crimes de &quot;Lavagem&quot; ou Ocultação de Bens, Direitos ou Valores",2017-08-29,2026-06-13T14:09:21.955000Z,46,G1,Eletrônico,https://eproc.jfrj.jus.br/eproc/externo_controlador.php?acao=processo_consulta_publica
05064599320174025101,0506459-93.2017.4.02.5101,279,Inquérito Policial,Contravenções Penais,2017-08-30,2024-07-06T00:38:36.158000Z,2,G1,Eletrônico,https://eproc.jfrj.jus.br/eproc/externo_controlador.php?acao=processo_consulta_publica
05064633320174025101,0506463-33.2017.4.02.5101,279,Inquérito Policial,Contravenções Penais,2017-08-30,2024-07-06T00:38:08.022000Z,3,G1,Eletrônico,https://eproc.jfrj.jus.br/eproc/externo_controlador.php?acao=processo_consulta_publica
01735827620174025101,0173582-76.2017.4.02.5101,327,Embargos de Terceiro Criminal,Contravenções Penais,2017-09-01,2024-07-06T00:36:25.746000Z,4,G1,Eletrônico,https://eproc.jfrj.jus.br/eproc/externo_controlador.php?acao=processo_consulta_publica
05009713320174025110,0500971-33.2017.4.02.5110,279,Inquérito Policial,Contravenções Penais,2017-09-01,2024-07-05T23:22:14.395000Z,2,G1,Eletrônico,https://eproc.jfrj.jus.br/eproc/externo_controlador.php?acao=processo_consulta_publica
01740711620174025101,0174071-16.2017.4.02.5101,283,Ação Penal - Procedimento Ordinário,"Crimes de &quot;Lavagem&quot; ou Ocultação de Bens, Direitos ou Valores",2017-09-03,2026-09-15T22:56:01.711000Z,19,G1,Eletrônico,https://eproc.jfrj.jus.br/eproc/externo_controlador.php?acao=processo_consulta_publica
05026526520174025101,0502652-65.2017.4.02.5101,283,Ação Penal - Procedimento Ordinário,Contrabando ou descaminho ,2017-09-03,2026-06-13T13:52:19.528000Z,17,G1,Eletrônico,https://eproc.jfrj.jus.br/eproc/externo_controlador.php?acao=processo_consulta_publica
05026535020174025101,0502653-50.2017.4.02.5101,279,Inquérito Policial,Contravenções Penais,2017-09-05,2026-09-15T22:51:58.096000Z,6,G1,Eletrônico,https://eproc.jfrj.jus.br/eproc/externo_controlador.php?acao=processo_consulta_publica
05065776920174025101,0506577-69.2017.4.02.5101,318,Exceção de Suspeição,"Crimes de &quot;Lavagem&quot; ou Ocultação de Bens, Direitos ou Valores",2017-09-05,2024-07-06T00:37:53.520000Z,5,G1,Eletrônico,https://eproc.jfrj.jus.br/eproc/externo_controlador.php?acao=processo_consulta_publica
05068911520174025101,0506891-15.2017.4.02.5101,279,Inquérito Policial,Contravenções Penais,2017-09-08,2024-07-06T00:38:09.380000Z,3,G1,Eletrônico,https://eproc.jfrj.jus.br/eproc/externo_controlador.php?acao=processo_consulta_publica
05066149620174025101,0506614-96.2017.4.02.5101,283,Ação Penal - Procedimento Ordinário,Falsidade ideológica ; Falsificação de documento particular ; Peculato; Uso de documento falso ,2017-09-11,2025-10-14T07:49:51.982000Z,27,G1,Eletrônico,https://eproc.jfrj.jus.br/eproc/externo_controlador.php?acao=processo_consulta_publica
05066460420174025101,0506646-04.2017.4.02.5101,283,Ação Penal - Procedimento Ordinário,"Crimes de &quot;Lavagem&quot; ou Ocultação de Bens, Direitos ou Valores",2017-09-13,2024-07-06T00:37:56.009000Z,6,G1,Eletrônico,https://eproc.jfrj.jus.br/eproc/externo_controlador.php?acao=processo_consulta_publica
05066642520174025101,0506664-25.2017.4.02.5101,1727,Petição Criminal,"Crimes de &quot;Lavagem&quot; ou Ocultação de Bens, Direitos ou Valores",2017-09-13,2024-07-06T00:37:56.854000Z,5,G1,Eletrônico,https://eproc.jfrj.jus.br/eproc/externo_controlador.php?acao=processo_consulta_publica
05001164520174025113,0500116-45.2017.4.02.5113,279,Inquérito Policial,Contravenções Penais,2017-09-14,2024-07-06T00:37:09.517000Z,3,G1,Eletrônico,https://eproc.jfrj.jus.br/eproc/externo_controlador.php?acao=processo_consulta_publica
05070721620174025101,0507072-16.2017.4.02.5101,279,Inquérito Policial,Contravenções Penais,2017-09-15,2025-01-13T18:46:17.014000Z,2,G1,Eletrônico,https://eproc.jfrj.jus.br/eproc/externo_controlador.php?acao=processo_consulta_publica
05071458520174025101,0507145-85.2017.4.02.5101,329,Seqüestro,Contravenções Penais,2017-09-25,2024-07-06T00:38:33.038000Z,7,G1,Eletrônico,https://eproc.jfrj.jus.br/eproc/externo_controlador.php?acao=processo_consulta_publica
05073788220174025101,0507378-82.2017.4.02.5101,279,Inquérito Policial,Crimes da Lei de licitações,2017-10-02,2024-07-06T00:37:57.520000Z,3,G1,Eletrônico,https://eproc.jfrj.jus.br/eproc/externo_controlador.php?acao=processo_consulta_publica
05074532420174025101,0507453-24.2017.4.02.5101,279,Inquérito Policial,Contravenções Penais,2017-10-02,2024-07-06T00:38:59.713000Z,2,G1,Eletrônico,https://eproc.jfrj.jus.br/eproc/externo_controlador.php?acao=processo_consulta_publica
05074021320174025101,0507402-13.2017.4.02.5101,279,Inquérito Policial,Contravenções Penais,2017-10-02,2024-07-06T00:37:58.910000Z,3,G1,Eletrônico,https://eproc.jfrj.jus.br/eproc/externo_controlador.php?acao=processo_consulta_publica
05074402520174025101,0507440-25.2017.4.02.5101,279,Inquérito Policial,Contravenções Penais,2017-10-02,2024-07-06T00:37:53.539000Z,2,G1,Eletrônico,https://eproc.jfrj.jus.br/eproc/externo_controlador.php?acao=processo_consulta_publica
01899133620174025101,0189913-36.2017.4.02.5101,1717,Alienação de Bens do Acusado,"Crimes de &quot;Lavagem&quot; ou Ocultação de Bens, Direitos ou Valores",2017-10-04,2026-09-15T22:51:39.429000Z,68,G1,Eletrônico,https://eproc.jfrj.jus.br/eproc/externo_controlador.php?acao=processo_consulta_publica
05074714520174025101,0507471-45.2017.4.02.5101,283,Ação Penal - Procedimento Ordinário,"Crimes de &quot;Lavagem&quot; ou Ocultação de Bens, Direitos ou Valores",2017-10-05,2026-09-15T22:52:00.918000Z,59,G1,Eletrônico,https://eproc.jfrj.jus.br/eproc/externo_controlador.php?acao=processo_consulta_publica
05074723020174025101,0507472-30.2017.4.02.5101,283,Ação Penal - Procedimento Ordinário,"Crimes de &quot;Lavagem&quot; ou Ocultação de Bens, Direitos ou Valores",2017-10-05,2024-07-06T00:38:50.684000Z,9,G1,Eletrônico,https://eproc.jfrj.jus.br/eproc/externo_controlador.php?acao=processo_consulta_publica
05075952820174025101,0507595-28.2017.4.02.5101,279,Inquérito Policial,Contravenções Penais,2017-10-06,2024-11-13T21:25:45.303000Z,3,G1,Eletrônico,https://eproc.jfrj.jus.br/eproc/externo_controlador.php?acao=processo_consulta_publica
05075320320174025101,0507532-03.2017.4.02.5101,283,Ação Penal - Procedimento Ordinário,"Crimes de &quot;Lavagem&quot; ou Ocultação de Bens, Direitos ou Valores",2017-10-10,2024-07-06T00:37:59.179000Z,6,G1,Eletrônico,https://eproc.jfrj.jus.br/eproc/externo_controlador.php?acao=processo_consulta_publica
05075338520174025101,0507533-85.2017.4.02.5101,241,Petição Cível,"Crimes de &quot;Lavagem&quot; ou Ocultação de Bens, Direitos ou Valores",2017-10-10,2024-07-06T00:37:59.582000Z,5,G1,Eletrônico,https://eproc.jfrj.jus.br/eproc/externo_controlador.php?acao=processo_consulta_publica
01950578820174025101,0195057-88.2017.4.02.5101,327,Embargos de Terceiro Criminal,"Crimes de &quot;Lavagem&quot; ou Ocultação de Bens, Direitos ou Valores",2017-10-17,2024-07-06T00:36:00.085000Z,7,G1,Eletrônico,https://eproc.jfrj.jus.br/eproc/externo_controlador.php?acao=processo_consulta_publica
01965587720174025101,0196558-77.2017.4.02.5101,283,Ação Penal - Procedimento Ordinário,"Crimes de &quot;Lavagem&quot; ou Ocultação de Bens, Direitos ou Valores",2017-10-18,2024-07-06T00:36:16.051000Z,29,G1,Eletrônico,https://eproc.jfrj.jus.br/eproc/externo_controlador.php?acao=processo_consulta_publica
01982034020174025101,0198203-40.2017.4.02.5101,283,Ação Penal - Procedimento Ordinário,"Crimes de &quot;Lavagem&quot; ou Ocultação de Bens, Direitos ou Valores",2017-10-20,2024-07-06T00:35:35.050000Z,3,G1,Eletrônico,https://eproc.jfrj.jus.br/eproc/externo_controlador.php?acao=processo_consulta_publica
05077364720174025101,0507736-47.2017.4.02.5101,279,Inquérito Policial,Contravenções Penais,2017-10-23,2024-07-06T00:38:38.901000Z,2,G1,Eletrônico,https://eproc.jfrj.jus.br/eproc/externo_controlador.php?acao=processo_consulta_publica
05077408420174025101,0507740-84.2017.4.02.5101,279,Inquérito Policial,Contravenções Penais,2017-10-23,2024-07-06T00:38:57.997000Z,2,G1,Eletrônico,https://eproc.jfrj.jus.br/eproc/externo_controlador.php?acao=processo_consulta_publica
05077165620174025101,0507716-56.2017.4.02.5101,279,Inquérito Policial,Contravenções Penais,2017-10-23,2024-07-06T00:38:46.268000Z,3,G1,Eletrônico,https://eproc.jfrj.jus.br/eproc/externo_controlador.php?acao=processo_consulta_publica
05077121920174025101,0507712-19.2017.4.02.5101,279,Inquérito Policial,Contravenções Penais,2017-10-23,2024-07-06T00:38:53.815000Z,2,G1,Eletrônico,https://eproc.jfrj.jus.br/eproc/externo_controlador.php?acao=processo_consulta_publica
02013607620174025115,0201360-76.2017.4.02.5115,283,Ação Penal - Procedimento Ordinário,Inserção de dados falsos em sistema de informações ,2017-10-27,2026-06-13T13:59:37.303000Z,26,G1,Eletrônico,https://eproc.jfrj.jus.br/eproc/externo_controlador.php?acao=processo_consulta_publica
02046885620174025101,0204688-56.2017.4.02.5101,313,Pedido de Prisão Preventiva,"Crimes de &quot;Lavagem&quot; ou Ocultação de Bens, Direitos ou Valores",2017-11-06,2024-11-13T21:12:18.383000Z,12,G1,Eletrônico,https://eproc.jfrj.jus.br/eproc/externo_controlador.php?acao=processo_consulta_publica
02050679420174025101,0205067-94.2017.4.02.5101,309,Pedido de Busca e Apreensão Criminal,"Crimes de &quot;Lavagem&quot; ou Ocultação de Bens, Direitos ou Valores",2017-11-06,2025-04-14T14:30:15.531000Z,14,G1,Eletrônico,https://eproc.jfrj.jus.br/eproc/externo_controlador.php?acao=processo_consulta_publica
02052229720174025101,0205222-97.2017.4.02.5101,329,Seqüestro,"Crimes de &quot;Lavagem&quot; ou Ocultação de Bens, Direitos ou Valores",2017-11-07,2025-02-13T20:41:02.731000Z,27,G1,Eletrônico,https://eproc.jfrj.jus.br/eproc/externo_controlador.php?acao=processo_consulta_publica
05090286720174025101,0509028-67.2017.4.02.5101,279,Inquérito Policial,Contravenções Penais,2017-11-08,2024-07-06T00:38:08.016000Z,2,G1,Eletrônico,https://eproc.jfrj.jus.br/eproc/externo_controlador.php?acao=processo_consulta_publica
05091351420174025101,0509135-14.2017.4.02.5101,1727,Petição Criminal,"Crimes de &quot;Lavagem&quot; ou Ocultação de Bens, Direitos ou Valores",2017-11-08,2026-06-13T14:14:47.895000Z,47,G1,Eletrônico,https://eproc.jfrj.jus.br/eproc/externo_controlador.php?acao=processo_consulta_publica
05079252520174025101,0507925-25.2017.4.02.5101,279,Inquérito Policial,Contravenções Penais,2017-11-08,2024-07-06T00:37:58.670000Z,2,G1,Eletrônico,https://eproc.jfrj.jus.br/eproc/externo_controlador.php?acao=processo_consulta_publica
05091533520174025101,0509153-35.2017.4.02.5101,313,Pedido de Prisão Preventiva,"Crimes de &quot;Lavagem&quot; ou Ocultação de Bens, Direitos ou Valores",2017-11-09,2026-06-13T14:12:46.072000Z,52,G1,Eletrônico,https://eproc.jfrj.jus.br/eproc/externo_controlador.php?acao=processo_consulta_publica
05091542020174025101,0509154-20.2017.4.02.5101,309,Pedido de Busca e Apreensão Criminal,"Crimes de &quot;Lavagem&quot; ou Ocultação de Bens, Direitos ou Valores",2017-11-09,2024-07-06T00:38:24.971000Z,12,G1,Eletrônico,https://eproc.jfrj.jus.br/eproc/externo_controlador.php?acao=processo_consulta_publica
05091550520174025101,0509155-05.2017.4.02.5101,329,Seqüestro,"Crimes de &quot;Lavagem&quot; ou Ocultação de Bens, Direitos ou Valores",2017-11-09,2025-06-14T05:45:43.399000Z,61,G1,Eletrônico,https://eproc.jfrj.jus.br/eproc/externo_controlador.php?acao=processo_consulta_publica
05091637920174025101,0509163-79.2017.4.02.5101,327,Embargos de Terceiro Criminal,"Crimes de &quot;Lavagem&quot; ou Ocultação de Bens, Direitos ou Valores",2017-11-10,2024-07-06T00:38:26.718000Z,6,G1,Eletrônico,https://eproc.jfrj.jus.br/eproc/externo_controlador.php?acao=processo_consulta_publica
05091057620174025101,0509105-76.2017.4.02.5101,313,Pedido de Prisão Preventiva,"Crimes de &quot;Lavagem&quot; ou Ocultação de Bens, Direitos ou Valores",2017-11-14,2024-07-06T00:38:38.201000Z,4,G1,Eletrônico,https://eproc.jfrj.jus.br/eproc/externo_controlador.php?acao=processo_consulta_publica
05091066120174025101,0509106-61.2017.4.02.5101,309,Pedido de Busca e Apreensão Criminal,"Crimes de &quot;Lavagem&quot; ou Ocultação de Bens, Direitos ou Valores",2017-11-14,2024-07-06T00:39:27.963000Z,11,G1,Eletrônico,https://eproc.jfrj.jus.br/eproc/externo_controlador.php?acao=processo_consulta_publica
05091213020174025101,0509121-30.2017.4.02.5101,313,Pedido de Prisão Preventiva,"Crimes de &quot;Lavagem&quot; ou Ocultação de Bens, Direitos ou Valores",2017-11-16,2024-09-26T20:40:33.489000Z,19,G1,Eletrônico,https://eproc.jfrj.jus.br/eproc/externo_controlador.php?acao=processo_consulta_publica
05091221520174025101,0509122-15.2017.4.02.5101,309,Pedido de Busca e Apreensão Criminal,"Crimes de &quot;Lavagem&quot; ou Ocultação de Bens, Direitos ou Valores",2017-11-16,2024-07-06T00:38:46.550000Z,8,G1,Eletrônico,https://eproc.jfrj.jus.br/eproc/externo_controlador.php?acao=processo_consulta_publica
02104999420174025101,0210499-94.2017.4.02.5101,329,Seqüestro,"Crimes de &quot;Lavagem&quot; ou Ocultação de Bens, Direitos ou Valores",2017-11-16,2024-07-05T23:22:48.775000Z,11,G1,Eletrônico,https://eproc.jfrj.jus.br/eproc/externo_controlador.php?acao=processo_consulta_publica
05092287420174025101,0509228-74.2017.4.02.5101,279,Inquérito Policial,Contravenções Penais,2017-11-17,2024-10-18T11:27:41.815000Z,3,G1,Eletrônico,https://eproc.jfrj.jus.br/eproc/externo_controlador.php?acao=processo_consulta_publica
05092382120174025101,0509238-21.2017.4.02.5101,279,Inquérito Policial,Contravenções Penais,2017-11-17,2024-07-06T00:38:01.908000Z,6,G1,Eletrônico,https://eproc.jfrj.jus.br/eproc/externo_controlador.php?acao=processo_consulta_publica
05092650420174025101,0509265-04.2017.4.02.5101,329,Seqüestro,"Crimes de &quot;Lavagem&quot; ou Ocultação de Bens, Direitos ou Valores",2017-11-21,2026-06-13T13:58:17.227000Z,21,G1,Eletrônico,https://eproc.jfrj.jus.br/eproc/externo_controlador.php?acao=processo_consulta_publica
05092668620174025101,0509266-86.2017.4.02.5101,329,Seqüestro,"Crimes de &quot;Lavagem&quot; ou Ocultação de Bens, Direitos ou Valores",2017-11-21,2024-11-13T21:23:20.119000Z,17,G1,Eletrônico,https://eproc.jfrj.jus.br/eproc/externo_controlador.php?acao=processo_consulta_publica
05005358020174025108,0500535-80.2017.4.02.5108,283,Ação Penal - Procedimento Ordinário,Estelionato Majorado ,2017-11-22,2024-09-26T20:51:28.039000Z,22,G1,Eletrônico,https://eproc.jfrj.jus.br/eproc/externo_controlador.php?acao=processo_consulta_publica
02125853820174025101,0212585-38.2017.4.02.5101,310,Pedido de Quebra de Sigilo de Dados e/ou Telefônico,"Crimes de &quot;Lavagem&quot; ou Ocultação de Bens, Direitos ou Valores",2017-11-22,2024-07-06T00:37:14.777000Z,2,G1,Eletrônico,https://eproc.jfrj.jus.br/eproc/externo_controlador.php?acao=processo_consulta_publica
05093291420174025101,0509329-14.2017.4.02.5101,326,Restituição de Coisas Apreendidas,Contravenções Penais,2017-11-28,2024-07-06T00:38:50.195000Z,3,G1,Eletrônico,https://eproc.jfrj.jus.br/eproc/externo_controlador.php?acao=processo_consulta_publica
02164134220174025101,0216413-42.2017.4.02.5101,327,Embargos de Terceiro Criminal,"Crimes de &quot;Lavagem&quot; ou Ocultação de Bens, Direitos ou Valores",2017-11-30,2024-07-06T00:36:10.912000Z,5,G1,Eletrônico,https://eproc.jfrj.jus.br/eproc/externo_controlador.php?acao=processo_consulta_publica
05095145220174025101,0509514-52.2017.4.02.5101,1727,Petição Criminal,"Crimes de &quot;Lavagem&quot; ou Ocultação de Bens, Direitos ou Valores",2017-12-05,2024-07-06T00:37:17.179000Z,22,G1,Eletrônico,https://eproc.jfrj.jus.br/eproc/externo_controlador.php?acao=processo_consulta_publica
05095205920174025101,0509520-59.2017.4.02.5101,1727,Petição Criminal,Contravenções Penais,2017-12-05,2024-07-06T00:38:43.980000Z,8,G1,Eletrônico,https://eproc.jfrj.jus.br/eproc/externo_controlador.php?acao=processo_consulta_publica
02228068020174025101,0222806-80.2017.4.02.5101,309,Pedido de Busca e Apreensão Criminal,Contravenções Penais,2017-12-11,2024-07-06T00:36:38.680000Z,4,G1,Eletrônico,https://eproc.jfrj.jus.br/eproc/externo_controlador.php?acao=processo_consulta_publica
02228206420174025101,0222820-64.2017.4.02.5101,329,Seqüestro,Contravenções Penais,2017-12-11,2024-07-06T00:36:40.509000Z,10,G1,Eletrônico,https://eproc.jfrj.jus.br/eproc/externo_controlador.php?acao=processo_consulta_publica
02228284120174025101,0222828-41.2017.4.02.5101,309,Pedido de Busca e Apreensão Criminal,Contravenções Penais,2017-12-11,2024-09-26T21:12:22.130000Z,36,G1,Eletrônico,https://eproc.jfrj.jus.br/eproc/externo_controlador.php?acao=processo_consulta_publica
02228327820174025101,0222832-78.2017.4.02.5101,329,Seqüestro,"Crimes de &quot;Lavagem&quot; ou Ocultação de Bens, Direitos ou Valores",2017-12-11,2026-06-13T13:54:57.316000Z,89,G1,Eletrônico,https://eproc.jfrj.jus.br/eproc/externo_controlador.php?acao=processo_consulta_publica
05096825420174025101,0509682-54.2017.4.02.5101,279,Inquérito Policial,Contravenções Penais,2017-12-12,2024-07-06T00:38:43.594000Z,2,G1,Eletrônico,https://eproc.jfrj.jus.br/eproc/externo_controlador.php?acao=processo_consulta_publica
05096192920174025101,0509619-29.2017.4.02.5101,279,Inquérito Policial,Contravenções Penais,2017-12-12,2024-07-06T00:38:12.719000Z,2,G1,Eletrônico,https://eproc.jfrj.jus.br/eproc/externo_controlador.php?acao=processo_consulta_publica
05096098220174025101,0509609-82.2017.4.02.5101,279,Inquérito Policial,Contravenções Penais,2017-12-12,2024-07-06T00:39:05.170000Z,2,G1,Eletrônico,https://eproc.jfrj.jus.br/eproc/externo_controlador.php?acao=processo_consulta_publica
05096140720174025101,0509614-07.2017.4.02.5101,279,Inquérito Policial,Contravenções Penais,2017-12-12,2024-07-06T00:37:59.830000Z,2,G1,Eletrônico,https://eproc.jfrj.jus.br/eproc/externo_controlador.php?acao=processo_consulta_publica
05095907620174025101,0509590-76.2017.4.02.5101,283,Ação Penal - Procedimento Ordinário,Moeda Falsa / Assimilados,2017-12-12,2024-07-06T00:38:06.562000Z,8,G1,Eletrônico,https://eproc.jfrj.jus.br/eproc/externo_controlador.php?acao=processo_consulta_publica
05096955320174025101,0509695-53.2017.4.02.5101,279,Inquérito Policial,Contravenções Penais,2017-12-12,2024-10-18T11:25:50.279000Z,21,G1,Eletrônico,https://eproc.jfrj.jus.br/eproc/externo_controlador.php?acao=processo_consulta_publica
05097648520174025101,0509764-85.2017.4.02.5101,1727,Petição Criminal,"Crimes de &quot;Lavagem&quot; ou Ocultação de Bens, Direitos ou Valores",2017-12-13,2024-07-06T00:38:01.221000Z,5,G1,Eletrônico,https://eproc.jfrj.jus.br/eproc/externo_controlador.php?acao=processo_consulta_publica
05097743220174025101,0509774-32.2017.4.02.5101,11955,Cautelar Inominada Criminal,"Crimes de &quot;Lavagem&quot; ou Ocultação de Bens, Direitos ou Valores",2017-12-13,2024-07-06T00:38:49.717000Z,21,G1,Eletrônico,https://eproc.jfrj.jus.br/eproc/externo_controlador.php?acao=processo_consulta_publica
05097751720174025101,0509775-17.2017.4.02.5101,283,Ação Penal - Procedimento Ordinário,Crimes contra a Ordem Tributária,2017-12-13,2025-10-14T13:34:51.829000Z,72,G1,Eletrônico,https://eproc.jfrj.jus.br/eproc/externo_controlador.php?acao=processo_consulta_publica
05097994520174025101,0509799-45.2017.4.02.5101,283,Ação Penal - Procedimento Ordinário,"Crimes de &quot;Lavagem&quot; ou Ocultação de Bens, Direitos ou Valores",2017-12-15,2026-08-21T00:07:25.072000Z,23,G1,Eletrônico,https://eproc.jfrj.jus.br/eproc/externo_controlador.php?acao=processo_consulta_publica
05098011520174025101,0509801-15.2017.4.02.5101,1727,Petição Criminal,"Crimes de &quot;Lavagem&quot; ou Ocultação de Bens, Direitos ou Valores",2017-12-15,2024-07-06T00:38:13.289000Z,10,G1,Eletrônico,https://eproc.jfrj.jus.br/eproc/externo_controlador.php?acao=processo_consulta_publica
05098289520174025101,0509828-95.2017.4.02.5101,283,Ação Penal - Procedimento Ordinário,"Crimes de &quot;Lavagem&quot; ou Ocultação de Bens, Direitos ou Valores",2017-12-18,2024-07-06T00:37:49.668000Z,3,G1,Eletrônico,https://eproc.jfrj.jus.br/eproc/externo_controlador.php?acao=processo_consulta_publica
05098427920174025101,0509842-79.2017.4.02.5101,283,Ação Penal - Procedimento Ordinário,"Crimes de &quot;Lavagem&quot; ou Ocultação de Bens, Direitos ou Valores",2017-12-19,2025-06-14T05:51:16.898000Z,28,G1,Eletrônico,https://eproc.jfrj.jus.br/eproc/externo_controlador.php?acao=processo_consulta_publica
05098436420174025101,0509843-64.2017.4.02.5101,1733,Procedimento Investigatório Criminal (PIC-MP) ,"Crimes de &quot;Lavagem&quot; ou Ocultação de Bens, Direitos ou Valores",2017-12-19,2024-07-06T00:38:29.417000Z,5,G1,Eletrônico,https://eproc.jfrj.jus.br/eproc/externo_controlador.php?acao=processo_consulta_publica
05098790920174025101,0509879-09.2017.4.02.5101,279,Inquérito Policial,Contravenções Penais,2017-12-19,2025-09-13T15:20:43.354000Z,3,G1,Eletrônico,https://eproc.jfrj.jus.br/eproc/externo_controlador.php?acao=processo_consulta_publica
05099839820174025101,0509983-98.2017.4.02.5101,279,Inquérito Policial,Contravenções Penais,2017-12-19,2024-07-06T00:38:53.585000Z,2,G1,Eletrônico,https://eproc.jfrj.jus.br/eproc/externo_controlador.php?acao=processo_consulta_publica
50390717520254025101,5039071-75.2025.4.02.5101,283,Ação Penal - Procedimento Ordinário,"Crimes de &quot;Lavagem&quot; ou Ocultação de Bens, Direitos ou Valores",2017-12-19,2025-05-13T23:11:48.893000Z,2,G1,Eletrônico,https://eproc.jfrj.jus.br/eproc/externo_controlador.php?acao=processo_consulta_publica
02314155220174025101,0231415-52.2017.4.02.5101,283,Ação Penal - Procedimento Ordinário,"Crimes de &quot;Lavagem&quot; ou Ocultação de Bens, Direitos ou Valores",2017-12-19,2025-06-14T06:02:18.068000Z,18,G1,Eletrônico,https://eproc.jfrj.jus.br/eproc/externo_controlador.php?acao=processo_consulta_publica
02314389520174025101,0231438-95.2017.4.02.5101,283,Ação Penal - Procedimento Ordinário,"Crimes de &quot;Lavagem&quot; ou Ocultação de Bens, Direitos ou Valores",2017-12-19,2026-09-15T22:58:21.781000Z,46,G1,Eletrônico,https://eproc.jfrj.jus.br/eproc/externo_controlador.php?acao=processo_consulta_publica
05030057120184025101,0503005-71.2018.4.02.5101,279,Inquérito Policial,Tráfico de Drogas e Condutas Afins,2018-01-08,2024-07-06T00:37:16.711000Z,15,G1,Eletrônico,https://eproc.jfrj.jus.br/eproc/externo_controlador.php?acao=processo_consulta_publica
05020097320184025101,0502009-73.2018.4.02.5101,283,Ação Penal - Procedimento Ordinário,Crimes de Tráfico Ilícito e Uso Indevido de Drogas,2018-01-09,2024-07-05T23:22:52.229000Z,8,G1,Eletrônico,https://eproc.jfrj.jus.br/eproc/externo_controlador.php?acao=processo_consulta_publica
05030784320184025101,0503078-43.2018.4.02.5101,279,Inquérito Policial,Contravenções Penais,2018-01-12,2024-07-06T00:37:20.706000Z,2,G1,Eletrônico,https://eproc.jfrj.jus.br/eproc/externo_controlador.php?acao=processo_consulta_publica
00046396220184025101,0004639-62.2018.4.02.5101,283,Ação Penal - Procedimento Ordinário,"Crimes de &quot;Lavagem&quot; ou Ocultação de Bens, Direitos ou Valores",2018-01-12,2024-07-05T22:14:15.187000Z,4,G1,Eletrônico,https://eproc.jfrj.jus.br/eproc/externo_controlador.php?acao=processo_consulta_publica
00046482420184025101,0004648-24.2018.4.02.5101,313,Pedido de Prisão Preventiva,"Crimes de &quot;Lavagem&quot; ou Ocultação de Bens, Direitos ou Valores",2018-01-12,2026-07-15T06:30:13.997000Z,26,G1,Eletrônico,https://eproc.jfrj.jus.br/eproc/externo_controlador.php?acao=processo_consulta_publica
05020443320184025101,0502044-33.2018.4.02.5101,1727,Petição Criminal,"Crimes de &quot;Lavagem&quot; ou Ocultação de Bens, Direitos ou Valores",2018-01-12,2024-07-06T00:37:53.078000Z,4,G1,Eletrônico,https://eproc.jfrj.jus.br/eproc/externo_controlador.php?acao=processo_consulta_publica
05020677620184025101,0502067-76.2018.4.02.5101,283,Ação Penal - Procedimento Ordinário,Furto Qualificado ,2018-01-15,2024-07-06T00:37:05.287000Z,7,G1,Eletrônico,https://eproc.jfrj.jus.br/eproc/externo_controlador.php?acao=processo_consulta_publica
00054745020184025101,0005474-50.2018.4.02.5101,309,Pedido de Busca e Apreensão Criminal,Contravenções Penais,2018-01-15,2024-07-05T21:40:15.308000Z,6,G1,Eletrônico,https://eproc.jfrj.jus.br/eproc/externo_controlador.php?acao=processo_consulta_publica
05021040620184025101,0502104-06.2018.4.02.5101,1727,Petição Criminal,"Crimes de &quot;Lavagem&quot; ou Ocultação de Bens, Direitos ou Valores",2018-01-18,2024-07-06T00:37:13.078000Z,8,G1,Eletrônico,https://eproc.jfrj.jus.br/eproc/externo_controlador.php?acao=processo_consulta_publica
05021032120184025101,0502103-21.2018.4.02.5101,355,Carta Precatória Criminal,"Crimes de &quot;Lavagem&quot; ou Ocultação de Bens, Direitos ou Valores",2018-01-18,2024-07-06T00:37:38.727000Z,10,G1,Eletrônico,https://eproc.jfrj.jus.br/eproc/externo_controlador.php?acao=processo_consulta_publica
00078674520184025101,0007867-45.2018.4.02.5101,329,Seqüestro,Corrupção passiva ,2018-01-19,2024-07-05T23:23:21.769000Z,11,G1,Eletrônico,https://eproc.jfrj.jus.br/eproc/externo_controlador.php?acao=processo_consulta_publica
05031615920184025101,0503161-59.2018.4.02.5101,279,Inquérito Policial,Contravenções Penais,2018-01-25,2024-07-06T00:37:18.773000Z,3,G1,Eletrônico,https://eproc.jfrj.jus.br/eproc/externo_controlador.php?acao=processo_consulta_publica
50730171420204025101,5073017-14.2020.4.02.5101,283,Ação Penal - Procedimento Ordinário,"Crimes de &quot;Lavagem&quot; ou Ocultação de Bens, Direitos ou Valores",2018-01-25,2024-07-05T22:51:48.304000Z,13,G1,Eletrônico,https://eproc.jfrj.jus.br/eproc/externo_controlador.php?acao=processo_consulta_publica
05021387820184025101,0502138-78.2018.4.02.5101,283,Ação Penal - Procedimento Ordinário,"Crimes de &quot;Lavagem&quot; ou Ocultação de Bens, Direitos ou Valores",2018-01-25,2024-07-06T00:37:59.265000Z,37,G1,Eletrônico,https://eproc.jfrj.jus.br/eproc/externo_controlador.php?acao=processo_consulta_publica
00122757920184025101,0012275-79.2018.4.02.5101,283,Ação Penal - Procedimento Ordinário,Corrupção ativa ,2018-01-29,2025-04-14T14:27:37.723000Z,17,G1,Eletrônico,https://eproc.jfrj.jus.br/eproc/externo_controlador.php?acao=processo_consulta_publica
50234815820254025101,5023481-58.2025.4.02.5101,283,Ação Penal - Procedimento Ordinário,Corrupção ativa ,2018-01-29,2026-06-13T14:04:32.874000Z,7,G1,Eletrônico,https://eproc.jfrj.jus.br/eproc/externo_controlador.php?acao=processo_consulta_publica
05022435520184025101,0502243-55.2018.4.02.5101,283,Ação Penal - Procedimento Ordinário,"Crimes de &quot;Lavagem&quot; ou Ocultação de Bens, Direitos ou Valores",2018-01-31,2026-06-13T13:51:48.203000Z,10,G1,Eletrônico,https://eproc.jfrj.jus.br/eproc/externo_controlador.php?acao=processo_consulta_publica
05022452520184025101,0502245-25.2018.4.02.5101,283,Ação Penal - Procedimento Ordinário,"Crimes contra o Sistema Financeiro Nacional; Crimes de &quot;Lavagem&quot; ou Ocultação de Bens, Direitos ou Valores",2018-01-31,2024-07-06T00:37:21.978000Z,43,G1,Eletrônico,https://eproc.jfrj.jus.br/eproc/externo_controlador.php?acao=processo_consulta_publica
05022617620184025101,0502261-76.2018.4.02.5101,1727,Petição Criminal,"Crimes de &quot;Lavagem&quot; ou Ocultação de Bens, Direitos ou Valores",2018-02-01,2024-07-06T00:37:05.871000Z,5,G1,Eletrônico,https://eproc.jfrj.jus.br/eproc/externo_controlador.php?acao=processo_consulta_publica
05022651620184025101,0502265-16.2018.4.02.5101,326,Restituição de Coisas Apreendidas,Contravenções Penais,2018-02-02,2024-07-06T00:37:40.206000Z,4,G1,Eletrônico,https://eproc.jfrj.jus.br/eproc/externo_controlador.php?acao=processo_consulta_publica
05022669820184025101,0502266-98.2018.4.02.5101,326,Restituição de Coisas Apreendidas,Corrupção ativa ,2018-02-02,2024-07-06T00:37:26.454000Z,19,G1,Eletrônico,https://eproc.jfrj.jus.br/eproc/externo_controlador.php?acao=processo_consulta_publica
05032221720184025101,0503222-17.2018.4.02.5101,278,Termo Circunstanciado,Crimes contra o Meio Ambiente e o Patrimônio Genético,2018-02-02,2024-06-17T22:44:06.950000Z,4,JE,Eletrônico,https://eproc.jfrj.jus.br/eproc/externo_controlador.php?acao=processo_consulta_publica
05022720820184025101,0502272-08.2018.4.02.5101,283,Ação Penal - Procedimento Ordinário,"Corrupção ativa ; Corrupção passiva ; Crimes contra o Sistema Financeiro Nacional; Crimes de &quot;Lavagem&quot; ou Ocultação de Bens, Direitos ou Valores",2018-02-02,2026-01-13T00:50:12.872000Z,31,G1,Eletrônico,https://eproc.jfrj.jus.br/eproc/externo_controlador.php?acao=processo_consulta_publica
05033252420184025101,0503325-24.2018.4.02.5101,279,Inquérito Policial,Contravenções Penais,2018-02-06,2024-07-06T00:37:32.276000Z,2,G1,Eletrônico,https://eproc.jfrj.jus.br/eproc/externo_controlador.php?acao=processo_consulta_publica
05033547420184025101,0503354-74.2018.4.02.5101,279,Inquérito Policial,Contravenções Penais,2018-02-06,2024-07-06T00:38:06.789000Z,3,G1,Eletrônico,https://eproc.jfrj.jus.br/eproc/externo_controlador.php?acao=processo_consulta_publica
05033729520184025101,0503372-95.2018.4.02.5101,279,Inquérito Policial,Contravenções Penais,2018-02-07,2024-07-06T00:38:08.121000Z,4,G1,Eletrônico,https://eproc.jfrj.jus.br/eproc/externo_controlador.php?acao=processo_consulta_publica
05023240420184025101,0502324-04.2018.4.02.5101,313,Pedido de Prisão Preventiva,"Crimes de &quot;Lavagem&quot; ou Ocultação de Bens, Direitos ou Valores",2018-02-07,2024-09-26T20:51:03.790000Z,25,G1,Eletrônico,https://eproc.jfrj.jus.br/eproc/externo_controlador.php?acao=processo_consulta_publica
05023258620184025101,0502325-86.2018.4.02.5101,309,Pedido de Busca e Apreensão Criminal,"Crimes de &quot;Lavagem&quot; ou Ocultação de Bens, Direitos ou Valores",2018-02-07,2025-07-15T19:28:19.518000Z,7,G1,Eletrônico,https://eproc.jfrj.jus.br/eproc/externo_controlador.php?acao=processo_consulta_publica
05023267120184025101,0502326-71.2018.4.02.5101,329,Seqüestro,"Crimes de &quot;Lavagem&quot; ou Ocultação de Bens, Direitos ou Valores",2018-02-07,2026-08-21T00:07:44.460000Z,36,G1,Eletrônico,https://eproc.jfrj.jus.br/eproc/externo_controlador.php?acao=processo_consulta_publica
05023422520184025101,0502342-25.2018.4.02.5101,1727,Petição Criminal,"Crimes de &quot;Lavagem&quot; ou Ocultação de Bens, Direitos ou Valores",2018-02-08,2024-07-06T00:38:09.233000Z,5,G1,Eletrônico,https://eproc.jfrj.jus.br/eproc/externo_controlador.php?acao=processo_consulta_publica
05024201920184025101,0502420-19.2018.4.02.5101,283,Ação Penal - Procedimento Ordinário,Estelionato Majorado ,2018-02-21,2024-07-06T00:37:03.374000Z,32,G1,Eletrônico,https://eproc.jfrj.jus.br/eproc/externo_controlador.php?acao=processo_consulta_publica
05035313820184025101,0503531-38.2018.4.02.5101,279,Inquérito Policial,Contravenções Penais,2018-02-22,2024-07-06T00:38:14.670000Z,8,G1,Eletrônico,https://eproc.jfrj.jus.br/eproc/externo_controlador.php?acao=processo_consulta_publica
05035330820184025101,0503533-08.2018.4.02.5101,279,Inquérito Policial,Contravenções Penais,2018-02-22,2024-07-06T00:37:22.854000Z,3,G1,Eletrônico,https://eproc.jfrj.jus.br/eproc/externo_controlador.php?acao=processo_consulta_publica
05034517420184025101,0503451-74.2018.4.02.5101,279,Inquérito Policial,Contravenções Penais,2018-02-23,2025-06-14T05:24:29.342000Z,3,G1,Eletrônico,https://eproc.jfrj.jus.br/eproc/externo_controlador.php?acao=processo_consulta_publica
05034664320184025101,0503466-43.2018.4.02.5101,279,Inquérito Policial,Contravenções Penais,2018-02-23,2024-07-06T00:36:49.876000Z,2,G1,Eletrônico,https://eproc.jfrj.jus.br/eproc/externo_controlador.php?acao=processo_consulta_publica
05034551420184025101,0503455-14.2018.4.02.5101,279,Inquérito Policial,Contravenções Penais,2018-02-23,2024-07-06T00:37:18.781000Z,2,G1,Eletrônico,https://eproc.jfrj.jus.br/eproc/externo_controlador.php?acao=processo_consulta_publica
05034725020184025101,0503472-50.2018.4.02.5101,279,Inquérito Policial,Contravenções Penais,2018-02-23,2024-07-06T00:37:48.949000Z,2,G1,Eletrônico,https://eproc.jfrj.jus.br/eproc/externo_controlador.php?acao=processo_consulta_publica
05034880420184025101,0503488-04.2018.4.02.5101,279,Inquérito Policial,Contravenções Penais,2018-02-23,2024-07-06T00:37:49.758000Z,2,G1,Eletrônico,https://eproc.jfrj.jus.br/eproc/externo_controlador.php?acao=processo_consulta_publica
00217488920184025101,0021748-89.2018.4.02.5101,283,Ação Penal - Procedimento Ordinário,"Crimes de &quot;Lavagem&quot; ou Ocultação de Bens, Direitos ou Valores",2018-02-26,2026-06-13T14:14:33.678000Z,46,G1,Eletrônico,https://eproc.jfrj.jus.br/eproc/externo_controlador.php?acao=processo_consulta_publica
05024618320184025101,0502461-83.2018.4.02.5101,327,Embargos de Terceiro Criminal,Contravenções Penais,2018-02-28,2024-07-06T00:37:28.111000Z,11,G1,Eletrônico,https://eproc.jfrj.jus.br/eproc/externo_controlador.php?acao=processo_consulta_publica
05024696020184025101,0502469-60.2018.4.02.5101,279,Inquérito Policial,Corrupção ativa ,2018-02-28,2024-07-06T00:37:39.960000Z,15,G1,Eletrônico,https://eproc.jfrj.jus.br/eproc/externo_controlador.php?acao=processo_consulta_publica
05024808920184025101,0502480-89.2018.4.02.5101,326,Restituição de Coisas Apreendidas,"Crimes de &quot;Lavagem&quot; ou Ocultação de Bens, Direitos ou Valores",2018-03-01,2024-07-06T00:37:15.325000Z,6,G1,Eletrônico,https://eproc.jfrj.jus.br/eproc/externo_controlador.php?acao=processo_consulta_publica
05024739720184025101,0502473-97.2018.4.02.5101,278,Termo Circunstanciado,Desacato ,2018-03-01,2024-09-26T21:02:19.142000Z,23,JE,Eletrônico,https://eproc.jfrj.jus.br/eproc/externo_controlador.php?acao=processo_consulta_publica
05024869620184025101,0502486-96.2018.4.02.5101,279,Inquérito Policial,Contravenções Penais,2018-03-01,2024-07-06T00:37:54.901000Z,2,G1,Eletrônico,https://eproc.jfrj.jus.br/eproc/externo_controlador.php?acao=processo_consulta_publica
05024878120184025101,0502487-81.2018.4.02.5101,1727,Petição Criminal,Corrupção ativa ,2018-03-01,2024-07-06T00:38:23.578000Z,3,G1,Eletrônico,https://eproc.jfrj.jus.br/eproc/externo_controlador.php?acao=processo_consulta_publica
05024981320184025101,0502498-13.2018.4.02.5101,283,Ação Penal - Procedimento Ordinário,"Corrupção ativa ; Corrupção passiva ; Crimes de &quot;Lavagem&quot; ou Ocultação de Bens, Direitos ou Valores",2018-03-02,2024-07-05T23:23:07.376000Z,13,G1,Eletrônico,https://eproc.jfrj.jus.br/eproc/externo_controlador.php?acao=processo_consulta_publica
05037461420184025101,0503746-14.2018.4.02.5101,279,Inquérito Policial,Contravenções Penais,2018-03-05,2024-07-06T00:37:12.018000Z,3,G1,Eletrônico,https://eproc.jfrj.jus.br/eproc/externo_controlador.php?acao=processo_consulta_publica
05035980320184025101,0503598-03.2018.4.02.5101,279,Inquérito Policial,Contravenções Penais,2018-03-05,2024-07-06T00:37:16.716000Z,3,G1,Eletrônico,https://eproc.jfrj.jus.br/eproc/externo_controlador.php?acao=processo_consulta_publica
05035929320184025101,0503592-93.2018.4.02.5101,279,Inquérito Policial,Contravenções Penais,2018-03-05,2024-07-06T00:37:46.711000Z,2,G1,Eletrônico,https://eproc.jfrj.jus.br/eproc/externo_controlador.php?acao=processo_consulta_publica
05035634320184025101,0503563-43.2018.4.02.5101,279,Inquérito Policial,Contravenções Penais,2018-03-05,2024-07-06T00:38:09.526000Z,2,G1,Eletrônico,https://eproc.jfrj.jus.br/eproc/externo_controlador.php?acao=processo_consulta_publica
05025207120184025101,0502520-71.2018.4.02.5101,1727,Petição Criminal,Contravenções Penais,2018-03-06,2024-07-06T00:38:01.201000Z,2,G1,Eletrônico,https://eproc.jfrj.jus.br/eproc/externo_controlador.php?acao=processo_consulta_publica
05025328520184025101,0502532-85.2018.4.02.5101,327,Embargos de Terceiro Criminal,"Crimes de &quot;Lavagem&quot; ou Ocultação de Bens, Direitos ou Valores",2018-03-07,2024-07-06T00:38:13.739000Z,6,G1,Eletrônico,https://eproc.jfrj.jus.br/eproc/externo_controlador.php?acao=processo_consulta_publica
05025674520184025101,0502567-45.2018.4.02.5101,326,Restituição de Coisas Apreendidas,Perda de Bens e Valores,2018-03-12,2024-07-06T00:36:48.477000Z,2,G1,Eletrônico,https://eproc.jfrj.jus.br/eproc/externo_controlador.php?acao=processo_consulta_publica
05037817120184025101,0503781-71.2018.4.02.5101,279,Inquérito Policial,Contravenções Penais,2018-03-15,2024-07-06T00:37:55.261000Z,2,G1,Eletrônico,https://eproc.jfrj.jus.br/eproc/externo_controlador.php?acao=processo_consulta_publica
05038068420184025101,0503806-84.2018.4.02.5101,279,Inquérito Policial,Contravenções Penais,2018-03-15,2024-07-06T00:37:36.512000Z,2,G1,Eletrônico,https://eproc.jfrj.jus.br/eproc/externo_controlador.php?acao=processo_consulta_publica
05038353720184025101,0503835-37.2018.4.02.5101,279,Inquérito Policial,Contravenções Penais,2018-03-15,2024-07-06T00:37:26.609000Z,2,G1,Eletrônico,https://eproc.jfrj.jus.br/eproc/externo_controlador.php?acao=processo_consulta_publica
00323581920184025101,0032358-19.2018.4.02.5101,309,Pedido de Busca e Apreensão Criminal,"Crimes de &quot;Lavagem&quot; ou Ocultação de Bens, Direitos ou Valores",2018-03-20,2024-07-05T23:49:08.085000Z,8,G1,Eletrônico,https://eproc.jfrj.jus.br/eproc/externo_controlador.php?acao=processo_consulta_publica
05001354420184025104,0500135-44.2018.4.02.5104,279,Inquérito Policial,Contravenções Penais,2018-03-23,2024-07-06T00:37:12.285000Z,3,G1,Eletrônico,https://eproc.jfrj.jus.br/eproc/externo_controlador.php?acao=processo_consulta_publica
05040398120184025101,0504039-81.2018.4.02.5101,279,Inquérito Policial,Contravenções Penais,2018-03-23,2024-07-06T00:39:14.200000Z,3,G1,Eletrônico,https://eproc.jfrj.jus.br/eproc/externo_controlador.php?acao=processo_consulta_publica
05038994720184025101,0503899-47.2018.4.02.5101,279,Inquérito Policial,Contravenções Penais,2018-03-23,2024-07-06T00:37:07.710000Z,2,G1,Eletrônico,https://eproc.jfrj.jus.br/eproc/externo_controlador.php?acao=processo_consulta_publica
05027493120184025101,0502749-31.2018.4.02.5101,1717,Alienação de Bens do Acusado,"Crimes de &quot;Lavagem&quot; ou Ocultação de Bens, Direitos ou Valores",2018-03-23,2024-12-13T17:42:43.146000Z,37,G1,Eletrônico,https://eproc.jfrj.jus.br/eproc/externo_controlador.php?acao=processo_consulta_publica
00366739020184025101,0036673-90.2018.4.02.5101,327,Embargos de Terceiro Criminal,"Crimes de &quot;Lavagem&quot; ou Ocultação de Bens, Direitos ou Valores",2018-03-27,2024-07-05T23:49:32.164000Z,6,G1,Eletrônico,https://eproc.jfrj.jus.br/eproc/externo_controlador.php?acao=processo_consulta_publica
50895865620214025101,5089586-56.2021.4.02.5101,283,Ação Penal - Procedimento Ordinário,"Crimes de &quot;Lavagem&quot; ou Ocultação de Bens, Direitos ou Valores",2018-03-27,2024-07-05T23:24:36.833000Z,4,G1,Eletrônico,https://eproc.jfrj.jus.br/eproc/externo_controlador.php?acao=processo_consulta_publica
00397779020184025101,0039777-90.2018.4.02.5101,283,Ação Penal - Procedimento Ordinário,"Crimes de &quot;Lavagem&quot; ou Ocultação de Bens, Direitos ou Valores",2018-03-27,2026-09-15T22:55:05.002000Z,56,G1,Eletrônico,https://eproc.jfrj.jus.br/eproc/externo_controlador.php?acao=processo_consulta_publica
05027796620184025101,0502779-66.2018.4.02.5101,279,Inquérito Policial,Contravenções Penais,2018-04-02,2024-07-06T00:37:28.921000Z,14,G1,Eletrônico,https://eproc.jfrj.jus.br/eproc/externo_controlador.php?acao=processo_consulta_publica
05041272220184025101,0504127-22.2018.4.02.5101,279,Inquérito Policial,Contravenções Penais,2018-04-04,2024-07-06T00:38:09.056000Z,3,G1,Eletrônico,https://eproc.jfrj.jus.br/eproc/externo_controlador.php?acao=processo_consulta_publica
05041783320184025101,0504178-33.2018.4.02.5101,279,Inquérito Policial,Contravenções Penais,2018-04-06,2024-07-06T00:37:10.347000Z,2,G1,Eletrônico,https://eproc.jfrj.jus.br/eproc/externo_controlador.php?acao=processo_consulta_publica
05041791820184025101,0504179-18.2018.4.02.5101,279,Inquérito Policial,Contravenções Penais,2018-04-06,2024-07-06T00:38:06.434000Z,2,G1,Eletrônico,https://eproc.jfrj.jus.br/eproc/externo_controlador.php?acao=processo_consulta_publica
05028463120184025101,0502846-31.2018.4.02.5101,326,Restituição de Coisas Apreendidas,"Crimes de &quot;Lavagem&quot; ou Ocultação de Bens, Direitos ou Valores",2018-04-11,2024-07-06T00:37:38.606000Z,9,G1,Eletrônico,https://eproc.jfrj.jus.br/eproc/externo_controlador.php?acao=processo_consulta_publica
05042156020184025101,0504215-60.2018.4.02.5101,279,Inquérito Policial,Contravenções Penais,2018-04-11,2024-07-06T00:37:26.414000Z,1,G1,Eletrônico,https://eproc.jfrj.jus.br/eproc/externo_controlador.php?acao=processo_consulta_publica
00520388720184025101,0052038-87.2018.4.02.5101,327,Embargos de Terceiro Criminal,"Crimes de &quot;Lavagem&quot; ou Ocultação de Bens, Direitos ou Valores",2018-04-11,2024-07-06T00:12:43.297000Z,5,G1,Eletrônico,https://eproc.jfrj.jus.br/eproc/externo_controlador.php?acao=processo_consulta_publica
05042086820184025101,0504208-68.2018.4.02.5101,279,Inquérito Policial,Contravenções Penais,2018-04-17,2024-07-06T00:38:12.647000Z,3,G1,Eletrônico,https://eproc.jfrj.jus.br/eproc/externo_controlador.php?acao=processo_consulta_publica
05001587520184025108,0500158-75.2018.4.02.5108,283,Ação Penal - Procedimento Ordinário,Crimes contra a Flora,2018-04-18,2024-09-26T20:40:51.908000Z,25,G1,Eletrônico,https://eproc.jfrj.jus.br/eproc/externo_controlador.php?acao=processo_consulta_publica
00569442320184025101,0056944-23.2018.4.02.5101,1727,Petição Criminal,"Crimes de &quot;Lavagem&quot; ou Ocultação de Bens, Direitos ou Valores",2018-04-19,2026-06-13T14:10:47.850000Z,36,G1,Eletrônico,https://eproc.jfrj.jus.br/eproc/externo_controlador.php?acao=processo_consulta_publica
05044364320184025101,0504436-43.2018.4.02.5101,279,Inquérito Policial,Contravenções Penais,2018-04-19,2024-07-06T00:37:26.695000Z,2,G1,Eletrônico,https://eproc.jfrj.jus.br/eproc/externo_controlador.php?acao=processo_consulta_publica
05043689320184025101,0504368-93.2018.4.02.5101,279,Inquérito Policial,Contravenções Penais,2018-04-19,2024-07-06T00:37:59.684000Z,1,G1,Eletrônico,https://eproc.jfrj.jus.br/eproc/externo_controlador.php?acao=processo_consulta_publica
05043134520184025101,0504313-45.2018.4.02.5101,279,Inquérito Policial,Crimes contra o Sistema Financeiro Nacional,2018-04-19,2026-06-13T14:32:02.154000Z,3,G1,Eletrônico,https://eproc.jfrj.jus.br/eproc/externo_controlador.php?acao=processo_consulta_publica
05043930920184025101,0504393-09.2018.4.02.5101,279,Inquérito Policial,Contravenções Penais,2018-04-20,2024-07-06T00:38:12.416000Z,2,G1,Eletrônico,https://eproc.jfrj.jus.br/eproc/externo_controlador.php?acao=processo_consulta_publica
05044121520184025101,0504412-15.2018.4.02.5101,279,Inquérito Policial,Contravenções Penais,2018-04-20,2024-07-06T00:37:24.022000Z,3,G1,Eletrônico,https://eproc.jfrj.jus.br/eproc/externo_controlador.php?acao=processo_consulta_publica
05044546420184025101,0504454-64.2018.4.02.5101,279,Inquérito Policial,Contravenções Penais,2018-04-20,2024-07-06T00:37:59.775000Z,2,G1,Eletrônico,https://eproc.jfrj.jus.br/eproc/externo_controlador.php?acao=processo_consulta_publica
05029805820184025101,0502980-58.2018.4.02.5101,1727,Petição Criminal,"Crimes de &quot;Lavagem&quot; ou Ocultação de Bens, Direitos ou Valores",2018-04-20,2024-07-06T00:38:32.477000Z,46,G1,Eletrônico,https://eproc.jfrj.jus.br/eproc/externo_controlador.php?acao=processo_consulta_publica
05044295120184025101,0504429-51.2018.4.02.5101,279,Inquérito Policial,Contravenções Penais,2018-04-24,2024-07-06T00:37:52.444000Z,2,G1,Eletrônico,https://eproc.jfrj.jus.br/eproc/externo_controlador.php?acao=processo_consulta_publica
05042441320184025101,0504244-13.2018.4.02.5101,279,Inquérito Policial,Falsificação de documento público,2018-04-24,2024-07-06T00:38:12.628000Z,3,G1,Eletrônico,https://eproc.jfrj.jus.br/eproc/externo_controlador.php?acao=processo_consulta_publica
00600569720184025101,0060056-97.2018.4.02.5101,313,Pedido de Prisão Preventiva,"Crimes de &quot;Lavagem&quot; ou Ocultação de Bens, Direitos ou Valores",2018-04-24,2024-07-06T00:12:11.392000Z,41,G1,Eletrônico,https://eproc.jfrj.jus.br/eproc/externo_controlador.php?acao=processo_consulta_publica
05060014220184025101,0506001-42.2018.4.02.5101,326,Restituição de Coisas Apreendidas,Contravenções Penais,2018-04-25,2024-07-06T00:38:10.009000Z,2,G1,Eletrônico,https://eproc.jfrj.jus.br/eproc/externo_controlador.php?acao=processo_consulta_publica
05060057920184025101,0506005-79.2018.4.02.5101,241,Petição Cível,"Crimes de &quot;Lavagem&quot; ou Ocultação de Bens, Direitos ou Valores",2018-04-25,2024-07-06T00:38:43.941000Z,9,G1,Eletrônico,https://eproc.jfrj.jus.br/eproc/externo_controlador.php?acao=processo_consulta_publica
05060066420184025101,0506006-64.2018.4.02.5101,1727,Petição Criminal,Contravenções Penais,2018-04-25,2024-07-06T00:38:12.188000Z,5,G1,Eletrônico,https://eproc.jfrj.jus.br/eproc/externo_controlador.php?acao=processo_consulta_publica
00606622820184025101,0060662-28.2018.4.02.5101,313,Pedido de Prisão Preventiva,"Crimes de &quot;Lavagem&quot; ou Ocultação de Bens, Direitos ou Valores",2018-04-25,2026-06-13T14:32:07.907000Z,106,G1,Eletrônico,https://eproc.jfrj.jus.br/eproc/externo_controlador.php?acao=processo_consulta_publica
00612486520184025101,0061248-65.2018.4.02.5101,329,Seqüestro,Crimes contra o Sistema Financeiro Nacional,2018-04-26,2026-09-15T22:55:20.533000Z,269,G1,Eletrônico,https://eproc.jfrj.jus.br/eproc/externo_controlador.php?acao=processo_consulta_publica
05045334320184025101,0504533-43.2018.4.02.5101,279,Inquérito Policial,Contravenções Penais,2018-04-27,2024-07-06T00:38:12.083000Z,2,G1,Eletrônico,https://eproc.jfrj.jus.br/eproc/externo_controlador.php?acao=processo_consulta_publica
05045204420184025101,0504520-44.2018.4.02.5101,279,Inquérito Policial,Contravenções Penais,2018-04-27,2024-07-05T23:22:49.816000Z,2,G1,Eletrônico,https://eproc.jfrj.jus.br/eproc/externo_controlador.php?acao=processo_consulta_publica
05045481220184025101,0504548-12.2018.4.02.5101,279,Inquérito Policial,Contravenções Penais,2018-05-03,2024-07-05T23:22:52.588000Z,2,G1,Eletrônico,https://eproc.jfrj.jus.br/eproc/externo_controlador.php?acao=processo_consulta_publica
05045524920184025101,0504552-49.2018.4.02.5101,279,Inquérito Policial,Contravenções Penais,2018-05-03,2024-07-06T00:37:54.178000Z,2,G1,Eletrônico,https://eproc.jfrj.jus.br/eproc/externo_controlador.php?acao=processo_consulta_publica
05045611120184025101,0504561-11.2018.4.02.5101,279,Inquérito Policial,Contravenções Penais,2018-05-03,2024-07-06T00:38:32.910000Z,6,G1,Eletrônico,https://eproc.jfrj.jus.br/eproc/externo_controlador.php?acao=processo_consulta_publica
05060932020184025101,0506093-20.2018.4.02.5101,279,Inquérito Policial,Contravenções Penais,2018-05-07,2025-02-13T20:40:42.992000Z,5,G1,Eletrônico,https://eproc.jfrj.jus.br/eproc/externo_controlador.php?acao=processo_consulta_publica
00649753220184025101,0064975-32.2018.4.02.5101,313,Pedido de Prisão Preventiva,"Crimes de &quot;Lavagem&quot; ou Ocultação de Bens, Direitos ou Valores",2018-05-09,2025-06-14T06:30:11.388000Z,3,G1,Eletrônico,https://eproc.jfrj.jus.br/eproc/externo_controlador.php?acao=processo_consulta_publica
05061382420184025101,0506138-24.2018.4.02.5101,1727,Petição Criminal,"Crimes de &quot;Lavagem&quot; ou Ocultação de Bens, Direitos ou Valores",2018-05-10,2024-07-06T00:37:42.161000Z,4,G1,Eletrônico,https://eproc.jfrj.jus.br/eproc/externo_controlador.php?acao=processo_consulta_publica
05061390920184025101,0506139-09.2018.4.02.5101,1727,Petição Criminal,"Crimes de &quot;Lavagem&quot; ou Ocultação de Bens, Direitos ou Valores",2018-05-10,2024-07-06T00:37:55.935000Z,4,G1,Eletrônico,https://eproc.jfrj.jus.br/eproc/externo_controlador.php?acao=processo_consulta_publica
05061772120184025101,0506177-21.2018.4.02.5101,1727,Petição Criminal,"Crimes de &quot;Lavagem&quot; ou Ocultação de Bens, Direitos ou Valores",2018-05-14,2025-06-14T05:26:49.613000Z,12,G1,Eletrônico,https://eproc.jfrj.jus.br/eproc/externo_controlador.php?acao=processo_consulta_publica
05061859520184025101,0506185-95.2018.4.02.5101,1727,Petição Criminal,"Crimes de &quot;Lavagem&quot; ou Ocultação de Bens, Direitos ou Valores",2018-05-14,2024-07-06T00:38:55.591000Z,4,G1,Eletrônico,https://eproc.jfrj.jus.br/eproc/externo_controlador.php?acao=processo_consulta_publica
05061868020184025101,0506186-80.2018.4.02.5101,1727,Petição Criminal,"Crimes de &quot;Lavagem&quot; ou Ocultação de Bens, Direitos ou Valores",2018-05-14,2024-07-06T00:37:47.943000Z,4,G1,Eletrônico,https://eproc.jfrj.jus.br/eproc/externo_controlador.php?acao=processo_consulta_publica
05061885020184025101,0506188-50.2018.4.02.5101,1727,Petição Criminal,"Crimes de &quot;Lavagem&quot; ou Ocultação de Bens, Direitos ou Valores",2018-05-14,2024-07-06T00:38:31.905000Z,4,G1,Eletrônico,https://eproc.jfrj.jus.br/eproc/externo_controlador.php?acao=processo_consulta_publica
05061893520184025101,0506189-35.2018.4.02.5101,1727,Petição Criminal,"Crimes de &quot;Lavagem&quot; ou Ocultação de Bens, Direitos ou Valores",2018-05-14,2024-07-05T23:23:00.545000Z,4,G1,Eletrônico,https://eproc.jfrj.jus.br/eproc/externo_controlador.php?acao=processo_consulta_publica
05061902020184025101,0506190-20.2018.4.02.5101,1727,Petição Criminal,"Crimes de &quot;Lavagem&quot; ou Ocultação de Bens, Direitos ou Valores",2018-05-14,2024-07-06T00:38:21.877000Z,6,G1,Eletrônico,https://eproc.jfrj.jus.br/eproc/externo_controlador.php?acao=processo_consulta_publica
05061910520184025101,0506191-05.2018.4.02.5101,1717,Alienação de Bens do Acusado,"Crimes de &quot;Lavagem&quot; ou Ocultação de Bens, Direitos ou Valores",2018-05-14,2024-07-06T00:38:10.221000Z,17,G1,Eletrônico,https://eproc.jfrj.jus.br/eproc/externo_controlador.php?acao=processo_consulta_publica
05061971220184025101,0506197-12.2018.4.02.5101,283,Ação Penal - Procedimento Ordinário,"Crimes de &quot;Lavagem&quot; ou Ocultação de Bens, Direitos ou Valores",2018-05-14,2024-07-06T00:38:23.515000Z,11,G1,Eletrônico,https://eproc.jfrj.jus.br/eproc/externo_controlador.php?acao=processo_consulta_publica
05062067120184025101,0506206-71.2018.4.02.5101,327,Embargos de Terceiro Criminal,Contravenções Penais,2018-05-15,2024-07-06T00:37:49.867000Z,3,G1,Eletrônico,https://eproc.jfrj.jus.br/eproc/externo_controlador.php?acao=processo_consulta_publica
05062343920184025101,0506234-39.2018.4.02.5101,326,Restituição de Coisas Apreendidas,Contravenções Penais,2018-05-16,2024-07-06T00:38:15.907000Z,2,G1,Eletrônico,https://eproc.jfrj.jus.br/eproc/externo_controlador.php?acao=processo_consulta_publica
05062595220184025101,0506259-52.2018.4.02.5101,1727,Petição Criminal,"Crimes de &quot;Lavagem&quot; ou Ocultação de Bens, Direitos ou Valores",2018-05-18,2024-07-05T23:22:50.514000Z,4,G1,Eletrônico,https://eproc.jfrj.jus.br/eproc/externo_controlador.php?acao=processo_consulta_publica
05005146420184025110,0500514-64.2018.4.02.5110,279,Inquérito Policial,Contravenções Penais,2018-05-23,2024-07-05T23:22:13.058000Z,3,G1,Eletrônico,https://eproc.jfrj.jus.br/eproc/externo_controlador.php?acao=processo_consulta_publica
05048382720184025101,0504838-27.2018.4.02.5101,279,Inquérito Policial,Contravenções Penais,2018-05-24,2025-09-13T14:50:53.598000Z,3,G1,Eletrônico,https://eproc.jfrj.jus.br/eproc/externo_controlador.php?acao=processo_consulta_publica
05047542620184025101,0504754-26.2018.4.02.5101,279,Inquérito Policial,Contravenções Penais,2018-05-24,2024-07-06T00:38:00.685000Z,2,G1,Eletrônico,https://eproc.jfrj.jus.br/eproc/externo_controlador.php?acao=processo_consulta_publica
05048504120184025101,0504850-41.2018.4.02.5101,279,Inquérito Policial,Contravenções Penais,2018-05-25,2024-07-06T00:38:47.685000Z,2,G1,Eletrônico,https://eproc.jfrj.jus.br/eproc/externo_controlador.php?acao=processo_consulta_publica
05048330520184025101,0504833-05.2018.4.02.5101,279,Inquérito Policial,Contravenções Penais,2018-05-25,2024-07-06T00:37:53.643000Z,2,G1,Eletrônico,https://eproc.jfrj.jus.br/eproc/externo_controlador.php?acao=processo_consulta_publica
05047906820184025101,0504790-68.2018.4.02.5101,279,Inquérito Policial,Contravenções Penais,2018-05-25,2024-07-06T00:38:13.757000Z,3,G1,Eletrônico,https://eproc.jfrj.jus.br/eproc/externo_controlador.php?acao=processo_consulta_publica
05063167020184025101,0506316-70.2018.4.02.5101,1727,Petição Criminal,"Crimes de &quot;Lavagem&quot; ou Ocultação de Bens, Direitos ou Valores",2018-05-28,2024-07-06T00:38:37.378000Z,4,G1,Eletrônico,https://eproc.jfrj.jus.br/eproc/externo_controlador.php?acao=processo_consulta_publica
05063175520184025101,0506317-55.2018.4.02.5101,279,Inquérito Policial,"Corrupção ativa ; Corrupção passiva ; Crimes de &quot;Lavagem&quot; ou Ocultação de Bens, Direitos ou Valores",2018-05-28,2026-08-20T23:30:50.330000Z,63,G1,Eletrônico,https://eproc.jfrj.jus.br/eproc/externo_controlador.php?acao=processo_consulta_publica
05063963420184025101,0506396-34.2018.4.02.5101,327,Embargos de Terceiro Criminal,"Crimes de &quot;Lavagem&quot; ou Ocultação de Bens, Direitos ou Valores",2018-06-06,2024-07-06T00:38:07.476000Z,5,G1,Eletrônico,https://eproc.jfrj.jus.br/eproc/externo_controlador.php?acao=processo_consulta_publica
00737668720184025101,0073766-87.2018.4.02.5101,283,Ação Penal - Procedimento Ordinário,"Crimes de &quot;Lavagem&quot; ou Ocultação de Bens, Direitos ou Valores",2018-06-06,2026-08-20T23:22:49.997000Z,58,G1,Eletrônico,https://eproc.jfrj.jus.br/eproc/externo_controlador.php?acao=processo_consulta_publica
05063971920184025101,0506397-19.2018.4.02.5101,327,Embargos de Terceiro Criminal,"Crimes de &quot;Lavagem&quot; ou Ocultação de Bens, Direitos ou Valores",2018-06-07,2024-07-06T00:38:09.755000Z,5,G1,Eletrônico,https://eproc.jfrj.jus.br/eproc/externo_controlador.php?acao=processo_consulta_publica
05048998220184025101,0504899-82.2018.4.02.5101,279,Inquérito Policial,"""Lavagem"" ou Ocultação de Bens, Direitos ou Valores Oriundos de Corrupção",2018-06-07,2026-06-13T14:09:40.716000Z,3,G1,Eletrônico,https://eproc.jfrj.jus.br/eproc/externo_controlador.php?acao=processo_consulta_publica
05049985220184025101,0504998-52.2018.4.02.5101,279,Inquérito Policial,Contravenções Penais,2018-06-07,2024-07-06T00:37:27.959000Z,3,G1,Eletrônico,https://eproc.jfrj.jus.br/eproc/externo_controlador.php?acao=processo_consulta_publica
05049604020184025101,0504960-40.2018.4.02.5101,279,Inquérito Policial,Estelionato Majorado ,2018-06-07,2024-07-06T00:38:03.393000Z,3,G1,Eletrônico,https://eproc.jfrj.jus.br/eproc/externo_controlador.php?acao=processo_consulta_publica
05049101420184025101,0504910-14.2018.4.02.5101,279,Inquérito Policial,Contravenções Penais,2018-06-07,2024-07-06T00:38:47.084000Z,7,G1,Eletrônico,https://eproc.jfrj.jus.br/eproc/externo_controlador.php?acao=processo_consulta_publica
05049032220184025101,0504903-22.2018.4.02.5101,279,Inquérito Policial,Contravenções Penais,2018-06-07,2024-07-06T00:37:49.502000Z,2,G1,Eletrônico,https://eproc.jfrj.jus.br/eproc/externo_controlador.php?acao=processo_consulta_publica
05064518220184025101,0506451-82.2018.4.02.5101,327,Embargos de Terceiro Criminal,Contravenções Penais,2018-06-12,2024-07-06T00:38:07.029000Z,3,G1,Eletrônico,https://eproc.jfrj.jus.br/eproc/externo_controlador.php?acao=processo_consulta_publica
05064552220184025101,0506455-22.2018.4.02.5101,1727,Petição Criminal,Contravenções Penais,2018-06-13,2024-07-06T00:37:08.893000Z,6,G1,Eletrônico,https://eproc.jfrj.jus.br/eproc/externo_controlador.php?acao=processo_consulta_publica
05064682120184025101,0506468-21.2018.4.02.5101,283,Ação Penal - Procedimento Ordinário,Contravenções Penais,2018-06-13,2024-07-06T00:37:54.310000Z,6,G1,Eletrônico,https://eproc.jfrj.jus.br/eproc/externo_controlador.php?acao=processo_consulta_publica
05064795020184025101,0506479-50.2018.4.02.5101,327,Embargos de Terceiro Criminal,"Crimes de &quot;Lavagem&quot; ou Ocultação de Bens, Direitos ou Valores",2018-06-14,2024-07-06T00:38:34.051000Z,5,G1,Eletrônico,https://eproc.jfrj.jus.br/eproc/externo_controlador.php?acao=processo_consulta_publica
05050236520184025101,0505023-65.2018.4.02.5101,279,Inquérito Policial,Contravenções Penais,2018-06-15,2024-07-06T00:38:11.880000Z,2,G1,Eletrônico,https://eproc.jfrj.jus.br/eproc/externo_controlador.php?acao=processo_consulta_publica
05050314220184025101,0505031-42.2018.4.02.5101,279,Inquérito Policial,Contravenções Penais,2018-06-15,2024-07-05T23:22:46.842000Z,2,G1,Eletrônico,https://eproc.jfrj.jus.br/eproc/externo_controlador.php?acao=processo_consulta_publica
05050703920184025101,0505070-39.2018.4.02.5101,279,Inquérito Policial,Contravenções Penais,2018-06-21,2024-07-06T00:39:05.197000Z,3,G1,Eletrônico,https://eproc.jfrj.jus.br/eproc/externo_controlador.php?acao=processo_consulta_publica
00772233020184025101,0077223-30.2018.4.02.5101,327,Embargos de Terceiro Criminal,Contravenções Penais,2018-06-21,2024-07-06T00:13:47.197000Z,3,G1,Eletrônico,https://eproc.jfrj.jus.br/eproc/externo_controlador.php?acao=processo_consulta_publica
05050903020184025101,0505090-30.2018.4.02.5101,279,Inquérito Policial,Contravenções Penais,2018-06-22,2024-09-26T21:11:12.603000Z,3,G1,Eletrônico,https://eproc.jfrj.jus.br/eproc/externo_controlador.php?acao=processo_consulta_publica
05001173220184025101,0500117-32.2018.4.02.5101,307,Habeas Corpus Criminal,Contravenções Penais,2018-06-23,2024-07-06T00:37:42.957000Z,2,G1,Eletrônico,https://eproc.jfrj.jus.br/eproc/externo_controlador.php?acao=processo_consulta_publica
05065687320184025101,0506568-73.2018.4.02.5101,283,Ação Penal - Procedimento Ordinário,"Crimes de &quot;Lavagem&quot; ou Ocultação de Bens, Direitos ou Valores",2018-06-25,2026-06-13T14:01:16.582000Z,46,G1,Eletrônico,https://eproc.jfrj.jus.br/eproc/externo_controlador.php?acao=processo_consulta_publica
05065695820184025101,0506569-58.2018.4.02.5101,283,Ação Penal - Procedimento Ordinário,"Crimes de &quot;Lavagem&quot; ou Ocultação de Bens, Direitos ou Valores",2018-06-25,2024-10-18T11:32:53.696000Z,23,G1,Eletrônico,https://eproc.jfrj.jus.br/eproc/externo_controlador.php?acao=processo_consulta_publica
00780780920184025101,0078078-09.2018.4.02.5101,329,Seqüestro,Contravenções Penais,2018-06-26,2024-07-06T00:14:01.429000Z,2,G1,Eletrônico,https://eproc.jfrj.jus.br/eproc/externo_controlador.php?acao=processo_consulta_publica
05065894920184025101,0506589-49.2018.4.02.5101,283,Ação Penal - Procedimento Ordinário,Contravenções Penais,2018-06-27,2024-07-05T23:22:04.803000Z,4,G1,Eletrônico,https://eproc.jfrj.jus.br/eproc/externo_controlador.php?acao=processo_consulta_publica
00782444120184025101,0078244-41.2018.4.02.5101,327,Embargos de Terceiro Criminal,Contravenções Penais,2018-06-28,2024-07-06T00:13:57.798000Z,3,G1,Eletrônico,https://eproc.jfrj.jus.br/eproc/externo_controlador.php?acao=processo_consulta_publica
05001338320184025101,0500133-83.2018.4.02.5101,283,Ação Penal - Procedimento Ordinário,Tráfico de Drogas e Condutas Afins,2018-06-28,2024-07-06T00:37:24.246000Z,20,G1,Eletrônico,https://eproc.jfrj.jus.br/eproc/externo_controlador.php?acao=processo_consulta_publica
05052427820184025101,0505242-78.2018.4.02.5101,279,Inquérito Policial,Contravenções Penais,2018-06-28,2024-07-06T00:38:32.298000Z,2,G1,Eletrônico,https://eproc.jfrj.jus.br/eproc/externo_controlador.php?acao=processo_consulta_publica
05052886720184025101,0505288-67.2018.4.02.5101,279,Inquérito Policial,Contravenções Penais,2018-06-29,2024-07-06T00:37:49.270000Z,3,G1,Eletrônico,https://eproc.jfrj.jus.br/eproc/externo_controlador.php?acao=processo_consulta_publica
05052851520184025101,0505285-15.2018.4.02.5101,279,Inquérito Policial,Contravenções Penais,2018-06-29,2024-07-06T00:38:34.410000Z,3,G1,Eletrônico,https://eproc.jfrj.jus.br/eproc/externo_controlador.php?acao=processo_consulta_publica
05066362320184025101,0506636-23.2018.4.02.5101,283,Ação Penal - Procedimento Ordinário,Contravenções Penais,2018-06-29,2024-07-06T00:37:54.823000Z,6,G1,Eletrônico,https://eproc.jfrj.jus.br/eproc/externo_controlador.php?acao=processo_consulta_publica
05066370820184025101,0506637-08.2018.4.02.5101,1727,Petição Criminal,"Crimes de &quot;Lavagem&quot; ou Ocultação de Bens, Direitos ou Valores",2018-06-29,2025-09-13T15:01:00.106000Z,5,G1,Eletrônico,https://eproc.jfrj.jus.br/eproc/externo_controlador.php?acao=processo_consulta_publica
05053033620184025101,0505303-36.2018.4.02.5101,279,Inquérito Policial,Contravenções Penais,2018-06-29,2024-07-06T00:37:31.491000Z,4,G1,Eletrônico,https://eproc.jfrj.jus.br/eproc/externo_controlador.php?acao=processo_consulta_publica
05051474820184025101,0505147-48.2018.4.02.5101,279,Inquérito Policial,Estelionato Majorado ,2018-07-03,2024-07-06T00:37:00.118000Z,3,G1,Eletrônico,https://eproc.jfrj.jus.br/eproc/externo_controlador.php?acao=processo_consulta_publica
05051977420184025101,0505197-74.2018.4.02.5101,279,Inquérito Policial,Contravenções Penais,2018-07-04,2024-07-06T00:38:10.668000Z,3,G1,Eletrônico,https://eproc.jfrj.jus.br/eproc/externo_controlador.php?acao=processo_consulta_publica
00785839720184025101,0078583-97.2018.4.02.5101,1727,Petição Criminal,"Crimes de &quot;Lavagem&quot; ou Ocultação de Bens, Direitos ou Valores",2018-07-05,2024-07-06T00:14:21.128000Z,4,G1,Eletrônico,https://eproc.jfrj.jus.br/eproc/externo_controlador.php?acao=processo_consulta_publica
50102284720184025101,5010228-47.2018.4.02.5101,283,Ação Penal - Procedimento Ordinário,Moeda Falsa / Assimilados,2018-07-08,2024-07-05T21:37:07.861000Z,25,G1,Eletrônico,https://eproc.jfrj.jus.br/eproc/externo_controlador.php?acao=processo_consulta_publica
50107091020184025101,5010709-10.2018.4.02.5101,1733,Procedimento Investigatório Criminal (PIC-MP) ,Desobediência ,2018-07-10,2024-07-05T21:37:49.454000Z,8,G1,Eletrônico,https://eproc.jfrj.jus.br/eproc/externo_controlador.php?acao=processo_consulta_publica
05067168420184025101,0506716-84.2018.4.02.5101,1727,Petição Criminal,Contravenções Penais,2018-07-12,2024-07-06T00:39:04.872000Z,9,G1,Eletrônico,https://eproc.jfrj.jus.br/eproc/externo_controlador.php?acao=processo_consulta_publica
50113734120184025101,5011373-41.2018.4.02.5101,279,Inquérito Policial,Estelionato Majorado ,2018-07-12,2024-07-05T21:38:40.522000Z,3,G1,Eletrônico,https://eproc.jfrj.jus.br/eproc/externo_controlador.php?acao=processo_consulta_publica
05067271620184025101,0506727-16.2018.4.02.5101,1727,Petição Criminal,"Crimes de &quot;Lavagem&quot; ou Ocultação de Bens, Direitos ou Valores",2018-07-13,2024-07-06T00:37:43.209000Z,4,G1,Eletrônico,https://eproc.jfrj.jus.br/eproc/externo_controlador.php?acao=processo_consulta_publica
50121858320184025101,5012185-83.2018.4.02.5101,1733,Procedimento Investigatório Criminal (PIC-MP) ,Desobediência ,2018-07-17,2024-07-05T21:38:37.920000Z,7,G1,Eletrônico,https://eproc.jfrj.jus.br/eproc/externo_controlador.php?acao=processo_consulta_publica
50123165820184025101,5012316-58.2018.4.02.5101,279,Inquérito Policial,Falsificação de documento público,2018-07-17,2024-07-05T21:37:08.573000Z,3,G1,Eletrônico,https://eproc.jfrj.jus.br/eproc/externo_controlador.php?acao=processo_consulta_publica
50126769020184025101,5012676-90.2018.4.02.5101,279,Inquérito Policial,Estelionato Majorado ,2018-07-18,2024-07-05T21:39:26.535000Z,3,G1,Eletrônico,https://eproc.jfrj.jus.br/eproc/externo_controlador.php?acao=processo_consulta_publica
50126941420184025101,5012694-14.2018.4.02.5101,279,Inquérito Policial,Calúnia; Injúria,2018-07-18,2024-02-29T01:45:48.576000Z,1,JE,Eletrônico,https://eproc.jfrj.jus.br/eproc/externo_controlador.php?acao=processo_consulta_publica
05067627320184025101,0506762-73.2018.4.02.5101,1727,Petição Criminal,"Crimes de &quot;Lavagem&quot; ou Ocultação de Bens, Direitos ou Valores",2018-07-19,2024-07-06T00:38:04.357000Z,7,G1,Eletrônico,https://eproc.jfrj.jus.br/eproc/externo_controlador.php?acao=processo_consulta_publica
05068025520184025101,0506802-55.2018.4.02.5101,11955,Cautelar Inominada Criminal,"Crimes de &quot;Lavagem&quot; ou Ocultação de Bens, Direitos ou Valores",2018-07-23,2024-10-18T11:15:51.175000Z,27,G1,Eletrônico,https://eproc.jfrj.jus.br/eproc/externo_controlador.php?acao=processo_consulta_publica
05068034020184025101,0506803-40.2018.4.02.5101,279,Inquérito Policial,Contravenções Penais,2018-07-24,2024-07-06T00:38:45.928000Z,1,G1,Eletrônico,https://eproc.jfrj.jus.br/eproc/externo_controlador.php?acao=processo_consulta_publica
50137187720184025101,5013718-77.2018.4.02.5101,279,Inquérito Policial,Estelionato Majorado ,2018-07-24,2024-07-05T21:38:47.419000Z,3,G1,Eletrônico,https://eproc.jfrj.jus.br/eproc/externo_controlador.php?acao=processo_consulta_publica
50137369820184025101,5013736-98.2018.4.02.5101,279,Inquérito Policial,Estelionato Majorado ,2018-07-24,2024-07-05T23:24:36.998000Z,3,G1,Eletrônico,https://eproc.jfrj.jus.br/eproc/externo_controlador.php?acao=processo_consulta_publica
05068207620184025101,0506820-76.2018.4.02.5101,279,Inquérito Policial,Contravenções Penais,2018-07-25,2024-07-06T00:39:03.934000Z,3,G1,Eletrônico,https://eproc.jfrj.jus.br/eproc/externo_controlador.php?acao=processo_consulta_publica
50141258320184025101,5014125-83.2018.4.02.5101,283,Ação Penal - Procedimento Ordinário,Crimes contra a Ordem Tributária; Sonegação de contribuição previdenciária ,2018-07-25,2026-06-13T14:16:08.039000Z,65,G1,Eletrônico,https://eproc.jfrj.jus.br/eproc/externo_controlador.php?acao=processo_consulta_publica
05068492920184025101,0506849-29.2018.4.02.5101,327,Embargos de Terceiro Criminal,"Crimes de &quot;Lavagem&quot; ou Ocultação de Bens, Direitos ou Valores",2018-07-27,2024-07-06T00:37:27.041000Z,8,G1,Eletrônico,https://eproc.jfrj.jus.br/eproc/externo_controlador.php?acao=processo_consulta_publica
50012981920184025108,5001298-19.2018.4.02.5108,283,Ação Penal - Procedimento Ordinário,Estelionato Majorado ,2018-08-02,2026-09-15T22:57:28.892000Z,39,G1,Eletrônico,https://eproc.jfrj.jus.br/eproc/externo_controlador.php?acao=processo_consulta_publica
50013164020184025108,5001316-40.2018.4.02.5108,283,Ação Penal - Procedimento Ordinário,Estelionato Majorado ,2018-08-03,2026-07-15T06:30:42.049000Z,33,G1,Eletrônico,https://eproc.jfrj.jus.br/eproc/externo_controlador.php?acao=processo_consulta_publica
50013181020184025108,5001318-10.2018.4.02.5108,283,Ação Penal - Procedimento Ordinário,Estelionato Majorado ,2018-08-03,2026-09-15T22:56:35.983000Z,42,G1,Eletrônico,https://eproc.jfrj.jus.br/eproc/externo_controlador.php?acao=processo_consulta_publica
05068909320184025101,0506890-93.2018.4.02.5101,326,Restituição de Coisas Apreendidas,Contravenções Penais,2018-08-03,2024-07-06T00:38:08.881000Z,2,G1,Eletrônico,https://eproc.jfrj.jus.br/eproc/externo_controlador.php?acao=processo_consulta_publica
05068917820184025101,0506891-78.2018.4.02.5101,326,Restituição de Coisas Apreendidas,"Crimes de &quot;Lavagem&quot; ou Ocultação de Bens, Direitos ou Valores",2018-08-03,2024-07-06T00:39:36.196000Z,7,G1,Eletrônico,https://eproc.jfrj.jus.br/eproc/externo_controlador.php?acao=processo_consulta_publica
50161670820184025101,5016167-08.2018.4.02.5101,279,Inquérito Policial,Injúria,2018-08-03,2024-02-29T12:48:47.259000Z,1,JE,Eletrônico,https://eproc.jfrj.jus.br/eproc/externo_controlador.php?acao=processo_consulta_publica
50161670820184025101,5016167-08.2018.4.02.5101,279,Inquérito Policial,Injúria,2018-08-03,2024-07-05T21:38:37.139000Z,7,G1,Eletrônico,https://eproc.jfrj.jus.br/eproc/externo_controlador.php?acao=processo_consulta_publica
05069203120184025101,0506920-31.2018.4.02.5101,1727,Petição Criminal,"Crimes de &quot;Lavagem&quot; ou Ocultação de Bens, Direitos ou Valores",2018-08-08,2024-07-06T00:38:07.476000Z,4,G1,Eletrônico,https://eproc.jfrj.jus.br/eproc/externo_controlador.php?acao=processo_consulta_publica
50169812020184025101,5016981-20.2018.4.02.5101,1733,Procedimento Investigatório Criminal (PIC-MP) ,Ameaça ,2018-08-08,2024-07-05T21:40:08.996000Z,4,G1,Eletrônico,https://eproc.jfrj.jus.br/eproc/externo_controlador.php?acao=processo_consulta_publica
50170574420184025101,5017057-44.2018.4.02.5101,283,Ação Penal - Procedimento Ordinário,Estelionato Majorado ,2018-08-08,2024-07-05T21:39:43.792000Z,12,G1,Eletrônico,https://eproc.jfrj.jus.br/eproc/externo_controlador.php?acao=processo_consulta_publica
05069272320184025101,0506927-23.2018.4.02.5101,327,Embargos de Terceiro Criminal,Contravenções Penais,2018-08-08,2024-07-06T00:38:35.626000Z,5,G1,Eletrônico,https://eproc.jfrj.jus.br/eproc/externo_controlador.php?acao=processo_consulta_publica
05069359720184025101,0506935-97.2018.4.02.5101,319,Exceção de Incompetência de Juízo,Contravenções Penais,2018-08-09,2024-07-06T00:36:52.601000Z,2,G1,Eletrônico,https://eproc.jfrj.jus.br/eproc/externo_controlador.php?acao=processo_consulta_publica
05069368220184025101,0506936-82.2018.4.02.5101,426,Recurso em Sentido Estrito,"Crimes de &quot;Lavagem&quot; ou Ocultação de Bens, Direitos ou Valores",2018-08-09,2024-07-05T23:22:48.806000Z,4,G1,Eletrônico,https://eproc.jfrj.jus.br/eproc/externo_controlador.php?acao=processo_consulta_publica
05069376720184025101,0506937-67.2018.4.02.5101,327,Embargos de Terceiro Criminal,"Crimes de &quot;Lavagem&quot; ou Ocultação de Bens, Direitos ou Valores",2018-08-09,2024-07-06T00:37:55.717000Z,7,G1,Eletrônico,https://eproc.jfrj.jus.br/eproc/externo_controlador.php?acao=processo_consulta_publica
50014376820184025108,5001437-68.2018.4.02.5108,283,Ação Penal - Procedimento Ordinário,Estelionato Majorado ,2018-08-10,2026-08-21T00:06:11.130000Z,34,G1,Eletrônico,https://eproc.jfrj.jus.br/eproc/externo_controlador.php?acao=processo_consulta_publica
05069567320184025101,0506956-73.2018.4.02.5101,329,Seqüestro,"Crimes de &quot;Lavagem&quot; ou Ocultação de Bens, Direitos ou Valores",2018-08-13,2024-07-06T00:38:42.178000Z,7,G1,Eletrônico,https://eproc.jfrj.jus.br/eproc/externo_controlador.php?acao=processo_consulta_publica
05069774920184025101,0506977-49.2018.4.02.5101,309,Pedido de Busca e Apreensão Criminal,Contravenções Penais,2018-08-14,2026-07-15T01:52:47.846000Z,11,G1,Eletrônico,https://eproc.jfrj.jus.br/eproc/externo_controlador.php?acao=processo_consulta_publica
05069783420184025101,0506978-34.2018.4.02.5101,313,Pedido de Prisão Preventiva,"Crimes de &quot;Lavagem&quot; ou Ocultação de Bens, Direitos ou Valores",2018-08-14,2024-09-26T21:11:28.868000Z,49,G1,Eletrônico,https://eproc.jfrj.jus.br/eproc/externo_controlador.php?acao=processo_consulta_publica
05069791920184025101,0506979-19.2018.4.02.5101,329,Seqüestro,"Crimes de &quot;Lavagem&quot; ou Ocultação de Bens, Direitos ou Valores",2018-08-14,2026-07-15T06:08:38.725000Z,62,G1,Eletrônico,https://eproc.jfrj.jus.br/eproc/externo_controlador.php?acao=processo_consulta_publica
50183877620184025101,5018387-76.2018.4.02.5101,283,Ação Penal - Procedimento Ordinário,Uso de documento falso ,2018-08-15,2024-07-05T21:38:38.408000Z,33,G1,Eletrônico,https://eproc.jfrj.jus.br/eproc/externo_controlador.php?acao=processo_consulta_publica
50184674020184025101,5018467-40.2018.4.02.5101,279,Inquérito Policial,Desacato ; Ultraje Público ao Pudor (Ato/Escrito Obsceno),2018-08-15,2024-07-05T21:41:36.333000Z,13,G1,Eletrônico,https://eproc.jfrj.jus.br/eproc/externo_controlador.php?acao=processo_consulta_publica
50185168120184025101,5018516-81.2018.4.02.5101,279,Inquérito Policial,Tráfico de Drogas e Condutas Afins,2018-08-15,2024-07-05T21:40:23.828000Z,5,G1,Eletrônico,https://eproc.jfrj.jus.br/eproc/externo_controlador.php?acao=processo_consulta_publica
05069921820184025101,0506992-18.2018.4.02.5101,319,Exceção de Incompetência de Juízo,Contravenções Penais,2018-08-15,2024-07-06T00:38:46.386000Z,2,G1,Eletrônico,https://eproc.jfrj.jus.br/eproc/externo_controlador.php?acao=processo_consulta_publica
05069930320184025101,0506993-03.2018.4.02.5101,319,Exceção de Incompetência de Juízo,Contravenções Penais,2018-08-15,2024-07-06T00:38:37.016000Z,2,G1,Eletrônico,https://eproc.jfrj.jus.br/eproc/externo_controlador.php?acao=processo_consulta_publica
05069948520184025101,0506994-85.2018.4.02.5101,1727,Petição Criminal,"Crimes de &quot;Lavagem&quot; ou Ocultação de Bens, Direitos ou Valores",2018-08-15,2024-07-06T00:39:43.805000Z,4,G1,Eletrônico,https://eproc.jfrj.jus.br/eproc/externo_controlador.php?acao=processo_consulta_publica
05069957020184025101,0506995-70.2018.4.02.5101,11955,Cautelar Inominada Criminal,"Crimes de &quot;Lavagem&quot; ou Ocultação de Bens, Direitos ou Valores",2018-08-15,2024-07-06T00:39:44.135000Z,51,G1,Eletrônico,https://eproc.jfrj.jus.br/eproc/externo_controlador.php?acao=processo_consulta_publica
00805464320184025101,0080546-43.2018.4.02.5101,327,Embargos de Terceiro Criminal,"Crimes de &quot;Lavagem&quot; ou Ocultação de Bens, Direitos ou Valores",2018-08-16,2024-07-06T00:13:48.906000Z,33,G1,Eletrônico,https://eproc.jfrj.jus.br/eproc/externo_controlador.php?acao=processo_consulta_publica
05070120920184025101,0507012-09.2018.4.02.5101,309,Pedido de Busca e Apreensão Criminal,"Crimes de &quot;Lavagem&quot; ou Ocultação de Bens, Direitos ou Valores",2018-08-17,2024-07-06T00:38:47.740000Z,22,G1,Eletrônico,https://eproc.jfrj.jus.br/eproc/externo_controlador.php?acao=processo_consulta_publica
05070286020184025101,0507028-60.2018.4.02.5101,319,Exceção de Incompetência de Juízo,Contravenções Penais,2018-08-20,2024-07-05T23:22:17.670000Z,2,G1,Eletrônico,https://eproc.jfrj.jus.br/eproc/externo_controlador.php?acao=processo_consulta_publica
50021390820184025110,5002139-08.2018.4.02.5110,1727,Petição Criminal,"Crimes de &quot;Lavagem&quot; ou Ocultação de Bens, Direitos ou Valores",2018-08-20,2024-07-05T20:23:26.686000Z,8,G1,Eletrônico,https://eproc.jfrj.jus.br/eproc/externo_controlador.php?acao=processo_consulta_publica
05070303020184025101,0507030-30.2018.4.02.5101,283,Ação Penal - Procedimento Ordinário,"Crimes de &quot;Lavagem&quot; ou Ocultação de Bens, Direitos ou Valores",2018-08-20,2026-08-21T00:07:48.267000Z,30,G1,Eletrônico,https://eproc.jfrj.jus.br/eproc/externo_controlador.php?acao=processo_consulta_publica
00807672620184025101,0080767-26.2018.4.02.5101,327,Embargos de Terceiro Criminal,Contravenções Penais,2018-08-21,2024-07-06T00:13:22.108000Z,3,G1,Eletrônico,https://eproc.jfrj.jus.br/eproc/externo_controlador.php?acao=processo_consulta_publica
50022603620184025110,5002260-36.2018.4.02.5110,279,Inquérito Policial,Estelionato Majorado ,2018-08-23,2024-07-05T20:31:59.909000Z,7,G1,Eletrônico,https://eproc.jfrj.jus.br/eproc/externo_controlador.php?acao=processo_consulta_publica
50208058420184025101,5020805-84.2018.4.02.5101,283,Ação Penal - Procedimento Ordinário,Estelionato Majorado ,2018-08-23,2026-08-20T23:21:51.886000Z,35,G1,Eletrônico,https://eproc.jfrj.jus.br/eproc/externo_controlador.php?acao=processo_consulta_publica
00808564920184025101,0080856-49.2018.4.02.5101,327,Embargos de Terceiro Criminal,"Crimes de &quot;Lavagem&quot; ou Ocultação de Bens, Direitos ou Valores",2018-08-24,2026-06-13T14:07:26.532000Z,78,G1,Eletrônico,https://eproc.jfrj.jus.br/eproc/externo_controlador.php?acao=processo_consulta_publica
50212024620184025101,5021202-46.2018.4.02.5101,283,Ação Penal - Procedimento Ordinário,Inserção de dados falsos em sistema de informações ,2018-08-24,2024-07-05T22:15:11.347000Z,13,G1,Eletrônico,https://eproc.jfrj.jus.br/eproc/externo_controlador.php?acao=processo_consulta_publica
50215272120184025101,5021527-21.2018.4.02.5101,1733,Procedimento Investigatório Criminal (PIC-MP) ,Crimes da Lei de remoção de órgãos e tecidos,2018-08-27,2024-07-05T21:45:24.837000Z,3,G1,Eletrônico,https://eproc.jfrj.jus.br/eproc/externo_controlador.php?acao=processo_consulta_publica
00810236620184025101,0081023-66.2018.4.02.5101,327,Embargos de Terceiro Criminal,"Crimes de &quot;Lavagem&quot; ou Ocultação de Bens, Direitos ou Valores",2018-08-29,2024-07-06T00:14:15.099000Z,12,G1,Eletrônico,https://eproc.jfrj.jus.br/eproc/externo_controlador.php?acao=processo_consulta_publica
50219983720184025101,5021998-37.2018.4.02.5101,283,Ação Penal - Procedimento Ordinário,Moeda Falsa / Assimilados,2018-08-29,2024-07-05T21:43:43.822000Z,4,G1,Eletrônico,https://eproc.jfrj.jus.br/eproc/externo_controlador.php?acao=processo_consulta_publica
00810392020184025101,0081039-20.2018.4.02.5101,327,Embargos de Terceiro Criminal,Contravenções Penais,2018-08-29,2024-07-05T23:20:57.191000Z,5,G1,Eletrônico,https://eproc.jfrj.jus.br/eproc/externo_controlador.php?acao=processo_consulta_publica
50221135820184025101,5022113-58.2018.4.02.5101,279,Inquérito Policial,Estelionato,2018-08-29,2024-07-05T23:24:11.178000Z,7,G1,Eletrônico,https://eproc.jfrj.jus.br/eproc/externo_controlador.php?acao=processo_consulta_publica
00809968320184025101,0080996-83.2018.4.02.5101,327,Embargos de Terceiro Criminal,Contravenções Penais,2018-08-30,2024-07-05T23:20:52.973000Z,5,G1,Eletrônico,https://eproc.jfrj.jus.br/eproc/externo_controlador.php?acao=processo_consulta_publica
50225717520184025101,5022571-75.2018.4.02.5101,1733,Procedimento Investigatório Criminal (PIC-MP) ,Furto ,2018-08-31,2024-07-05T22:16:54.403000Z,4,G1,Eletrônico,https://eproc.jfrj.jus.br/eproc/externo_controlador.php?acao=processo_consulta_publica
05071316720184025101,0507131-67.2018.4.02.5101,279,Inquérito Policial,Contravenções Penais,2018-09-03,2024-07-06T00:38:46.566000Z,11,G1,Eletrônico,https://eproc.jfrj.jus.br/eproc/externo_controlador.php?acao=processo_consulta_publica
05071333720184025101,0507133-37.2018.4.02.5101,426,Recurso em Sentido Estrito,"Crimes de &quot;Lavagem&quot; ou Ocultação de Bens, Direitos ou Valores",2018-09-03,2024-07-06T00:38:42.116000Z,8,G1,Eletrônico,https://eproc.jfrj.jus.br/eproc/externo_controlador.php?acao=processo_consulta_publica
50230169320184025101,5023016-93.2018.4.02.5101,1733,Procedimento Investigatório Criminal (PIC-MP) ,Estelionato,2018-09-03,2024-07-05T22:15:17.444000Z,3,G1,Eletrônico,https://eproc.jfrj.jus.br/eproc/externo_controlador.php?acao=processo_consulta_publica
50231762120184025101,5023176-21.2018.4.02.5101,279,Inquérito Policial,Uso de documento falso ,2018-09-04,2024-07-05T22:10:57.835000Z,8,G1,Eletrônico,https://eproc.jfrj.jus.br/eproc/externo_controlador.php?acao=processo_consulta_publica
50232333920184025101,5023233-39.2018.4.02.5101,283,Ação Penal - Procedimento Ordinário,Uso de documento falso ,2018-09-04,2024-07-05T21:43:09.276000Z,13,G1,Eletrônico,https://eproc.jfrj.jus.br/eproc/externo_controlador.php?acao=processo_consulta_publica
50232628920184025101,5023262-89.2018.4.02.5101,1733,Procedimento Investigatório Criminal (PIC-MP) ,Fato Atípico,2018-09-04,2024-07-05T21:40:35.020000Z,4,G1,Eletrônico,https://eproc.jfrj.jus.br/eproc/externo_controlador.php?acao=processo_consulta_publica
50235235420184025101,5023523-54.2018.4.02.5101,279,Inquérito Policial,Estelionato Majorado ,2018-09-05,2024-07-05T22:14:52.308000Z,3,G1,Eletrônico,https://eproc.jfrj.jus.br/eproc/externo_controlador.php?acao=processo_consulta_publica
50235409020184025101,5023540-90.2018.4.02.5101,283,Ação Penal - Procedimento Ordinário,Crimes contra a Ordem Tributária,2018-09-05,2024-07-05T22:16:26.873000Z,14,G1,Eletrônico,https://eproc.jfrj.jus.br/eproc/externo_controlador.php?acao=processo_consulta_publica
50240535820184025101,5024053-58.2018.4.02.5101,283,Ação Penal - Procedimento Ordinário,Crimes de Tráfico Ilícito e Uso Indevido de Drogas,2018-09-08,2024-07-05T21:41:43.174000Z,63,G1,Eletrônico,https://eproc.jfrj.jus.br/eproc/externo_controlador.php?acao=processo_consulta_publica
00813743920184025101,0081374-39.2018.4.02.5101,326,Restituição de Coisas Apreendidas,Contravenções Penais,2018-09-10,2024-07-06T00:14:09.176000Z,2,G1,Eletrônico,https://eproc.jfrj.jus.br/eproc/externo_controlador.php?acao=processo_consulta_publica
50242691920184025101,5024269-19.2018.4.02.5101,279,Inquérito Policial,Estelionato,2018-09-10,2024-07-05T21:41:53.168000Z,3,G1,Eletrônico,https://eproc.jfrj.jus.br/eproc/externo_controlador.php?acao=processo_consulta_publica
05071706420184025101,0507170-64.2018.4.02.5101,283,Ação Penal - Procedimento Ordinário,"Crimes de &quot;Lavagem&quot; ou Ocultação de Bens, Direitos ou Valores",2018-09-12,2024-07-06T00:37:37.609000Z,10,G1,Eletrônico,https://eproc.jfrj.jus.br/eproc/externo_controlador.php?acao=processo_consulta_publica
50248382020184025101,5024838-20.2018.4.02.5101,1733,Procedimento Investigatório Criminal (PIC-MP) ,Estelionato Majorado ,2018-09-12,2024-07-05T22:14:54.111000Z,5,G1,Eletrônico,https://eproc.jfrj.jus.br/eproc/externo_controlador.php?acao=processo_consulta_publica
05071723420184025101,0507172-34.2018.4.02.5101,1727,Petição Criminal,"Crimes de &quot;Lavagem&quot; ou Ocultação de Bens, Direitos ou Valores",2018-09-13,2024-07-06T00:38:30.223000Z,7,G1,Eletrônico,https://eproc.jfrj.jus.br/eproc/externo_controlador.php?acao=processo_consulta_publica
50251361220184025101,5025136-12.2018.4.02.5101,283,Ação Penal - Procedimento Ordinário,Estelionato Majorado ,2018-09-13,2024-07-05T22:15:59.899000Z,6,G1,Eletrônico,https://eproc.jfrj.jus.br/eproc/externo_controlador.php?acao=processo_consulta_publica
50252799820184025101,5025279-98.2018.4.02.5101,1733,Procedimento Investigatório Criminal (PIC-MP) ,Estelionato Majorado ,2018-09-14,2024-07-05T22:17:14.934000Z,3,G1,Eletrônico,https://eproc.jfrj.jus.br/eproc/externo_controlador.php?acao=processo_consulta_publica
50255406320184025101,5025540-63.2018.4.02.5101,1733,Procedimento Investigatório Criminal (PIC-MP) ,Roubo ,2018-09-17,2024-07-05T23:24:36.084000Z,6,G1,Eletrônico,https://eproc.jfrj.jus.br/eproc/externo_controlador.php?acao=processo_consulta_publica
05071914020184025101,0507191-40.2018.4.02.5101,327,Embargos de Terceiro Criminal,Contravenções Penais,2018-09-20,2024-07-06T00:37:32.371000Z,3,G1,Eletrônico,https://eproc.jfrj.jus.br/eproc/externo_controlador.php?acao=processo_consulta_publica
50268215420184025101,5026821-54.2018.4.02.5101,283,Ação Penal - Procedimento Ordinário,Estelionato Majorado ,2018-09-21,2024-07-05T22:16:18.915000Z,15,G1,Eletrônico,https://eproc.jfrj.jus.br/eproc/externo_controlador.php?acao=processo_consulta_publica
50268198420184025101,5026819-84.2018.4.02.5101,1733,Procedimento Investigatório Criminal (PIC-MP) ,Furto ,2018-09-21,2024-07-05T23:24:23.090000Z,3,G1,Eletrônico,https://eproc.jfrj.jus.br/eproc/externo_controlador.php?acao=processo_consulta_publica
05071922520184025101,0507192-25.2018.4.02.5101,1727,Petição Criminal,"Crimes de &quot;Lavagem&quot; ou Ocultação de Bens, Direitos ou Valores",2018-09-21,2024-07-05T23:22:55.221000Z,4,G1,Eletrônico,https://eproc.jfrj.jus.br/eproc/externo_controlador.php?acao=processo_consulta_publica
05071931020184025101,0507193-10.2018.4.02.5101,327,Embargos de Terceiro Criminal,Contravenções Penais,2018-09-21,2024-07-06T00:37:45.160000Z,3,G1,Eletrônico,https://eproc.jfrj.jus.br/eproc/externo_controlador.php?acao=processo_consulta_publica
05071949220184025101,0507194-92.2018.4.02.5101,1727,Petição Criminal,"Crimes de &quot;Lavagem&quot; ou Ocultação de Bens, Direitos ou Valores",2018-09-21,2024-07-06T00:37:33.375000Z,4,G1,Eletrônico,https://eproc.jfrj.jus.br/eproc/externo_controlador.php?acao=processo_consulta_publica
50269376020184025101,5026937-60.2018.4.02.5101,1733,Procedimento Investigatório Criminal (PIC-MP) ,Fato Atípico,2018-09-21,2024-07-05T22:16:49.500000Z,3,G1,Eletrônico,https://eproc.jfrj.jus.br/eproc/externo_controlador.php?acao=processo_consulta_publica
50269748720184025101,5026974-87.2018.4.02.5101,283,Ação Penal - Procedimento Ordinário,Crime de Desvio e/ou Circulação de Moeda Não Autorizada,2018-09-21,2024-07-05T21:42:39.939000Z,14,G1,Eletrônico,https://eproc.jfrj.jus.br/eproc/externo_controlador.php?acao=processo_consulta_publica
50279863920184025101,5027986-39.2018.4.02.5101,1733,Procedimento Investigatório Criminal (PIC-MP) ,Estelionato Majorado ,2018-09-26,2024-07-05T22:09:29.150000Z,3,G1,Eletrônico,https://eproc.jfrj.jus.br/eproc/externo_controlador.php?acao=processo_consulta_publica
50280773220184025101,5028077-32.2018.4.02.5101,279,Inquérito Policial,Falsidade ideológica ,2018-09-27,2024-07-05T22:17:17.021000Z,6,G1,Eletrônico,https://eproc.jfrj.jus.br/eproc/externo_controlador.php?acao=processo_consulta_publica
05072234520184025101,0507223-45.2018.4.02.5101,326,Restituição de Coisas Apreendidas,Contravenções Penais,2018-09-27,2024-07-06T00:38:26.757000Z,4,G1,Eletrônico,https://eproc.jfrj.jus.br/eproc/externo_controlador.php?acao=processo_consulta_publica
05072468820184025101,0507246-88.2018.4.02.5101,426,Recurso em Sentido Estrito,"Crimes de &quot;Lavagem&quot; ou Ocultação de Bens, Direitos ou Valores",2018-09-28,2024-07-05T23:22:44.987000Z,4,G1,Eletrônico,https://eproc.jfrj.jus.br/eproc/externo_controlador.php?acao=processo_consulta_publica
50287338620184025101,5028733-86.2018.4.02.5101,279,Inquérito Policial,Estelionato,2018-10-01,2024-07-05T22:15:09.873000Z,4,G1,Eletrônico,https://eproc.jfrj.jus.br/eproc/externo_controlador.php?acao=processo_consulta_publica
50291824420184025101,5029182-44.2018.4.02.5101,279,Inquérito Policial,Estelionato Majorado ,2018-10-02,2024-07-05T22:17:51.315000Z,3,G1,Eletrônico,https://eproc.jfrj.jus.br/eproc/externo_controlador.php?acao=processo_consulta_publica
05072737120184025101,0507273-71.2018.4.02.5101,327,Embargos de Terceiro Criminal,Contravenções Penais,2018-10-03,2024-07-06T00:38:07.907000Z,15,G1,Eletrônico,https://eproc.jfrj.jus.br/eproc/externo_controlador.php?acao=processo_consulta_publica
05072771120184025101,0507277-11.2018.4.02.5101,241,Petição Cível,Contravenções Penais,2018-10-03,2024-07-06T00:38:10.504000Z,4,G1,Eletrônico,https://eproc.jfrj.jus.br/eproc/externo_controlador.php?acao=processo_consulta_publica
50035655520184025110,5003565-55.2018.4.02.5110,279,Inquérito Policial,Crimes contra as Telecomunicações,2018-10-03,2024-07-05T20:33:09.974000Z,6,G1,Eletrônico,https://eproc.jfrj.jus.br/eproc/externo_controlador.php?acao=processo_consulta_publica
05072814820184025101,0507281-48.2018.4.02.5101,327,Embargos de Terceiro Criminal,Contravenções Penais,2018-10-04,2024-07-06T00:37:55.293000Z,3,G1,Eletrônico,https://eproc.jfrj.jus.br/eproc/externo_controlador.php?acao=processo_consulta_publica
50306512820184025101,5030651-28.2018.4.02.5101,283,Ação Penal - Procedimento Ordinário,Estelionato Majorado ,2018-10-09,2024-07-05T22:18:17.998000Z,7,G1,Eletrônico,https://eproc.jfrj.jus.br/eproc/externo_controlador.php?acao=processo_consulta_publica
50308297420184025101,5030829-74.2018.4.02.5101,279,Inquérito Policial,Estelionato Majorado ,2018-10-10,2024-07-05T22:17:22.093000Z,4,G1,Eletrônico,https://eproc.jfrj.jus.br/eproc/externo_controlador.php?acao=processo_consulta_publica
50313476420184025101,5031347-64.2018.4.02.5101,1733,Procedimento Investigatório Criminal (PIC-MP) ,Estelionato Majorado ,2018-10-15,2024-07-05T22:16:41.919000Z,4,G1,Eletrônico,https://eproc.jfrj.jus.br/eproc/externo_controlador.php?acao=processo_consulta_publica
05073256720184025101,0507325-67.2018.4.02.5101,326,Restituição de Coisas Apreendidas,Contravenções Penais,2018-10-15,2024-07-06T00:38:49.838000Z,2,G1,Eletrônico,https://eproc.jfrj.jus.br/eproc/externo_controlador.php?acao=processo_consulta_publica
05073265220184025101,0507326-52.2018.4.02.5101,1727,Petição Criminal,"Crimes de &quot;Lavagem&quot; ou Ocultação de Bens, Direitos ou Valores",2018-10-15,2024-07-06T00:39:40.610000Z,2,G1,Eletrônico,https://eproc.jfrj.jus.br/eproc/externo_controlador.php?acao=processo_consulta_publica
05073386620184025101,0507338-66.2018.4.02.5101,283,Ação Penal - Procedimento Ordinário,"Crimes de &quot;Lavagem&quot; ou Ocultação de Bens, Direitos ou Valores",2018-10-16,2026-09-15T22:58:27.535000Z,59,G1,Eletrônico,https://eproc.jfrj.jus.br/eproc/externo_controlador.php?acao=processo_consulta_publica
05073403620184025101,0507340-36.2018.4.02.5101,326,Restituição de Coisas Apreendidas,Contravenções Penais,2018-10-17,2024-07-06T00:37:54.862000Z,2,G1,Eletrônico,https://eproc.jfrj.jus.br/eproc/externo_controlador.php?acao=processo_consulta_publica
05073412120184025101,0507341-21.2018.4.02.5101,326,Restituição de Coisas Apreendidas,"Crimes de &quot;Lavagem&quot; ou Ocultação de Bens, Direitos ou Valores",2018-10-17,2024-07-06T00:37:51.539000Z,4,G1,Eletrônico,https://eproc.jfrj.jus.br/eproc/externo_controlador.php?acao=processo_consulta_publica
50321270420184025101,5032127-04.2018.4.02.5101,279,Inquérito Policial,Estelionato Majorado ,2018-10-17,2024-07-05T22:16:23.950000Z,3,G1,Eletrônico,https://eproc.jfrj.jus.br/eproc/externo_controlador.php?acao=processo_consulta_publica
50321885920184025101,5032188-59.2018.4.02.5101,279,Inquérito Policial,Crimes de Tráfico Ilícito e Uso Indevido de Drogas,2018-10-17,2024-07-05T22:16:59.340000Z,17,G1,Eletrônico,https://eproc.jfrj.jus.br/eproc/externo_controlador.php?acao=processo_consulta_publica
50322838920184025101,5032283-89.2018.4.02.5101,279,Inquérito Policial,Crimes contra a Ordem Tributária,2018-10-18,2024-07-05T22:18:35.673000Z,2,G1,Eletrônico,https://eproc.jfrj.jus.br/eproc/externo_controlador.php?acao=processo_consulta_publica
50322908120184025101,5032290-81.2018.4.02.5101,283,Ação Penal - Procedimento Ordinário,Crimes contra a Ordem Tributária,2018-10-18,2024-07-05T22:16:20.167000Z,16,G1,Eletrônico,https://eproc.jfrj.jus.br/eproc/externo_controlador.php?acao=processo_consulta_publica
50327299220184025101,5032729-92.2018.4.02.5101,279,Inquérito Policial,Ameaça ,2018-10-19,2024-07-05T22:17:20.440000Z,3,G1,Eletrônico,https://eproc.jfrj.jus.br/eproc/externo_controlador.php?acao=processo_consulta_publica
50330027120184025101,5033002-71.2018.4.02.5101,279,Inquérito Policial,Estelionato Majorado ,2018-10-22,2024-07-05T22:18:14.334000Z,3,G1,Eletrônico,https://eproc.jfrj.jus.br/eproc/externo_controlador.php?acao=processo_consulta_publica
50330469020184025101,5033046-90.2018.4.02.5101,279,Inquérito Policial,Falsificação de documento particular ,2018-10-22,2024-07-05T22:17:18.635000Z,3,G1,Eletrônico,https://eproc.jfrj.jus.br/eproc/externo_controlador.php?acao=processo_consulta_publica
50330494520184025101,5033049-45.2018.4.02.5101,283,Ação Penal - Procedimento Ordinário,Uso de documento falso ,2018-10-22,2024-07-05T22:17:21.431000Z,6,G1,Eletrônico,https://eproc.jfrj.jus.br/eproc/externo_controlador.php?acao=processo_consulta_publica
50330580720184025101,5033058-07.2018.4.02.5101,283,Ação Penal - Procedimento Ordinário,Uso de documento falso ,2018-10-22,2024-07-05T22:17:08.889000Z,9,G1,Eletrônico,https://eproc.jfrj.jus.br/eproc/externo_controlador.php?acao=processo_consulta_publica
00826579720184025101,0082657-97.2018.4.02.5101,327,Embargos de Terceiro Criminal,Contravenções Penais,2018-10-23,2024-07-06T00:14:31.683000Z,3,G1,Eletrônico,https://eproc.jfrj.jus.br/eproc/externo_controlador.php?acao=processo_consulta_publica
50334556620184025101,5033455-66.2018.4.02.5101,1733,Procedimento Investigatório Criminal (PIC-MP) ,Dano; Injúria,2018-10-23,2024-07-05T22:16:16.604000Z,4,G1,Eletrônico,https://eproc.jfrj.jus.br/eproc/externo_controlador.php?acao=processo_consulta_publica
50334625820184025101,5033462-58.2018.4.02.5101,279,Inquérito Policial,Estelionato,2018-10-23,2024-07-05T22:18:21.284000Z,3,G1,Eletrônico,https://eproc.jfrj.jus.br/eproc/externo_controlador.php?acao=processo_consulta_publica
50337994720184025101,5033799-47.2018.4.02.5101,279,Inquérito Policial,Estelionato Majorado ,2018-10-24,2024-07-05T22:17:49.600000Z,3,G1,Eletrônico,https://eproc.jfrj.jus.br/eproc/externo_controlador.php?acao=processo_consulta_publica
05074027620184025101,0507402-76.2018.4.02.5101,426,Recurso em Sentido Estrito,Contravenções Penais,2018-10-24,2024-07-06T00:37:30.438000Z,5,G1,Eletrônico,https://eproc.jfrj.jus.br/eproc/externo_controlador.php?acao=processo_consulta_publica
05074036120184025101,0507403-61.2018.4.02.5101,1727,Petição Criminal,Contravenções Penais,2018-10-25,2024-07-05T23:22:47.765000Z,2,G1,Eletrônico,https://eproc.jfrj.jus.br/eproc/externo_controlador.php?acao=processo_consulta_publica
50341606420184025101,5034160-64.2018.4.02.5101,1733,Procedimento Investigatório Criminal (PIC-MP) ,Estelionato Majorado ,2018-10-25,2024-07-05T22:17:50.304000Z,3,G1,Eletrônico,https://eproc.jfrj.jus.br/eproc/externo_controlador.php?acao=processo_consulta_publica
50089429220224025101,5008942-92.2022.4.02.5101,283,Ação Penal - Procedimento Ordinário,"Crimes de &quot;Lavagem&quot; ou Ocultação de Bens, Direitos ou Valores",2018-10-26,2024-07-05T21:08:00.153000Z,3,G1,Eletrônico,https://eproc.jfrj.jus.br/eproc/externo_controlador.php?acao=processo_consulta_publica
05074218220184025101,0507421-82.2018.4.02.5101,283,Ação Penal - Procedimento Ordinário,"Crimes de &quot;Lavagem&quot; ou Ocultação de Bens, Direitos ou Valores",2018-10-26,2026-08-20T23:30:48.192000Z,37,G1,Eletrônico,https://eproc.jfrj.jus.br/eproc/externo_controlador.php?acao=processo_consulta_publica
50345451220184025101,5034545-12.2018.4.02.5101,279,Inquérito Policial,Estelionato Majorado ,2018-10-26,2024-07-05T22:19:09.836000Z,3,G1,Eletrônico,https://eproc.jfrj.jus.br/eproc/externo_controlador.php?acao=processo_consulta_publica
50346343520184025101,5034634-35.2018.4.02.5101,279,Inquérito Policial,Tráfico de Drogas e Condutas Afins,2018-10-26,2024-07-05T22:18:11.994000Z,3,G1,Eletrônico,https://eproc.jfrj.jus.br/eproc/externo_controlador.php?acao=processo_consulta_publica
50349418620184025101,5034941-86.2018.4.02.5101,1733,Procedimento Investigatório Criminal (PIC-MP) ,Estelionato Majorado ,2018-10-29,2024-07-05T22:16:55.069000Z,2,G1,Eletrônico,https://eproc.jfrj.jus.br/eproc/externo_controlador.php?acao=processo_consulta_publica
50356043520184025101,5035604-35.2018.4.02.5101,283,Ação Penal - Procedimento Ordinário,Crimes de Tráfico Ilícito e Uso Indevido de Drogas,2018-10-31,2024-07-05T22:17:41.110000Z,7,G1,Eletrônico,https://eproc.jfrj.jus.br/eproc/externo_controlador.php?acao=processo_consulta_publica
05074503520184025101,0507450-35.2018.4.02.5101,326,Restituição de Coisas Apreendidas,Contravenções Penais,2018-10-31,2024-07-06T00:37:55.259000Z,4,G1,Eletrônico,https://eproc.jfrj.jus.br/eproc/externo_controlador.php?acao=processo_consulta_publica
05074555720184025101,0507455-57.2018.4.02.5101,241,Petição Cível,Contravenções Penais,2018-11-06,2024-07-06T00:37:56.523000Z,5,G1,Eletrônico,https://eproc.jfrj.jus.br/eproc/externo_controlador.php?acao=processo_consulta_publica
50365518920184025101,5036551-89.2018.4.02.5101,283,Ação Penal - Procedimento Ordinário,Falso reconhecimento de firma ou letra; Uso de documento falso ,2018-11-06,2024-07-05T22:17:59.355000Z,31,G1,Eletrônico,https://eproc.jfrj.jus.br/eproc/externo_controlador.php?acao=processo_consulta_publica
50367458920184025101,5036745-89.2018.4.02.5101,1733,Procedimento Investigatório Criminal (PIC-MP) ,Estelionato Majorado ,2018-11-07,2024-07-05T22:16:02.749000Z,3,G1,Eletrônico,https://eproc.jfrj.jus.br/eproc/externo_controlador.php?acao=processo_consulta_publica
50370844820184025101,5037084-48.2018.4.02.5101,1733,Procedimento Investigatório Criminal (PIC-MP) ,"""Lavagem"" ou Ocultação de Bens, Direitos ou Valores Oriundos de Corrupção; Crimes contra o Sistema Financeiro Nacional",2018-11-08,2024-07-05T22:20:12.742000Z,3,G1,Eletrônico,https://eproc.jfrj.jus.br/eproc/externo_controlador.php?acao=processo_consulta_publica
50370966220184025101,5037096-62.2018.4.02.5101,279,Inquérito Policial,Crimes do Sistema Nacional de Armas,2018-11-08,2024-07-05T22:15:50.131000Z,27,G1,Eletrônico,https://eproc.jfrj.jus.br/eproc/externo_controlador.php?acao=processo_consulta_publica
05074641920184025101,0507464-19.2018.4.02.5101,326,Restituição de Coisas Apreendidas,Contravenções Penais,2018-11-08,2024-07-06T00:39:04.391000Z,2,G1,Eletrônico,https://eproc.jfrj.jus.br/eproc/externo_controlador.php?acao=processo_consulta_publica
05074650420184025101,0507465-04.2018.4.02.5101,283,Ação Penal - Procedimento Ordinário,"Crimes contra o Sistema Financeiro Nacional; Crimes de &quot;Lavagem&quot; ou Ocultação de Bens, Direitos ou Valores",2018-11-08,2024-07-06T00:38:25.280000Z,23,G1,Eletrônico,https://eproc.jfrj.jus.br/eproc/externo_controlador.php?acao=processo_consulta_publica
50372871020184025101,5037287-10.2018.4.02.5101,283,Ação Penal - Procedimento Ordinário,Tráfico de Drogas e Condutas Afins,2018-11-09,2024-07-05T22:16:40.103000Z,24,G1,Eletrônico,https://eproc.jfrj.jus.br/eproc/externo_controlador.php?acao=processo_consulta_publica
50375642620184025101,5037564-26.2018.4.02.5101,1733,Procedimento Investigatório Criminal (PIC-MP) ,Prevaricação,2018-11-12,2024-07-05T22:19:00.465000Z,3,G1,Eletrônico,https://eproc.jfrj.jus.br/eproc/externo_controlador.php?acao=processo_consulta_publica
05074729320184025101,0507472-93.2018.4.02.5101,327,Embargos de Terceiro Criminal,Contravenções Penais,2018-11-12,2024-07-06T00:39:50.419000Z,3,G1,Eletrônico,https://eproc.jfrj.jus.br/eproc/externo_controlador.php?acao=processo_consulta_publica
50377764720184025101,5037776-47.2018.4.02.5101,1733,Procedimento Investigatório Criminal (PIC-MP) ,Calúnia; Difamação; Injúria,2018-11-12,2024-07-05T22:16:48.903000Z,3,G1,Eletrônico,https://eproc.jfrj.jus.br/eproc/externo_controlador.php?acao=processo_consulta_publica
50378223620184025101,5037822-36.2018.4.02.5101,1733,Procedimento Investigatório Criminal (PIC-MP) ,Injúria,2018-11-12,2024-07-05T22:20:03.124000Z,3,G1,Eletrônico,https://eproc.jfrj.jus.br/eproc/externo_controlador.php?acao=processo_consulta_publica
05074798520184025101,0507479-85.2018.4.02.5101,326,Restituição de Coisas Apreendidas,Contravenções Penais,2018-11-13,2024-07-06T00:39:46.745000Z,2,G1,Eletrônico,https://eproc.jfrj.jus.br/eproc/externo_controlador.php?acao=processo_consulta_publica
05074807020184025101,0507480-70.2018.4.02.5101,326,Restituição de Coisas Apreendidas,Contravenções Penais,2018-11-13,2024-07-06T00:37:31.656000Z,2,G1,Eletrônico,https://eproc.jfrj.jus.br/eproc/externo_controlador.php?acao=processo_consulta_publica
05074815520184025101,0507481-55.2018.4.02.5101,326,Restituição de Coisas Apreendidas,Contravenções Penais,2018-11-13,2024-07-06T00:38:02.802000Z,2,G1,Eletrônico,https://eproc.jfrj.jus.br/eproc/externo_controlador.php?acao=processo_consulta_publica
50382666920184025101,5038266-69.2018.4.02.5101,1733,Procedimento Investigatório Criminal (PIC-MP) ,Estelionato Majorado ,2018-11-13,2024-07-05T22:19:18.082000Z,3,G1,Eletrônico,https://eproc.jfrj.jus.br/eproc/externo_controlador.php?acao=processo_consulta_publica
05074841020184025101,0507484-10.2018.4.02.5101,329,Seqüestro,"Crimes de &quot;Lavagem&quot; ou Ocultação de Bens, Direitos ou Valores",2018-11-14,2026-09-15T22:58:27.546000Z,48,G1,Eletrônico,https://eproc.jfrj.jus.br/eproc/externo_controlador.php?acao=processo_consulta_publica
50385541720184025101,5038554-17.2018.4.02.5101,279,Inquérito Policial,Tráfico de Drogas e Condutas Afins,2018-11-14,2024-07-05T22:18:25.680000Z,4,G1,Eletrônico,https://eproc.jfrj.jus.br/eproc/externo_controlador.php?acao=processo_consulta_publica
50393328420184025101,5039332-84.2018.4.02.5101,1733,Procedimento Investigatório Criminal (PIC-MP) ,Ameaça ,2018-11-21,2024-07-05T22:17:40.311000Z,3,G1,Eletrônico,https://eproc.jfrj.jus.br/eproc/externo_controlador.php?acao=processo_consulta_publica
50402915520184025101,5040291-55.2018.4.02.5101,283,Ação Penal - Procedimento Ordinário,Roubo Majorado,2018-11-26,2024-07-05T22:17:46.615000Z,17,G1,Eletrônico,https://eproc.jfrj.jus.br/eproc/externo_controlador.php?acao=processo_consulta_publica
50409904620184025101,5040990-46.2018.4.02.5101,1733,Procedimento Investigatório Criminal (PIC-MP) ,Desobediência ,2018-11-28,2024-07-05T22:19:19.978000Z,3,G1,Eletrônico,https://eproc.jfrj.jus.br/eproc/externo_controlador.php?acao=processo_consulta_publica
00836219020184025101,0083621-90.2018.4.02.5101,327,Embargos de Terceiro Criminal,Corrupção passiva ,2018-11-29,2024-07-06T00:13:59.763000Z,7,G1,Eletrônico,https://eproc.jfrj.jus.br/eproc/externo_controlador.php?acao=processo_consulta_publica
50414840820184025101,5041484-08.2018.4.02.5101,1733,Procedimento Investigatório Criminal (PIC-MP) ,Redução a condição análoga à de escravo ,2018-11-30,2024-07-05T22:19:26.735000Z,3,G1,Eletrônico,https://eproc.jfrj.jus.br/eproc/externo_controlador.php?acao=processo_consulta_publica
50416252720184025101,5041625-27.2018.4.02.5101,1733,Procedimento Investigatório Criminal (PIC-MP) ,Estelionato Majorado ,2018-11-30,2024-07-05T22:19:51.240000Z,3,G1,Eletrônico,https://eproc.jfrj.jus.br/eproc/externo_controlador.php?acao=processo_consulta_publica
50422410220184025101,5042241-02.2018.4.02.5101,1733,Procedimento Investigatório Criminal (PIC-MP) ,Estelionato Majorado ,2018-12-04,2024-07-05T23:24:53.907000Z,3,G1,Eletrônico,https://eproc.jfrj.jus.br/eproc/externo_controlador.php?acao=processo_consulta_publica
05075144520184025101,0507514-45.2018.4.02.5101,326,Restituição de Coisas Apreendidas,Contravenções Penais,2018-12-05,2024-07-06T00:38:31.050000Z,2,G1,Eletrônico,https://eproc.jfrj.jus.br/eproc/externo_controlador.php?acao=processo_consulta_publica
05075161520184025101,0507516-15.2018.4.02.5101,426,Recurso em Sentido Estrito,Contravenções Penais,2018-12-05,2024-07-06T00:38:31.726000Z,2,G1,Eletrônico,https://eproc.jfrj.jus.br/eproc/externo_controlador.php?acao=processo_consulta_publica
05075230720184025101,0507523-07.2018.4.02.5101,320,Exceção de Litispendência,"Crimes de &quot;Lavagem&quot; ou Ocultação de Bens, Direitos ou Valores",2018-12-07,2024-07-06T00:38:21.408000Z,2,G1,Eletrônico,https://eproc.jfrj.jus.br/eproc/externo_controlador.php?acao=processo_consulta_publica
50434154620184025101,5043415-46.2018.4.02.5101,279,Inquérito Policial,Tráfico de Drogas e Condutas Afins,2018-12-07,2024-07-05T22:17:46.225000Z,6,G1,Eletrônico,https://eproc.jfrj.jus.br/eproc/externo_controlador.php?acao=processo_consulta_publica
50446062920184025101,5044606-29.2018.4.02.5101,1733,Procedimento Investigatório Criminal (PIC-MP) ,Estelionato Majorado ,2018-12-11,2024-07-05T22:19:11.677000Z,4,G1,Eletrônico,https://eproc.jfrj.jus.br/eproc/externo_controlador.php?acao=processo_consulta_publica
50034893720184025108,5003489-37.2018.4.02.5108,283,Ação Penal - Procedimento Ordinário,Falso testemunho ou falsa perícia ,2018-12-12,2025-01-13T18:52:42.810000Z,22,G1,Eletrônico,https://eproc.jfrj.jus.br/eproc/externo_controlador.php?acao=processo_consulta_publica
50034954420184025108,5003495-44.2018.4.02.5108,283,Ação Penal - Procedimento Ordinário,Estelionato Majorado ,2018-12-12,2024-07-05T20:26:11.072000Z,24,G1,Eletrônico,https://eproc.jfrj.jus.br/eproc/externo_controlador.php?acao=processo_consulta_publica
50454065720184025101,5045406-57.2018.4.02.5101,1733,Procedimento Investigatório Criminal (PIC-MP) ,Fato Atípico,2018-12-12,2024-07-05T22:17:39.101000Z,3,G1,Eletrônico,https://eproc.jfrj.jus.br/eproc/externo_controlador.php?acao=processo_consulta_publica
50462795720184025101,5046279-57.2018.4.02.5101,283,Ação Penal - Procedimento Ordinário,"Crimes de &quot;Lavagem&quot; ou Ocultação de Bens, Direitos ou Valores",2018-12-13,2024-07-05T22:17:49.179000Z,17,G1,Eletrônico,https://eproc.jfrj.jus.br/eproc/externo_controlador.php?acao=processo_consulta_publica
50467827820184025101,5046782-78.2018.4.02.5101,1733,Procedimento Investigatório Criminal (PIC-MP) ,Desobediência ,2018-12-14,2024-07-05T22:20:26.061000Z,3,G1,Eletrônico,https://eproc.jfrj.jus.br/eproc/externo_controlador.php?acao=processo_consulta_publica
50473352820184025101,5047335-28.2018.4.02.5101,279,Inquérito Policial,Poluição,2018-12-17,2024-09-26T20:52:57.328000Z,10,G1,Eletrônico,https://eproc.jfrj.jus.br/eproc/externo_controlador.php?acao=processo_consulta_publica
50476436420184025101,5047643-64.2018.4.02.5101,279,Inquérito Policial,Dano,2018-12-17,2024-07-05T22:19:40.876000Z,6,G1,Eletrônico,https://eproc.jfrj.jus.br/eproc/externo_controlador.php?acao=processo_consulta_publica
50012106320184025113,5001210-63.2018.4.02.5113,279,Inquérito Policial,Estelionato Majorado ,2018-12-18,2024-09-26T21:04:09.640000Z,13,G1,Eletrônico,https://eproc.jfrj.jus.br/eproc/externo_controlador.php?acao=processo_consulta_publica
50012114820184025113,5001211-48.2018.4.02.5113,283,Ação Penal - Procedimento Ordinário,Estelionato Majorado ,2018-12-18,2024-07-05T23:23:37.891000Z,3,G1,Eletrônico,https://eproc.jfrj.jus.br/eproc/externo_controlador.php?acao=processo_consulta_publica
05075794020184025101,0507579-40.2018.4.02.5101,326,Restituição de Coisas Apreendidas,Contravenções Penais,2018-12-18,2024-07-05T23:22:17.873000Z,4,G1,Eletrônico,https://eproc.jfrj.jus.br/eproc/externo_controlador.php?acao=processo_consulta_publica
50484161220184025101,5048416-12.2018.4.02.5101,283,Ação Penal - Procedimento Ordinário,Crimes de Tráfico Ilícito e Uso Indevido de Drogas; Tráfico de Drogas e Condutas Afins,2018-12-18,2024-07-05T22:20:04.589000Z,26,G1,Eletrônico,https://eproc.jfrj.jus.br/eproc/externo_controlador.php?acao=processo_consulta_publica
50501465820184025101,5050146-58.2018.4.02.5101,11955,Cautelar Inominada Criminal,Corrupção passiva ,2018-12-21,2024-07-05T22:19:15.328000Z,6,G1,Eletrônico,https://eproc.jfrj.jus.br/eproc/externo_controlador.php?acao=processo_consulta_publica
50503215220184025101,5050321-52.2018.4.02.5101,1727,Petição Criminal,"""Lavagem"" ou Ocultação de Bens, Direitos ou Valores Oriundos de Corrupção",2018-12-22,2024-07-05T22:19:50.393000Z,7,G1,Eletrônico,https://eproc.jfrj.jus.br/eproc/externo_controlador.php?acao=processo_consulta_publica
50504851720184025101,5050485-17.2018.4.02.5101,1727,Petição Criminal,"""Lavagem"" ou Ocultação de Bens, Direitos ou Valores Oriundos de Corrupção",2018-12-26,2024-07-05T22:19:54.393000Z,12,G1,Eletrônico,https://eproc.jfrj.jus.br/eproc/externo_controlador.php?acao=processo_consulta_publica
50506168920184025101,5050616-89.2018.4.02.5101,279,Inquérito Policial,Furto Qualificado ,2018-12-28,2024-07-05T22:18:08.888000Z,10,G1,Eletrônico,https://eproc.jfrj.jus.br/eproc/externo_controlador.php?acao=processo_consulta_publica
50954487620194025101,5095448-76.2019.4.02.5101,326,Restituição de Coisas Apreendidas,"Crimes de &quot;Lavagem&quot; ou Ocultação de Bens, Direitos ou Valores",2019-11-29T12:32:07.000Z,2024-07-05T22:52:23.254Z,20,G1,Eletrônico,https://eproc.jfrj.jus.br/eproc/externo_controlador.php?acao=processo_consulta_publica
50002727020194025101,5000272-70.2019.4.02.5101,279,Inquérito Policial,Ameaça ; Coação no curso do processo ,2019-01-07,2024-07-06T01:00:15.392000Z,6,G1,Eletrônico,https://eproc.jfrj.jus.br/eproc/externo_controlador.php?acao=processo_consulta_publica
50005637020194025101,5000563-70.2019.4.02.5101,279,Inquérito Policial,Contrabando ou descaminho ,2019-01-09,2024-07-06T01:00:52.822000Z,1,G1,Eletrônico,https://eproc.jfrj.jus.br/eproc/externo_controlador.php?acao=processo_consulta_publica
50006996720194025101,5000699-67.2019.4.02.5101,279,Inquérito Policial,Crimes da Lei de licitações,2019-01-10,2024-07-06T01:00:52.274000Z,3,G1,Eletrônico,https://eproc.jfrj.jus.br/eproc/externo_controlador.php?acao=processo_consulta_publica
50007282020194025101,5000728-20.2019.4.02.5101,1733,Procedimento Investigatório Criminal (PIC-MP) ,Estelionato Majorado ,2019-01-10,2024-07-05T23:23:13.504000Z,3,G1,Eletrônico,https://eproc.jfrj.jus.br/eproc/externo_controlador.php?acao=processo_consulta_publica
05003509220194025101,0500350-92.2019.4.02.5101,1727,Petição Criminal,"Crimes de &quot;Lavagem&quot; ou Ocultação de Bens, Direitos ou Valores",2019-01-10,2026-06-13T13:56:53.108000Z,69,G1,Eletrônico,https://eproc.jfrj.jus.br/eproc/externo_controlador.php?acao=processo_consulta_publica
05002581720194025101,0500258-17.2019.4.02.5101,279,Inquérito Policial,"Crimes de &quot;Lavagem&quot; ou Ocultação de Bens, Direitos ou Valores",2019-01-10,2024-07-06T00:36:46.193000Z,8,G1,Eletrônico,https://eproc.jfrj.jus.br/eproc/externo_controlador.php?acao=processo_consulta_publica
50011067320194025101,5001106-73.2019.4.02.5101,1733,Procedimento Investigatório Criminal (PIC-MP) ,Desobediência ,2019-01-14,2024-07-05T20:21:12.137000Z,3,G1,Eletrônico,https://eproc.jfrj.jus.br/eproc/externo_controlador.php?acao=processo_consulta_publica
00000509020194025101,0000050-90.2019.4.02.5101,1727,Petição Criminal,Contravenções Penais,2019-01-14,2024-07-05T23:25:56.463000Z,2,G1,Eletrônico,https://eproc.jfrj.jus.br/eproc/externo_controlador.php?acao=processo_consulta_publica
50011673120194025101,5001167-31.2019.4.02.5101,279,Inquérito Policial,Falsidade ideológica ,2019-01-14,2024-07-05T20:31:54.403000Z,5,G1,Eletrônico,https://eproc.jfrj.jus.br/eproc/externo_controlador.php?acao=processo_consulta_publica
50014176420194025101,5001417-64.2019.4.02.5101,1733,Procedimento Investigatório Criminal (PIC-MP) ,Crimes contra a Ordem Tributária,2019-01-15,2024-07-05T20:33:26.209000Z,3,G1,Eletrônico,https://eproc.jfrj.jus.br/eproc/externo_controlador.php?acao=processo_consulta_publica
05002650920194025101,0500265-09.2019.4.02.5101,327,Embargos de Terceiro Criminal,Contravenções Penais,2019-01-15,2024-07-06T00:36:52.709000Z,3,G1,Eletrônico,https://eproc.jfrj.jus.br/eproc/externo_controlador.php?acao=processo_consulta_publica
05002669120194025101,0500266-91.2019.4.02.5101,326,Restituição de Coisas Apreendidas,Contravenções Penais,2019-01-15,2024-07-06T00:36:36.169000Z,8,G1,Eletrônico,https://eproc.jfrj.jus.br/eproc/externo_controlador.php?acao=processo_consulta_publica
05002686120194025101,0500268-61.2019.4.02.5101,320,Exceção de Litispendência,Contravenções Penais,2019-01-16,2024-07-05T23:22:32.690000Z,2,G1,Eletrônico,https://eproc.jfrj.jus.br/eproc/externo_controlador.php?acao=processo_consulta_publica
50017277020194025101,5001727-70.2019.4.02.5101,1733,Procedimento Investigatório Criminal (PIC-MP) ,Ameaça ,2019-01-16,2024-07-05T20:23:35.059000Z,3,G1,Eletrônico,https://eproc.jfrj.jus.br/eproc/externo_controlador.php?acao=processo_consulta_publica
05002694620194025101,0500269-46.2019.4.02.5101,326,Restituição de Coisas Apreendidas,"Crimes de &quot;Lavagem&quot; ou Ocultação de Bens, Direitos ou Valores",2019-01-16,2024-07-06T00:37:15.143000Z,9,G1,Eletrônico,https://eproc.jfrj.jus.br/eproc/externo_controlador.php?acao=processo_consulta_publica
50018012720194025101,5001801-27.2019.4.02.5101,1733,Procedimento Investigatório Criminal (PIC-MP) ,Estelionato Majorado ,2019-01-16,2024-07-05T20:32:16.863000Z,3,G1,Eletrônico,https://eproc.jfrj.jus.br/eproc/externo_controlador.php?acao=processo_consulta_publica
50021529720194025101,5002152-97.2019.4.02.5101,279,Inquérito Policial,Estelionato,2019-01-18,2024-07-05T20:28:06.477000Z,3,G1,Eletrônico,https://eproc.jfrj.jus.br/eproc/externo_controlador.php?acao=processo_consulta_publica
50021555220194025101,5002155-52.2019.4.02.5101,283,Ação Penal - Procedimento Ordinário,Estelionato,2019-01-18,2024-07-05T20:24:15.213000Z,48,G1,Eletrônico,https://eproc.jfrj.jus.br/eproc/externo_controlador.php?acao=processo_consulta_publica
50021823520194025101,5002182-35.2019.4.02.5101,1733,Procedimento Investigatório Criminal (PIC-MP) ,Estelionato Majorado ,2019-01-18,2024-07-05T20:24:24.748000Z,3,G1,Eletrônico,https://eproc.jfrj.jus.br/eproc/externo_controlador.php?acao=processo_consulta_publica
50025305320194025101,5002530-53.2019.4.02.5101,10944,Ação Penal - Procedimento Sumaríssimo,Crimes de Abuso de Autoridade,2019-01-21,2024-06-17T17:44:57.285000Z,12,JE,Eletrônico,https://eproc.jfrj.jus.br/eproc/externo_controlador.php?acao=processo_consulta_publica
50026162420194025101,5002616-24.2019.4.02.5101,1733,Procedimento Investigatório Criminal (PIC-MP) ,Crimes de Abuso de Autoridade,2019-01-22,2024-07-05T20:26:09.568000Z,6,G1,Eletrônico,https://eproc.jfrj.jus.br/eproc/externo_controlador.php?acao=processo_consulta_publica
50026587320194025101,5002658-73.2019.4.02.5101,1733,Procedimento Investigatório Criminal (PIC-MP) ,Estelionato,2019-01-22,2024-07-05T20:24:33.754000Z,3,G1,Eletrônico,https://eproc.jfrj.jus.br/eproc/externo_controlador.php?acao=processo_consulta_publica
50029774120194025101,5002977-41.2019.4.02.5101,1733,Procedimento Investigatório Criminal (PIC-MP) ,Falsidade ideológica ,2019-01-23,2024-07-05T20:29:37.383000Z,3,G1,Eletrônico,https://eproc.jfrj.jus.br/eproc/externo_controlador.php?acao=processo_consulta_publica
50030821820194025101,5003082-18.2019.4.02.5101,1733,Procedimento Investigatório Criminal (PIC-MP) ,Moeda Falsa / Assimilados,2019-01-24,2024-07-05T20:26:03.351000Z,3,G1,Eletrônico,https://eproc.jfrj.jus.br/eproc/externo_controlador.php?acao=processo_consulta_publica
50034537920194025101,5003453-79.2019.4.02.5101,1733,Procedimento Investigatório Criminal (PIC-MP) ,Estelionato Majorado ; Inserção de dados falsos em sistema de informações ,2019-01-25,2024-07-05T20:32:45.446000Z,3,G1,Eletrônico,https://eproc.jfrj.jus.br/eproc/externo_controlador.php?acao=processo_consulta_publica
50034762520194025101,5003476-25.2019.4.02.5101,283,Ação Penal - Procedimento Ordinário,Estelionato Majorado ; Inserção de dados falsos em sistema de informações ,2019-01-25,2024-07-05T21:05:13.669000Z,19,G1,Eletrônico,https://eproc.jfrj.jus.br/eproc/externo_controlador.php?acao=processo_consulta_publica
50035342820194025101,5003534-28.2019.4.02.5101,1733,Procedimento Investigatório Criminal (PIC-MP) ,Estelionato Majorado ; Inserção de dados falsos em sistema de informações ,2019-01-25,2024-07-05T20:29:28.444000Z,3,G1,Eletrônico,https://eproc.jfrj.jus.br/eproc/externo_controlador.php?acao=processo_consulta_publica
50035351320194025101,5003535-13.2019.4.02.5101,283,Ação Penal - Procedimento Ordinário,Estelionato Majorado ,2019-01-25,2024-07-05T20:24:25.924000Z,5,G1,Eletrônico,https://eproc.jfrj.jus.br/eproc/externo_controlador.php?acao=processo_consulta_publica
00002656620194025101,0000265-66.2019.4.02.5101,1727,Petição Criminal,Contravenções Penais,2019-01-29,2024-07-05T20:32:31.379000Z,2,G1,Eletrônico,https://eproc.jfrj.jus.br/eproc/externo_controlador.php?acao=processo_consulta_publica
05003656120194025101,0500365-61.2019.4.02.5101,1727,Petição Criminal,"Crimes de &quot;Lavagem&quot; ou Ocultação de Bens, Direitos ou Valores",2019-01-29,2024-07-06T00:37:03.512000Z,4,G1,Eletrônico,https://eproc.jfrj.jus.br/eproc/externo_controlador.php?acao=processo_consulta_publica
50040626220194025101,5004062-62.2019.4.02.5101,1733,Procedimento Investigatório Criminal (PIC-MP) ,Constrangimento ilegal ,2019-01-29,2024-07-05T21:05:13.394000Z,3,G1,Eletrônico,https://eproc.jfrj.jus.br/eproc/externo_controlador.php?acao=processo_consulta_publica
05003742320194025101,0500374-23.2019.4.02.5101,1727,Petição Criminal,"Crimes de &quot;Lavagem&quot; ou Ocultação de Bens, Direitos ou Valores",2019-01-29,2024-07-05T23:22:35.796000Z,4,G1,Eletrônico,https://eproc.jfrj.jus.br/eproc/externo_controlador.php?acao=processo_consulta_publica
05003750820194025101,0500375-08.2019.4.02.5101,326,Restituição de Coisas Apreendidas,Contravenções Penais,2019-01-29,2024-07-06T00:37:49.558000Z,2,G1,Eletrônico,https://eproc.jfrj.jus.br/eproc/externo_controlador.php?acao=processo_consulta_publica
05003769020194025101,0500376-90.2019.4.02.5101,327,Embargos de Terceiro Criminal,"Crimes de &quot;Lavagem&quot; ou Ocultação de Bens, Direitos ou Valores",2019-01-29,2024-07-06T00:37:12.209000Z,8,G1,Eletrônico,https://eproc.jfrj.jus.br/eproc/externo_controlador.php?acao=processo_consulta_publica
05003838220194025101,0500383-82.2019.4.02.5101,241,Petição Cível,"Crimes de &quot;Lavagem&quot; ou Ocultação de Bens, Direitos ou Valores",2019-01-30,2024-07-06T00:37:38.136000Z,4,G1,Eletrônico,https://eproc.jfrj.jus.br/eproc/externo_controlador.php?acao=processo_consulta_publica
05003846720194025101,0500384-67.2019.4.02.5101,326,Restituição de Coisas Apreendidas,Contravenções Penais,2019-01-30,2024-07-06T00:37:05.947000Z,2,G1,Eletrônico,https://eproc.jfrj.jus.br/eproc/externo_controlador.php?acao=processo_consulta_publica
50713222520204025101,5071322-25.2020.4.02.5101,283,Ação Penal - Procedimento Ordinário,Corrupção ativa ; Corrupção passiva ,2019-02-01,2024-07-05T22:43:36.267000Z,5,G1,Eletrônico,https://eproc.jfrj.jus.br/eproc/externo_controlador.php?acao=processo_consulta_publica
05003863720194025101,0500386-37.2019.4.02.5101,283,Ação Penal - Procedimento Ordinário,Corrupção ativa ; Corrupção passiva ,2019-02-01,2024-07-06T00:36:56.129000Z,43,G1,Eletrônico,https://eproc.jfrj.jus.br/eproc/externo_controlador.php?acao=processo_consulta_publica
50051131120194025101,5005113-11.2019.4.02.5101,279,Inquérito Policial,Tráfico de Drogas e Condutas Afins,2019-02-01,2024-07-05T21:03:54.792000Z,5,G1,Eletrônico,https://eproc.jfrj.jus.br/eproc/externo_controlador.php?acao=processo_consulta_publica
50420034120224025101,5042003-41.2022.4.02.5101,283,Ação Penal - Procedimento Ordinário,"Crimes de &quot;Lavagem&quot; ou Ocultação de Bens, Direitos ou Valores",2019-02-01,2024-07-05T22:18:48.354000Z,9,G1,Eletrônico,https://eproc.jfrj.jus.br/eproc/externo_controlador.php?acao=processo_consulta_publica
50567762820214025101,5056776-28.2021.4.02.5101,283,Ação Penal - Procedimento Ordinário,"Crimes de &quot;Lavagem&quot; ou Ocultação de Bens, Direitos ou Valores",2019-02-01,2024-07-05T22:49:37.367000Z,2,G1,Eletrônico,https://eproc.jfrj.jus.br/eproc/externo_controlador.php?acao=processo_consulta_publica
50170622720224025101,5017062-27.2022.4.02.5101,283,Ação Penal - Procedimento Ordinário,"Crimes de &quot;Lavagem&quot; ou Ocultação de Bens, Direitos ou Valores",2019-02-01,2024-07-05T23:24:11.004000Z,18,G1,Eletrônico,https://eproc.jfrj.jus.br/eproc/externo_controlador.php?acao=processo_consulta_publica
50097450720244025101,5009745-07.2024.4.02.5101,283,Ação Penal - Procedimento Ordinário,"Crimes de &quot;Lavagem&quot; ou Ocultação de Bens, Direitos ou Valores",2019-02-01,2024-09-26T20:50:54.924000Z,9,G1,Eletrônico,https://eproc.jfrj.jus.br/eproc/externo_controlador.php?acao=processo_consulta_publica
50059884420204025101,5005988-44.2020.4.02.5101,283,Ação Penal - Procedimento Ordinário,"Crimes de &quot;Lavagem&quot; ou Ocultação de Bens, Direitos ou Valores",2019-02-01,2024-10-18T11:28:36.267000Z,37,G1,Eletrônico,https://eproc.jfrj.jus.br/eproc/externo_controlador.php?acao=processo_consulta_publica
05004037320194025101,0500403-73.2019.4.02.5101,283,Ação Penal - Procedimento Ordinário,"Crimes de &quot;Lavagem&quot; ou Ocultação de Bens, Direitos ou Valores",2019-02-01,2026-07-15T06:30:15.640000Z,93,G1,Eletrônico,https://eproc.jfrj.jus.br/eproc/externo_controlador.php?acao=processo_consulta_publica
05004045820194025101,0500404-58.2019.4.02.5101,327,Embargos de Terceiro Criminal,Contravenções Penais,2019-02-04,2024-07-06T00:37:03.158000Z,5,G1,Eletrônico,https://eproc.jfrj.jus.br/eproc/externo_controlador.php?acao=processo_consulta_publica
05004089520194025101,0500408-95.2019.4.02.5101,386,Execução da Pena,Contravenções Penais,2019-02-04,2025-07-15T19:29:12.815000Z,5,G1,Eletrônico,https://eproc.jfrj.jus.br/eproc/externo_controlador.php?acao=processo_consulta_publica
50056483720194025101,5005648-37.2019.4.02.5101,1733,Procedimento Investigatório Criminal (PIC-MP) ,Contrabando ou descaminho ,2019-02-05,2024-07-05T21:04:29.642000Z,4,G1,Eletrônico,https://eproc.jfrj.jus.br/eproc/externo_controlador.php?acao=processo_consulta_publica
05004106520194025101,0500410-65.2019.4.02.5101,1727,Petição Criminal,"Crimes de &quot;Lavagem&quot; ou Ocultação de Bens, Direitos ou Valores",2019-02-06,2024-07-06T00:36:47.080000Z,5,G1,Eletrônico,https://eproc.jfrj.jus.br/eproc/externo_controlador.php?acao=processo_consulta_publica
50060250820194025101,5006025-08.2019.4.02.5101,279,Inquérito Policial,Tráfico de Drogas e Condutas Afins,2019-02-06,2024-09-26T20:53:01.511000Z,6,G1,Eletrônico,https://eproc.jfrj.jus.br/eproc/externo_controlador.php?acao=processo_consulta_publica
50061273020194025101,5006127-30.2019.4.02.5101,333,Insanidade Mental do Acusado,Dano,2019-02-06,2024-07-05T21:05:45.622000Z,28,G1,Eletrônico,https://eproc.jfrj.jus.br/eproc/externo_controlador.php?acao=processo_consulta_publica
05004115020194025101,0500411-50.2019.4.02.5101,327,Embargos de Terceiro Criminal,"Crimes de &quot;Lavagem&quot; ou Ocultação de Bens, Direitos ou Valores",2019-02-07,2024-07-05T23:22:37.951000Z,6,G1,Eletrônico,https://eproc.jfrj.jus.br/eproc/externo_controlador.php?acao=processo_consulta_publica
50064901720194025101,5006490-17.2019.4.02.5101,1733,Procedimento Investigatório Criminal (PIC-MP) ,Estelionato,2019-02-07,2024-07-05T21:06:00.526000Z,3,G1,Eletrônico,https://eproc.jfrj.jus.br/eproc/externo_controlador.php?acao=processo_consulta_publica
05004219420194025101,0500421-94.2019.4.02.5101,313,Pedido de Prisão Preventiva,"Crimes de &quot;Lavagem&quot; ou Ocultação de Bens, Direitos ou Valores",2019-02-08,2026-06-13T14:14:01.745000Z,49,G1,Eletrônico,https://eproc.jfrj.jus.br/eproc/externo_controlador.php?acao=processo_consulta_publica
05004227920194025101,0500422-79.2019.4.02.5101,329,Seqüestro,"Crimes de &quot;Lavagem&quot; ou Ocultação de Bens, Direitos ou Valores",2019-02-08,2026-09-15T22:56:04.504000Z,110,G1,Eletrônico,https://eproc.jfrj.jus.br/eproc/externo_controlador.php?acao=processo_consulta_publica
50066547920194025101,5006654-79.2019.4.02.5101,279,Inquérito Policial,Contrabando ou descaminho ,2019-02-08,2025-04-14T14:27:06.634000Z,6,G1,Eletrônico,https://eproc.jfrj.jus.br/eproc/externo_controlador.php?acao=processo_consulta_publica
50067482720194025101,5006748-27.2019.4.02.5101,279,Inquérito Policial,Crimes da Lei de licitações,2019-02-08,2024-07-05T21:07:32.471000Z,3,G1,Eletrônico,https://eproc.jfrj.jus.br/eproc/externo_controlador.php?acao=processo_consulta_publica
05004894420194025101,0500489-44.2019.4.02.5101,309,Pedido de Busca e Apreensão Criminal,Contravenções Penais,2019-02-12,2026-08-20T23:13:45.212000Z,33,G1,Eletrônico,https://eproc.jfrj.jus.br/eproc/externo_controlador.php?acao=processo_consulta_publica
05004929620194025101,0500492-96.2019.4.02.5101,329,Seqüestro,"Crimes de &quot;Lavagem&quot; ou Ocultação de Bens, Direitos ou Valores",2019-02-12,2024-07-06T00:37:28.121000Z,41,G1,Eletrônico,https://eproc.jfrj.jus.br/eproc/externo_controlador.php?acao=processo_consulta_publica
05004972120194025101,0500497-21.2019.4.02.5101,329,Seqüestro,Contravenções Penais,2019-02-12,2024-09-26T21:00:38.903000Z,15,G1,Eletrônico,https://eproc.jfrj.jus.br/eproc/externo_controlador.php?acao=processo_consulta_publica
00007757920194025101,0000775-79.2019.4.02.5101,327,Embargos de Terceiro Criminal,Contravenções Penais,2019-02-12,2024-07-06T00:59:35.085000Z,3,G1,Eletrônico,https://eproc.jfrj.jus.br/eproc/externo_controlador.php?acao=processo_consulta_publica
05005015820194025101,0500501-58.2019.4.02.5101,329,Seqüestro,Contravenções Penais,2019-02-14,2025-05-13T23:13:34.135000Z,30,G1,Eletrônico,https://eproc.jfrj.jus.br/eproc/externo_controlador.php?acao=processo_consulta_publica
50079045020194025101,5007904-50.2019.4.02.5101,1727,Petição Criminal,Esbulho possessório,2019-02-14,2024-07-05T21:08:22.401000Z,4,G1,Eletrônico,https://eproc.jfrj.jus.br/eproc/externo_controlador.php?acao=processo_consulta_publica
50079062020194025101,5007906-20.2019.4.02.5101,1727,Petição Criminal,Estelionato Majorado ,2019-02-14,2024-07-05T21:08:45.308000Z,4,G1,Eletrônico,https://eproc.jfrj.jus.br/eproc/externo_controlador.php?acao=processo_consulta_publica
50081460920194025101,5008146-09.2019.4.02.5101,279,Inquérito Policial,Falsificação de documento público; Receptação Qualificada; Uso de documento falso ,2019-02-15,2026-09-15T22:52:07.064000Z,12,G1,Eletrônico,https://eproc.jfrj.jus.br/eproc/externo_controlador.php?acao=processo_consulta_publica
50082275520194025101,5008227-55.2019.4.02.5101,279,Inquérito Policial,Tráfico de Drogas e Condutas Afins,2019-02-15,2024-07-05T21:08:44.622000Z,7,G1,Eletrônico,https://eproc.jfrj.jus.br/eproc/externo_controlador.php?acao=processo_consulta_publica
50084310220194025101,5008431-02.2019.4.02.5101,279,Inquérito Policial,"Crimes contra o Sistema Financeiro Nacional; Crimes de &quot;Lavagem&quot; ou Ocultação de Bens, Direitos ou Valores",2019-02-18,2024-07-05T21:37:28.963000Z,3,G1,Eletrônico,https://eproc.jfrj.jus.br/eproc/externo_controlador.php?acao=processo_consulta_publica
50091767920194025101,5009176-79.2019.4.02.5101,1733,Procedimento Investigatório Criminal (PIC-MP) ,Estelionato Majorado ,2019-02-20,2024-07-05T23:24:02.972000Z,3,G1,Eletrônico,https://eproc.jfrj.jus.br/eproc/externo_controlador.php?acao=processo_consulta_publica
50095811820194025101,5009581-18.2019.4.02.5101,279,Inquérito Policial,Crimes contra o Sistema Financeiro Nacional,2019-02-21,2024-07-05T21:08:32.961000Z,11,G1,Eletrônico,https://eproc.jfrj.jus.br/eproc/externo_controlador.php?acao=processo_consulta_publica
50098644120194025101,5009864-41.2019.4.02.5101,279,Inquérito Policial,Estelionato Majorado ,2019-02-22,2024-07-05T21:08:38.323000Z,8,G1,Eletrônico,https://eproc.jfrj.jus.br/eproc/externo_controlador.php?acao=processo_consulta_publica
50098895420194025101,5009889-54.2019.4.02.5101,279,Inquérito Policial,Subtração ou inutilização de livro ou documento ,2019-02-22,2024-09-26T20:52:34.656000Z,5,G1,Eletrônico,https://eproc.jfrj.jus.br/eproc/externo_controlador.php?acao=processo_consulta_publica
50101199620194025101,5010119-96.2019.4.02.5101,279,Inquérito Policial,Crimes contra o Sistema Financeiro Nacional,2019-02-25,2025-12-13T14:52:49.438000Z,21,G1,Eletrônico,https://eproc.jfrj.jus.br/eproc/externo_controlador.php?acao=processo_consulta_publica
50101597820194025101,5010159-78.2019.4.02.5101,283,Ação Penal - Procedimento Ordinário,Uso de documento falso ,2019-02-25,2026-06-13T14:08:55.240000Z,31,G1,Eletrônico,https://eproc.jfrj.jus.br/eproc/externo_controlador.php?acao=processo_consulta_publica
00009784120194025101,0000978-41.2019.4.02.5101,327,Embargos de Terceiro Criminal,"Crimes de &quot;Lavagem&quot; ou Ocultação de Bens, Direitos ou Valores",2019-02-27,2024-07-06T01:00:26.329000Z,12,G1,Eletrônico,https://eproc.jfrj.jus.br/eproc/externo_controlador.php?acao=processo_consulta_publica
05003968120194025101,0500396-81.2019.4.02.5101,326,Restituição de Coisas Apreendidas,Contravenções Penais,2019-02-27,2026-06-13T14:13:06.019000Z,8,G1,Eletrônico,https://eproc.jfrj.jus.br/eproc/externo_controlador.php?acao=processo_consulta_publica
00010485820194025101,0001048-58.2019.4.02.5101,326,Restituição de Coisas Apreendidas,"Crimes de &quot;Lavagem&quot; ou Ocultação de Bens, Direitos ou Valores",2019-02-27,2024-07-05T20:21:02.680000Z,8,G1,Eletrônico,https://eproc.jfrj.jus.br/eproc/externo_controlador.php?acao=processo_consulta_publica
05003993620194025101,0500399-36.2019.4.02.5101,320,Exceção de Litispendência,Contravenções Penais,2019-02-27,2024-07-06T00:37:49.272000Z,2,G1,Eletrônico,https://eproc.jfrj.jus.br/eproc/externo_controlador.php?acao=processo_consulta_publica
05004002120194025101,0500400-21.2019.4.02.5101,319,Exceção de Incompetência de Juízo,Contravenções Penais,2019-02-27,2024-07-06T00:37:49.303000Z,2,G1,Eletrônico,https://eproc.jfrj.jus.br/eproc/externo_controlador.php?acao=processo_consulta_publica
00011213020194025101,0001121-30.2019.4.02.5101,329,Seqüestro,"Crimes de &quot;Lavagem&quot; ou Ocultação de Bens, Direitos ou Valores",2019-03-04,2024-07-06T00:59:41.741000Z,4,G1,Eletrônico,https://eproc.jfrj.jus.br/eproc/externo_controlador.php?acao=processo_consulta_publica
50117411620194025101,5011741-16.2019.4.02.5101,279,Inquérito Policial,"Crimes de &quot;Lavagem&quot; ou Ocultação de Bens, Direitos ou Valores",2019-03-07,2024-07-05T21:38:38.697000Z,3,G1,Eletrônico,https://eproc.jfrj.jus.br/eproc/externo_controlador.php?acao=processo_consulta_publica
50125293020194025101,5012529-30.2019.4.02.5101,279,Inquérito Policial,Furto Qualificado ,2019-03-12,2024-07-05T21:37:59.196000Z,7,G1,Eletrônico,https://eproc.jfrj.jus.br/eproc/externo_controlador.php?acao=processo_consulta_publica
50126505820194025101,5012650-58.2019.4.02.5101,1733,Procedimento Investigatório Criminal (PIC-MP) ,Desobediência ,2019-03-12,2024-07-05T21:37:33.070000Z,3,G1,Eletrônico,https://eproc.jfrj.jus.br/eproc/externo_controlador.php?acao=processo_consulta_publica
50127310720194025101,5012731-07.2019.4.02.5101,279,Inquérito Policial,Inserção de dados falsos em sistema de informações ,2019-03-12,2024-07-05T21:38:14.115000Z,3,G1,Eletrônico,https://eproc.jfrj.jus.br/eproc/externo_controlador.php?acao=processo_consulta_publica
50127337420194025101,5012733-74.2019.4.02.5101,283,Ação Penal - Procedimento Ordinário,Inserção de dados falsos em sistema de informações ,2019-03-12,2024-07-05T21:37:55.770000Z,14,G1,Eletrônico,https://eproc.jfrj.jus.br/eproc/externo_controlador.php?acao=processo_consulta_publica
00011074620194025101,0001107-46.2019.4.02.5101,327,Embargos de Terceiro Criminal,Contravenções Penais,2019-03-14,2024-07-05T20:32:12.599000Z,3,G1,Eletrônico,https://eproc.jfrj.jus.br/eproc/externo_controlador.php?acao=processo_consulta_publica
05005483220194025101,0500548-32.2019.4.02.5101,1727,Petição Criminal,Contravenções Penais,2019-03-14,2024-07-06T00:37:19.918000Z,2,G1,Eletrônico,https://eproc.jfrj.jus.br/eproc/externo_controlador.php?acao=processo_consulta_publica
05005491720194025101,0500549-17.2019.4.02.5101,319,Exceção de Incompetência de Juízo,Contravenções Penais,2019-03-14,2024-07-06T00:37:28.911000Z,2,G1,Eletrônico,https://eproc.jfrj.jus.br/eproc/externo_controlador.php?acao=processo_consulta_publica
05005500220194025101,0500550-02.2019.4.02.5101,326,Restituição de Coisas Apreendidas,"Crimes de &quot;Lavagem&quot; ou Ocultação de Bens, Direitos ou Valores",2019-03-14,2024-07-06T00:37:01.089000Z,9,G1,Eletrônico,https://eproc.jfrj.jus.br/eproc/externo_controlador.php?acao=processo_consulta_publica
05005812220194025101,0500581-22.2019.4.02.5101,1727,Petição Criminal,"Crimes de &quot;Lavagem&quot; ou Ocultação de Bens, Direitos ou Valores",2019-03-15,2024-07-06T00:37:54.003000Z,6,G1,Eletrônico,https://eproc.jfrj.jus.br/eproc/externo_controlador.php?acao=processo_consulta_publica
05005820720194025101,0500582-07.2019.4.02.5101,326,Restituição de Coisas Apreendidas,Contravenções Penais,2019-03-15,2024-07-06T00:37:01.912000Z,2,G1,Eletrônico,https://eproc.jfrj.jus.br/eproc/externo_controlador.php?acao=processo_consulta_publica
05005838920194025101,0500583-89.2019.4.02.5101,1727,Petição Criminal,"Crimes de &quot;Lavagem&quot; ou Ocultação de Bens, Direitos ou Valores",2019-03-15,2024-07-06T00:38:07.806000Z,5,G1,Eletrônico,https://eproc.jfrj.jus.br/eproc/externo_controlador.php?acao=processo_consulta_publica
05005855920194025101,0500585-59.2019.4.02.5101,1727,Petição Criminal,Contravenções Penais,2019-03-15,2024-07-06T00:38:10.188000Z,2,G1,Eletrônico,https://eproc.jfrj.jus.br/eproc/externo_controlador.php?acao=processo_consulta_publica
05005864420194025101,0500586-44.2019.4.02.5101,326,Restituição de Coisas Apreendidas,Contravenções Penais,2019-03-15,2024-07-06T00:37:52.409000Z,2,G1,Eletrônico,https://eproc.jfrj.jus.br/eproc/externo_controlador.php?acao=processo_consulta_publica
05005872920194025101,0500587-29.2019.4.02.5101,319,Exceção de Incompetência de Juízo,Contravenções Penais,2019-03-15,2024-07-06T00:36:16.985000Z,2,G1,Eletrônico,https://eproc.jfrj.jus.br/eproc/externo_controlador.php?acao=processo_consulta_publica
05005881420194025101,0500588-14.2019.4.02.5101,386,Execução da Pena,Contravenções Penais,2019-03-15,2024-07-06T00:37:56.162000Z,2,G1,Eletrônico,https://eproc.jfrj.jus.br/eproc/externo_controlador.php?acao=processo_consulta_publica
05005899620194025101,0500589-96.2019.4.02.5101,327,Embargos de Terceiro Criminal,Contravenções Penais,2019-03-15,2024-07-06T00:38:33.182000Z,3,G1,Eletrônico,https://eproc.jfrj.jus.br/eproc/externo_controlador.php?acao=processo_consulta_publica
50139687620194025101,5013968-76.2019.4.02.5101,279,Inquérito Policial,Crimes de Tráfico Ilícito e Uso Indevido de Drogas,2019-03-17,2024-07-05T21:39:51.565000Z,6,G1,Eletrônico,https://eproc.jfrj.jus.br/eproc/externo_controlador.php?acao=processo_consulta_publica
05005916620194025101,0500591-66.2019.4.02.5101,313,Pedido de Prisão Preventiva,"Crimes de &quot;Lavagem&quot; ou Ocultação de Bens, Direitos ou Valores",2019-03-18,2024-07-06T00:37:05.063000Z,11,G1,Eletrônico,https://eproc.jfrj.jus.br/eproc/externo_controlador.php?acao=processo_consulta_publica
05005942120194025101,0500594-21.2019.4.02.5101,309,Pedido de Busca e Apreensão Criminal,"Crimes de &quot;Lavagem&quot; ou Ocultação de Bens, Direitos ou Valores",2019-03-18,2024-07-05T23:22:47.459000Z,38,G1,Eletrônico,https://eproc.jfrj.jus.br/eproc/externo_controlador.php?acao=processo_consulta_publica
50143601620194025101,5014360-16.2019.4.02.5101,1733,Procedimento Investigatório Criminal (PIC-MP) ,Furto ,2019-03-18,2024-07-05T21:38:56.493000Z,3,G1,Eletrônico,https://eproc.jfrj.jus.br/eproc/externo_controlador.php?acao=processo_consulta_publica
50144546120194025101,5014454-61.2019.4.02.5101,279,Inquérito Policial,"Indução, Instigação ou Auxílio ao Uso de Drogas",2019-03-19,2024-07-05T21:38:07.558000Z,5,G1,Eletrônico,https://eproc.jfrj.jus.br/eproc/externo_controlador.php?acao=processo_consulta_publica
05005950620194025101,0500595-06.2019.4.02.5101,329,Seqüestro,"Crimes de &quot;Lavagem&quot; ou Ocultação de Bens, Direitos ou Valores",2019-03-19,2024-07-06T00:37:48.579000Z,40,G1,Eletrônico,https://eproc.jfrj.jus.br/eproc/externo_controlador.php?acao=processo_consulta_publica
50148685920194025101,5014868-59.2019.4.02.5101,283,Ação Penal - Procedimento Ordinário,Crimes contra o Sistema Financeiro Nacional,2019-03-20,2024-07-05T21:38:13.296000Z,9,G1,Eletrônico,https://eproc.jfrj.jus.br/eproc/externo_controlador.php?acao=processo_consulta_publica
05006046520194025101,0500604-65.2019.4.02.5101,283,Ação Penal - Procedimento Ordinário,"Corrupção passiva ; Crimes de &quot;Lavagem&quot; ou Ocultação de Bens, Direitos ou Valores",2019-03-20,2026-09-15T22:51:55.299000Z,45,G1,Eletrônico,https://eproc.jfrj.jus.br/eproc/externo_controlador.php?acao=processo_consulta_publica
50152739520194025101,5015273-95.2019.4.02.5101,1733,Procedimento Investigatório Criminal (PIC-MP) ,Desobediência ,2019-03-21,2024-07-05T21:39:06.479000Z,3,G1,Eletrônico,https://eproc.jfrj.jus.br/eproc/externo_controlador.php?acao=processo_consulta_publica
50154367520194025101,5015436-75.2019.4.02.5101,1733,Procedimento Investigatório Criminal (PIC-MP) ,Prevaricação,2019-03-21,2024-07-05T21:38:29.681000Z,3,G1,Eletrônico,https://eproc.jfrj.jus.br/eproc/externo_controlador.php?acao=processo_consulta_publica
50155120220194025101,5015512-02.2019.4.02.5101,279,Inquérito Policial,Contrabando ou descaminho ,2019-03-21,2024-07-05T21:40:18.116000Z,4,G1,Eletrônico,https://eproc.jfrj.jus.br/eproc/externo_controlador.php?acao=processo_consulta_publica
50158515820194025101,5015851-58.2019.4.02.5101,1733,Procedimento Investigatório Criminal (PIC-MP) ,Crimes contra a Ordem Tributária,2019-03-22,2024-07-05T21:39:42.078000Z,4,G1,Eletrônico,https://eproc.jfrj.jus.br/eproc/externo_controlador.php?acao=processo_consulta_publica
50161555720194025101,5016155-57.2019.4.02.5101,279,Inquérito Policial,Crimes de Tráfico Ilícito e Uso Indevido de Drogas,2019-03-25,2024-07-05T21:40:11.977000Z,6,G1,Eletrônico,https://eproc.jfrj.jus.br/eproc/externo_controlador.php?acao=processo_consulta_publica
50161599420194025101,5016159-94.2019.4.02.5101,279,Inquérito Policial,Concussão ,2019-03-25,2025-08-16T02:45:13.498000Z,31,G1,Eletrônico,https://eproc.jfrj.jus.br/eproc/externo_controlador.php?acao=processo_consulta_publica
50163478720194025101,5016347-87.2019.4.02.5101,1727,Petição Criminal,Contravenções Penais,2019-03-25,2024-07-05T21:39:41.937000Z,10,G1,Eletrônico,https://eproc.jfrj.jus.br/eproc/externo_controlador.php?acao=processo_consulta_publica
50020479320194025110,5002047-93.2019.4.02.5110,1727,Petição Criminal,"Crimes de &quot;Lavagem&quot; ou Ocultação de Bens, Direitos ou Valores",2019-03-25,2024-07-05T20:27:13.620000Z,9,G1,Eletrônico,https://eproc.jfrj.jus.br/eproc/externo_controlador.php?acao=processo_consulta_publica
50165591120194025101,5016559-11.2019.4.02.5101,279,Inquérito Policial,Furto Qualificado ,2019-03-26,2024-07-05T21:44:21.072000Z,12,G1,Eletrônico,https://eproc.jfrj.jus.br/eproc/externo_controlador.php?acao=processo_consulta_publica
50166024520194025101,5016602-45.2019.4.02.5101,279,Inquérito Policial,Estelionato Majorado ,2019-03-26,2024-07-05T21:38:58.782000Z,12,G1,Eletrônico,https://eproc.jfrj.jus.br/eproc/externo_controlador.php?acao=processo_consulta_publica
00014478720194025101,0001447-87.2019.4.02.5101,326,Restituição de Coisas Apreendidas,Contravenções Penais,2019-03-26,2024-07-06T01:00:18.280000Z,2,G1,Eletrônico,https://eproc.jfrj.jus.br/eproc/externo_controlador.php?acao=processo_consulta_publica
50169298720194025101,5016929-87.2019.4.02.5101,283,Ação Penal - Procedimento Ordinário,Tráfico de Drogas e Condutas Afins,2019-03-26,2024-07-05T23:24:23.776000Z,6,G1,Eletrônico,https://eproc.jfrj.jus.br/eproc/externo_controlador.php?acao=processo_consulta_publica
50175525420194025101,5017552-54.2019.4.02.5101,283,Ação Penal - Procedimento Ordinário,Peculato,2019-03-28,2026-09-15T22:52:59.228000Z,49,G1,Eletrônico,https://eproc.jfrj.jus.br/eproc/externo_controlador.php?acao=processo_consulta_publica
05006228620194025101,0500622-86.2019.4.02.5101,283,Ação Penal - Procedimento Ordinário,"Crimes de &quot;Lavagem&quot; ou Ocultação de Bens, Direitos ou Valores",2019-03-29,2024-07-06T00:38:10.913000Z,18,G1,Eletrônico,https://eproc.jfrj.jus.br/eproc/externo_controlador.php?acao=processo_consulta_publica
50112373920214025101,5011237-39.2021.4.02.5101,283,Ação Penal - Procedimento Ordinário,"Crimes de &quot;Lavagem&quot; ou Ocultação de Bens, Direitos ou Valores",2019-03-29,2024-07-05T21:38:45.342000Z,4,G1,Eletrônico,https://eproc.jfrj.jus.br/eproc/externo_controlador.php?acao=processo_consulta_publica
05006237120194025101,0500623-71.2019.4.02.5101,283,Ação Penal - Procedimento Ordinário,"Crimes de &quot;Lavagem&quot; ou Ocultação de Bens, Direitos ou Valores",2019-03-29,2026-08-21T00:07:26.223000Z,33,G1,Eletrônico,https://eproc.jfrj.jus.br/eproc/externo_controlador.php?acao=processo_consulta_publica
50182038620194025101,5018203-86.2019.4.02.5101,279,Inquérito Policial,Peculato mediante erro de outrem,2019-03-29,2024-07-05T21:40:18.003000Z,3,G1,Eletrônico,https://eproc.jfrj.jus.br/eproc/externo_controlador.php?acao=processo_consulta_publica
00015717020194025101,0001571-70.2019.4.02.5101,329,Seqüestro,"Crimes de &quot;Lavagem&quot; ou Ocultação de Bens, Direitos ou Valores",2019-04-01,2024-07-05T20:28:04.846000Z,16,G1,Eletrônico,https://eproc.jfrj.jus.br/eproc/externo_controlador.php?acao=processo_consulta_publica
05006314820194025101,0500631-48.2019.4.02.5101,319,Exceção de Incompetência de Juízo,Contravenções Penais,2019-04-01,2024-07-05T23:22:49.069000Z,2,G1,Eletrônico,https://eproc.jfrj.jus.br/eproc/externo_controlador.php?acao=processo_consulta_publica
05006323320194025101,0500632-33.2019.4.02.5101,283,Ação Penal - Procedimento Ordinário,"Crimes de &quot;Lavagem&quot; ou Ocultação de Bens, Direitos ou Valores",2019-04-01,2024-07-06T00:37:02.853000Z,13,G1,Eletrônico,https://eproc.jfrj.jus.br/eproc/externo_controlador.php?acao=processo_consulta_publica
05006340320194025101,0500634-03.2019.4.02.5101,1727,Petição Criminal,Contravenções Penais,2019-04-01,2024-07-05T23:22:50.472000Z,2,G1,Eletrônico,https://eproc.jfrj.jus.br/eproc/externo_controlador.php?acao=processo_consulta_publica
50212454620194025101,5021245-46.2019.4.02.5101,279,Inquérito Policial,Estelionato Majorado ,2019-04-02,2024-07-05T21:39:55.211000Z,11,G1,Eletrônico,https://eproc.jfrj.jus.br/eproc/externo_controlador.php?acao=processo_consulta_publica
05006367020194025101,0500636-70.2019.4.02.5101,319,Exceção de Incompetência de Juízo,Contravenções Penais,2019-04-02,2024-07-06T00:37:22.268000Z,2,G1,Eletrônico,https://eproc.jfrj.jus.br/eproc/externo_controlador.php?acao=processo_consulta_publica
05006375520194025101,0500637-55.2019.4.02.5101,319,Exceção de Incompetência de Juízo,Contravenções Penais,2019-04-02,2024-07-06T00:37:19.800000Z,2,G1,Eletrônico,https://eproc.jfrj.jus.br/eproc/externo_controlador.php?acao=processo_consulta_publica
05006384020194025101,0500638-40.2019.4.02.5101,386,Execução da Pena,Contravenções Penais,2019-04-02,2024-07-06T00:37:35.214000Z,9,G1,Eletrônico,https://eproc.jfrj.jus.br/eproc/externo_controlador.php?acao=processo_consulta_publica
05006392520194025101,0500639-25.2019.4.02.5101,327,Embargos de Terceiro Criminal,"Crimes de &quot;Lavagem&quot; ou Ocultação de Bens, Direitos ou Valores",2019-04-02,2024-07-06T00:37:53.541000Z,5,G1,Eletrônico,https://eproc.jfrj.jus.br/eproc/externo_controlador.php?acao=processo_consulta_publica
00015751020194025101,0001575-10.2019.4.02.5101,326,Restituição de Coisas Apreendidas,Contravenções Penais,2019-04-02,2024-07-05T20:30:26.635000Z,2,G1,Eletrônico,https://eproc.jfrj.jus.br/eproc/externo_controlador.php?acao=processo_consulta_publica
05006262620194025101,0500626-26.2019.4.02.5101,283,Ação Penal - Procedimento Ordinário,"Crimes de &quot;Lavagem&quot; ou Ocultação de Bens, Direitos ou Valores",2019-04-04,2025-01-13T18:46:59.714000Z,22,G1,Eletrônico,https://eproc.jfrj.jus.br/eproc/externo_controlador.php?acao=processo_consulta_publica
50223921020194025101,5022392-10.2019.4.02.5101,279,Inquérito Policial,Gravíssima,2019-04-04,2024-02-29T12:48:56.600000Z,1,JE,Eletrônico,https://eproc.jfrj.jus.br/eproc/externo_controlador.php?acao=processo_consulta_publica
50223921020194025101,5022392-10.2019.4.02.5101,279,Inquérito Policial,Gravíssima,2019-04-04,2024-07-05T21:40:38.615000Z,5,G1,Eletrônico,https://eproc.jfrj.jus.br/eproc/externo_controlador.php?acao=processo_consulta_publica
05006436220194025101,0500643-62.2019.4.02.5101,283,Ação Penal - Procedimento Ordinário,"Crimes de &quot;Lavagem&quot; ou Ocultação de Bens, Direitos ou Valores",2019-04-04,2024-07-06T00:37:23.665000Z,28,G1,Eletrônico,https://eproc.jfrj.jus.br/eproc/externo_controlador.php?acao=processo_consulta_publica
05006444720194025101,0500644-47.2019.4.02.5101,326,Restituição de Coisas Apreendidas,"Crimes de &quot;Lavagem&quot; ou Ocultação de Bens, Direitos ou Valores",2019-04-04,2024-07-06T00:37:24.603000Z,25,G1,Eletrônico,https://eproc.jfrj.jus.br/eproc/externo_controlador.php?acao=processo_consulta_publica
05006505420194025101,0500650-54.2019.4.02.5101,1727,Petição Criminal,"Crimes de &quot;Lavagem&quot; ou Ocultação de Bens, Direitos ou Valores",2019-04-05,2024-07-05T23:21:48.905000Z,6,G1,Eletrônico,https://eproc.jfrj.jus.br/eproc/externo_controlador.php?acao=processo_consulta_publica
05006522420194025101,0500652-24.2019.4.02.5101,327,Embargos de Terceiro Criminal,Contravenções Penais,2019-04-05,2024-07-06T00:37:02.313000Z,3,G1,Eletrônico,https://eproc.jfrj.jus.br/eproc/externo_controlador.php?acao=processo_consulta_publica
05006530920194025101,0500653-09.2019.4.02.5101,386,Execução da Pena,Contravenções Penais,2019-04-05,2025-12-13T14:56:21.310000Z,13,G1,Eletrônico,https://eproc.jfrj.jus.br/eproc/externo_controlador.php?acao=processo_consulta_publica
05006549120194025101,0500654-91.2019.4.02.5101,241,Petição Cível,"Crimes de &quot;Lavagem&quot; ou Ocultação de Bens, Direitos ou Valores",2019-04-05,2024-07-06T00:37:02.580000Z,4,G1,Eletrônico,https://eproc.jfrj.jus.br/eproc/externo_controlador.php?acao=processo_consulta_publica
05006557620194025101,0500655-76.2019.4.02.5101,241,Petição Cível,"Crimes de &quot;Lavagem&quot; ou Ocultação de Bens, Direitos ou Valores",2019-04-05,2024-07-05T23:21:52.120000Z,5,G1,Eletrônico,https://eproc.jfrj.jus.br/eproc/externo_controlador.php?acao=processo_consulta_publica
05006566120194025101,0500656-61.2019.4.02.5101,1727,Petição Criminal,Corrupção passiva ,2019-04-05,2024-07-06T00:37:40.085000Z,5,G1,Eletrônico,https://eproc.jfrj.jus.br/eproc/externo_controlador.php?acao=processo_consulta_publica
50229784720194025101,5022978-47.2019.4.02.5101,1733,Procedimento Investigatório Criminal (PIC-MP) ,Estelionato Majorado ,2019-04-06,2024-07-05T21:42:45.381000Z,4,G1,Eletrônico,https://eproc.jfrj.jus.br/eproc/externo_controlador.php?acao=processo_consulta_publica
50229931620194025101,5022993-16.2019.4.02.5101,279,Inquérito Policial,Falsidade ideológica ,2019-04-07,2024-07-05T21:40:41.640000Z,6,G1,Eletrônico,https://eproc.jfrj.jus.br/eproc/externo_controlador.php?acao=processo_consulta_publica
50229949820194025101,5022994-98.2019.4.02.5101,1727,Petição Criminal,Corrupção ativa ; Crimes contra a Ordem Tributária; Liberdade Provisória,2019-04-07,2024-07-05T21:41:37.528000Z,8,G1,Eletrônico,https://eproc.jfrj.jus.br/eproc/externo_controlador.php?acao=processo_consulta_publica
50229975320194025101,5022997-53.2019.4.02.5101,279,Inquérito Policial,Crimes de Tráfico Ilícito e Uso Indevido de Drogas,2019-04-07,2024-07-05T21:42:06.422000Z,4,G1,Eletrônico,https://eproc.jfrj.jus.br/eproc/externo_controlador.php?acao=processo_consulta_publica
00017518620194025101,0001751-86.2019.4.02.5101,327,Embargos de Terceiro Criminal,Contravenções Penais,2019-04-10,2024-07-05T20:28:24.341000Z,2,G1,Eletrônico,https://eproc.jfrj.jus.br/eproc/externo_controlador.php?acao=processo_consulta_publica
05006574620194025101,0500657-46.2019.4.02.5101,241,Petição Cível,"Crimes de &quot;Lavagem&quot; ou Ocultação de Bens, Direitos ou Valores",2019-04-10,2024-07-06T00:37:00.961000Z,5,G1,Eletrônico,https://eproc.jfrj.jus.br/eproc/externo_controlador.php?acao=processo_consulta_publica
05006583120194025101,0500658-31.2019.4.02.5101,1727,Petição Criminal,"Crimes de &quot;Lavagem&quot; ou Ocultação de Bens, Direitos ou Valores",2019-04-10,2024-07-06T00:37:02.806000Z,5,G1,Eletrônico,https://eproc.jfrj.jus.br/eproc/externo_controlador.php?acao=processo_consulta_publica
50237033620194025101,5023703-36.2019.4.02.5101,1727,Petição Criminal,Redução a condição análoga à de escravo ,2019-04-10,2024-07-05T22:14:00.240000Z,10,G1,Eletrônico,https://eproc.jfrj.jus.br/eproc/externo_controlador.php?acao=processo_consulta_publica
05006591620194025101,0500659-16.2019.4.02.5101,1727,Petição Criminal,"Crimes de &quot;Lavagem&quot; ou Ocultação de Bens, Direitos ou Valores",2019-04-10,2024-07-06T00:39:01.110000Z,5,G1,Eletrônico,https://eproc.jfrj.jus.br/eproc/externo_controlador.php?acao=processo_consulta_publica
05006609820194025101,0500660-98.2019.4.02.5101,1727,Petição Criminal,"Crimes de &quot;Lavagem&quot; ou Ocultação de Bens, Direitos ou Valores",2019-04-10,2024-07-06T00:37:05.710000Z,6,G1,Eletrônico,https://eproc.jfrj.jus.br/eproc/externo_controlador.php?acao=processo_consulta_publica
05006817420194025101,0500681-74.2019.4.02.5101,1727,Petição Criminal,"Crimes de &quot;Lavagem&quot; ou Ocultação de Bens, Direitos ou Valores",2019-04-10,2024-07-06T00:37:33.646000Z,4,G1,Eletrônico,https://eproc.jfrj.jus.br/eproc/externo_controlador.php?acao=processo_consulta_publica
50238722320194025101,5023872-23.2019.4.02.5101,326,Restituição de Coisas Apreendidas,"Crimes de &quot;Lavagem&quot; ou Ocultação de Bens, Direitos ou Valores",2019-04-10,2024-07-05T21:41:56.293000Z,12,G1,Eletrônico,https://eproc.jfrj.jus.br/eproc/externo_controlador.php?acao=processo_consulta_publica
05006825920194025101,0500682-59.2019.4.02.5101,283,Ação Penal - Procedimento Ordinário,"Crimes de &quot;Lavagem&quot; ou Ocultação de Bens, Direitos ou Valores",2019-04-10,2024-07-06T00:37:34.516000Z,5,G1,Eletrônico,https://eproc.jfrj.jus.br/eproc/externo_controlador.php?acao=processo_consulta_publica
05006834420194025101,0500683-44.2019.4.02.5101,319,Exceção de Incompetência de Juízo,Contravenções Penais,2019-04-11,2024-07-06T00:37:06.157000Z,2,G1,Eletrônico,https://eproc.jfrj.jus.br/eproc/externo_controlador.php?acao=processo_consulta_publica
05006842920194025101,0500684-29.2019.4.02.5101,319,Exceção de Incompetência de Juízo,Contravenções Penais,2019-04-11,2024-07-06T00:37:13.910000Z,2,G1,Eletrônico,https://eproc.jfrj.jus.br/eproc/externo_controlador.php?acao=processo_consulta_publica
05006878120194025101,0500687-81.2019.4.02.5101,1727,Petição Criminal,"Crimes de &quot;Lavagem&quot; ou Ocultação de Bens, Direitos ou Valores",2019-04-12,2024-07-05T23:22:55.774000Z,5,G1,Eletrônico,https://eproc.jfrj.jus.br/eproc/externo_controlador.php?acao=processo_consulta_publica
05006886620194025101,0500688-66.2019.4.02.5101,1727,Petição Criminal,"Crimes de &quot;Lavagem&quot; ou Ocultação de Bens, Direitos ou Valores",2019-04-12,2024-07-06T00:37:14.338000Z,8,G1,Eletrônico,https://eproc.jfrj.jus.br/eproc/externo_controlador.php?acao=processo_consulta_publica
05006903620194025101,0500690-36.2019.4.02.5101,327,Embargos de Terceiro Criminal,"Crimes de &quot;Lavagem&quot; ou Ocultação de Bens, Direitos ou Valores",2019-04-12,2024-07-06T00:37:15.250000Z,42,G1,Eletrônico,https://eproc.jfrj.jus.br/eproc/externo_controlador.php?acao=processo_consulta_publica
05006938820194025101,0500693-88.2019.4.02.5101,326,Restituição de Coisas Apreendidas,"Crimes de &quot;Lavagem&quot; ou Ocultação de Bens, Direitos ou Valores",2019-04-12,2024-07-06T00:36:53.070000Z,5,G1,Eletrônico,https://eproc.jfrj.jus.br/eproc/externo_controlador.php?acao=processo_consulta_publica
05006947320194025101,0500694-73.2019.4.02.5101,326,Restituição de Coisas Apreendidas,"Crimes de &quot;Lavagem&quot; ou Ocultação de Bens, Direitos ou Valores",2019-04-12,2024-07-06T00:37:56.795000Z,12,G1,Eletrônico,https://eproc.jfrj.jus.br/eproc/externo_controlador.php?acao=processo_consulta_publica
50244550820194025101,5024455-08.2019.4.02.5101,1733,Procedimento Investigatório Criminal (PIC-MP) ,Desobediência ,2019-04-12,2024-07-05T22:15:51.101000Z,3,G1,Eletrônico,https://eproc.jfrj.jus.br/eproc/externo_controlador.php?acao=processo_consulta_publica
50250917120194025101,5025091-71.2019.4.02.5101,1733,Procedimento Investigatório Criminal (PIC-MP) ,Corrupção passiva ,2019-04-16,2024-07-05T22:16:54.073000Z,3,G1,Eletrônico,https://eproc.jfrj.jus.br/eproc/externo_controlador.php?acao=processo_consulta_publica
50251462220194025101,5025146-22.2019.4.02.5101,283,Ação Penal - Procedimento Ordinário,Tráfico de Drogas e Condutas Afins,2019-04-16,2025-10-14T05:24:41.357000Z,26,G1,Eletrônico,https://eproc.jfrj.jus.br/eproc/externo_controlador.php?acao=processo_consulta_publica
00018661020194025101,0001866-10.2019.4.02.5101,326,Restituição de Coisas Apreendidas,"Crimes de &quot;Lavagem&quot; ou Ocultação de Bens, Direitos ou Valores",2019-04-24,2024-07-05T20:26:54.565000Z,23,G1,Eletrônico,https://eproc.jfrj.jus.br/eproc/externo_controlador.php?acao=processo_consulta_publica
50264549320194025101,5026454-93.2019.4.02.5101,283,Ação Penal - Procedimento Ordinário,Crimes contra o Sistema Financeiro Nacional; Crimes contra o mercado de capitais,2019-04-25,2024-07-05T21:41:28.990000Z,21,G1,Eletrônico,https://eproc.jfrj.jus.br/eproc/externo_controlador.php?acao=processo_consulta_publica
50991641420194025101,5099164-14.2019.4.02.5101,283,Ação Penal - Procedimento Ordinário,Crimes contra o Sistema Financeiro Nacional; Crimes contra o mercado de capitais,2019-04-25,2024-07-05T22:53:08.309000Z,9,G1,Eletrônico,https://eproc.jfrj.jus.br/eproc/externo_controlador.php?acao=processo_consulta_publica
50270706820194025101,5027070-68.2019.4.02.5101,10944,Ação Penal - Procedimento Sumaríssimo,Crimes de Abuso de Autoridade,2019-04-29,2024-06-17T19:48:27.661000Z,4,JE,Eletrônico,https://eproc.jfrj.jus.br/eproc/externo_controlador.php?acao=processo_consulta_publica
05007414720194025101,0500741-47.2019.4.02.5101,1727,Petição Criminal,"Crimes de &quot;Lavagem&quot; ou Ocultação de Bens, Direitos ou Valores",2019-04-30,2024-07-05T23:22:56.685000Z,4,G1,Eletrônico,https://eproc.jfrj.jus.br/eproc/externo_controlador.php?acao=processo_consulta_publica
05007423220194025101,0500742-32.2019.4.02.5101,386,Execução da Pena,Quadrilha ou Bando,2019-04-30,2024-07-06T00:37:47.816000Z,8,G1,Eletrônico,https://eproc.jfrj.jus.br/eproc/externo_controlador.php?acao=processo_consulta_publica
05007431720194025101,0500743-17.2019.4.02.5101,386,Execução da Pena,Contravenções Penais,2019-04-30,2024-07-06T00:36:25.894000Z,4,G1,Eletrônico,https://eproc.jfrj.jus.br/eproc/externo_controlador.php?acao=processo_consulta_publica
50278007920194025101,5027800-79.2019.4.02.5101,283,Ação Penal - Procedimento Ordinário,Tráfico de Drogas e Condutas Afins,2019-04-30,2024-07-05T22:14:05.599000Z,8,G1,Eletrônico,https://eproc.jfrj.jus.br/eproc/externo_controlador.php?acao=processo_consulta_publica
50281558920194025101,5028155-89.2019.4.02.5101,283,Ação Penal - Procedimento Ordinário,Tráfico de Drogas e Condutas Afins; Uso de documento falso ,2019-05-02,2024-07-05T23:23:54.102000Z,13,G1,Eletrônico,https://eproc.jfrj.jus.br/eproc/externo_controlador.php?acao=processo_consulta_publica
05007458420194025101,0500745-84.2019.4.02.5101,283,Ação Penal - Procedimento Ordinário,"Crimes de &quot;Lavagem&quot; ou Ocultação de Bens, Direitos ou Valores",2019-05-03,2026-09-15T22:52:31.701000Z,72,G1,Eletrônico,https://eproc.jfrj.jus.br/eproc/externo_controlador.php?acao=processo_consulta_publica
05007519120194025101,0500751-91.2019.4.02.5101,326,Restituição de Coisas Apreendidas,"Crimes de &quot;Lavagem&quot; ou Ocultação de Bens, Direitos ou Valores",2019-05-03,2024-07-06T00:37:20.400000Z,7,G1,Eletrônico,https://eproc.jfrj.jus.br/eproc/externo_controlador.php?acao=processo_consulta_publica
00021051420194025101,0002105-14.2019.4.02.5101,327,Embargos de Terceiro Criminal,Contravenções Penais,2019-05-06,2024-07-05T20:25:59.700000Z,3,G1,Eletrônico,https://eproc.jfrj.jus.br/eproc/externo_controlador.php?acao=processo_consulta_publica
50287871820194025101,5028787-18.2019.4.02.5101,1733,Procedimento Investigatório Criminal (PIC-MP) ,Fato Atípico,2019-05-06,2024-07-05T22:15:18.721000Z,3,G1,Eletrônico,https://eproc.jfrj.jus.br/eproc/externo_controlador.php?acao=processo_consulta_publica
05007561620194025101,0500756-16.2019.4.02.5101,1727,Petição Criminal,Contravenções Penais,2019-05-07,2024-07-06T00:37:39.607000Z,2,G1,Eletrônico,https://eproc.jfrj.jus.br/eproc/externo_controlador.php?acao=processo_consulta_publica
05007579820194025101,0500757-98.2019.4.02.5101,1727,Petição Criminal,"Crimes de &quot;Lavagem&quot; ou Ocultação de Bens, Direitos ou Valores",2019-05-07,2024-07-06T00:37:57.590000Z,5,G1,Eletrônico,https://eproc.jfrj.jus.br/eproc/externo_controlador.php?acao=processo_consulta_publica
50291657120194025101,5029165-71.2019.4.02.5101,327,Embargos de Terceiro Criminal,"Crimes de &quot;Lavagem&quot; ou Ocultação de Bens, Direitos ou Valores",2019-05-07,2024-07-05T22:13:38.675000Z,2,G1,Eletrônico,https://eproc.jfrj.jus.br/eproc/externo_controlador.php?acao=processo_consulta_publica
50292046820194025101,5029204-68.2019.4.02.5101,279,Inquérito Policial,Peculato,2019-05-08,2024-07-05T22:15:17.023000Z,4,G1,Eletrônico,https://eproc.jfrj.jus.br/eproc/externo_controlador.php?acao=processo_consulta_publica
50292817720194025101,5029281-77.2019.4.02.5101,279,Inquérito Policial,Apropriação indébita,2019-05-08,2024-07-05T22:17:54.935000Z,3,G1,Eletrônico,https://eproc.jfrj.jus.br/eproc/externo_controlador.php?acao=processo_consulta_publica
05007605320194025101,0500760-53.2019.4.02.5101,11955,Cautelar Inominada Criminal,"Crimes de &quot;Lavagem&quot; ou Ocultação de Bens, Direitos ou Valores",2019-05-08,2026-06-13T14:11:29.257000Z,28,G1,Eletrônico,https://eproc.jfrj.jus.br/eproc/externo_controlador.php?acao=processo_consulta_publica
05007613820194025101,0500761-38.2019.4.02.5101,313,Pedido de Prisão Preventiva,"Crimes de &quot;Lavagem&quot; ou Ocultação de Bens, Direitos ou Valores",2019-05-08,2024-09-26T21:10:25.006000Z,40,G1,Eletrônico,https://eproc.jfrj.jus.br/eproc/externo_controlador.php?acao=processo_consulta_publica
05007622320194025101,0500762-23.2019.4.02.5101,11955,Cautelar Inominada Criminal,"Crimes de &quot;Lavagem&quot; ou Ocultação de Bens, Direitos ou Valores",2019-05-08,2026-08-21T00:09:21.546000Z,23,G1,Eletrônico,https://eproc.jfrj.jus.br/eproc/externo_controlador.php?acao=processo_consulta_publica
05007630820194025101,0500763-08.2019.4.02.5101,329,Seqüestro,"Crimes de &quot;Lavagem&quot; ou Ocultação de Bens, Direitos ou Valores",2019-05-08,2026-08-20T23:46:11.383000Z,28,G1,Eletrônico,https://eproc.jfrj.jus.br/eproc/externo_controlador.php?acao=processo_consulta_publica
05007649020194025101,0500764-90.2019.4.02.5101,309,Pedido de Busca e Apreensão Criminal,"Crimes de &quot;Lavagem&quot; ou Ocultação de Bens, Direitos ou Valores",2019-05-08,2024-07-06T00:37:02.988000Z,12,G1,Eletrônico,https://eproc.jfrj.jus.br/eproc/externo_controlador.php?acao=processo_consulta_publica
05007657520194025101,0500765-75.2019.4.02.5101,326,Restituição de Coisas Apreendidas,Contravenções Penais,2019-05-08,2024-07-06T00:37:01.422000Z,2,G1,Eletrônico,https://eproc.jfrj.jus.br/eproc/externo_controlador.php?acao=processo_consulta_publica
50294575620194025101,5029457-56.2019.4.02.5101,1733,Procedimento Investigatório Criminal (PIC-MP) ,Crimes Resultante de Preconceito de Raça ou de Cor; Injúria,2019-05-08,2024-07-05T22:15:11.457000Z,3,G1,Eletrônico,https://eproc.jfrj.jus.br/eproc/externo_controlador.php?acao=processo_consulta_publica
50295277320194025101,5029527-73.2019.4.02.5101,283,Ação Penal - Procedimento Ordinário,Crimes contra a Ordem Tributária; Sonegação de contribuição previdenciária ,2019-05-09,2024-07-05T22:18:36.709000Z,40,G1,Eletrônico,https://eproc.jfrj.jus.br/eproc/externo_controlador.php?acao=processo_consulta_publica
50295355020194025101,5029535-50.2019.4.02.5101,279,Inquérito Policial,Estelionato Majorado ,2019-05-09,2024-10-18T10:03:56.555000Z,4,G1,Eletrônico,https://eproc.jfrj.jus.br/eproc/externo_controlador.php?acao=processo_consulta_publica
50296238820194025101,5029623-88.2019.4.02.5101,1733,Procedimento Investigatório Criminal (PIC-MP) ,Crimes contra a Ordem Tributária,2019-05-09,2024-07-05T22:14:18.482000Z,5,G1,Eletrônico,https://eproc.jfrj.jus.br/eproc/externo_controlador.php?acao=processo_consulta_publica
50300049620194025101,5030004-96.2019.4.02.5101,1733,Procedimento Investigatório Criminal (PIC-MP) ,"Crimes de &quot;Lavagem&quot; ou Ocultação de Bens, Direitos ou Valores",2019-05-10,2024-07-05T23:24:45.901000Z,4,G1,Eletrônico,https://eproc.jfrj.jus.br/eproc/externo_controlador.php?acao=processo_consulta_publica
05007683020194025101,0500768-30.2019.4.02.5101,283,Ação Penal - Procedimento Ordinário,Crimes da Lei de licitações,2019-05-10,2026-09-15T22:54:11.086000Z,26,G1,Eletrônico,https://eproc.jfrj.jus.br/eproc/externo_controlador.php?acao=processo_consulta_publica
50304405520194025101,5030440-55.2019.4.02.5101,283,Ação Penal - Procedimento Ordinário,Falsificação de documento público; Uso de documento falso ,2019-05-13,2024-07-05T22:15:29.851000Z,25,G1,Eletrônico,https://eproc.jfrj.jus.br/eproc/externo_controlador.php?acao=processo_consulta_publica
00021995920194025101,0002199-59.2019.4.02.5101,37,Embargos de Terceiro Cível,"Crimes de &quot;Lavagem&quot; ou Ocultação de Bens, Direitos ou Valores",2019-05-14,2024-07-05T20:32:14.096000Z,12,G1,Eletrônico,https://eproc.jfrj.jus.br/eproc/externo_controlador.php?acao=processo_consulta_publica
05008116420194025101,0500811-64.2019.4.02.5101,386,Execução da Pena,Contravenções Penais,2019-05-16,2024-07-06T00:37:16.101000Z,4,G1,Eletrônico,https://eproc.jfrj.jus.br/eproc/externo_controlador.php?acao=processo_consulta_publica
05008133420194025101,0500813-34.2019.4.02.5101,326,Restituição de Coisas Apreendidas,"Crimes de &quot;Lavagem&quot; ou Ocultação de Bens, Direitos ou Valores",2019-05-16,2024-07-06T00:37:38.807000Z,16,G1,Eletrônico,https://eproc.jfrj.jus.br/eproc/externo_controlador.php?acao=processo_consulta_publica
05008150420194025101,0500815-04.2019.4.02.5101,329,Seqüestro,Contravenções Penais,2019-05-16,2024-07-06T00:37:39.208000Z,15,G1,Eletrônico,https://eproc.jfrj.jus.br/eproc/externo_controlador.php?acao=processo_consulta_publica
50316877120194025101,5031687-71.2019.4.02.5101,279,Inquérito Policial,Concussão ; Corrupção ativa ; Facilitação de contrabando ou descaminho ; Quadrilha ou Bando,2019-05-17,2024-07-05T22:18:00.348000Z,3,G1,Eletrônico,https://eproc.jfrj.jus.br/eproc/externo_controlador.php?acao=processo_consulta_publica
50323537220194025101,5032353-72.2019.4.02.5101,1733,Procedimento Investigatório Criminal (PIC-MP) ,Crimes contra o Sistema Financeiro Nacional; Estelionato Majorado ,2019-05-20,2024-07-05T22:17:20.042000Z,3,G1,Eletrônico,https://eproc.jfrj.jus.br/eproc/externo_controlador.php?acao=processo_consulta_publica
50323640420194025101,5032364-04.2019.4.02.5101,283,Ação Penal - Procedimento Ordinário,Tráfico de Drogas e Condutas Afins,2019-05-20,2024-07-05T22:18:08.026000Z,11,G1,Eletrônico,https://eproc.jfrj.jus.br/eproc/externo_controlador.php?acao=processo_consulta_publica
50324134520194025101,5032413-45.2019.4.02.5101,279,Inquérito Policial,Estelionato Majorado ,2019-05-21,2024-07-05T23:24:49.993000Z,14,G1,Eletrônico,https://eproc.jfrj.jus.br/eproc/externo_controlador.php?acao=processo_consulta_publica
50329227320194025101,5032922-73.2019.4.02.5101,279,Inquérito Policial,Falsificação de documento público; Uso de documento falso ,2019-05-22,2024-07-05T22:15:51.162000Z,2,G1,Eletrônico,https://eproc.jfrj.jus.br/eproc/externo_controlador.php?acao=processo_consulta_publica
50329564820194025101,5032956-48.2019.4.02.5101,283,Ação Penal - Procedimento Ordinário,Crimes contra a Ordem Tributária,2019-05-22,2024-07-05T22:16:06.670000Z,14,G1,Eletrônico,https://eproc.jfrj.jus.br/eproc/externo_controlador.php?acao=processo_consulta_publica
05007882120194025101,0500788-21.2019.4.02.5101,1727,Petição Criminal,Contravenções Penais,2019-05-22,2024-07-06T00:36:38.682000Z,11,G1,Eletrônico,https://eproc.jfrj.jus.br/eproc/externo_controlador.php?acao=processo_consulta_publica
05008194120194025101,0500819-41.2019.4.02.5101,1727,Petição Criminal,"Crimes de &quot;Lavagem&quot; ou Ocultação de Bens, Direitos ou Valores",2019-05-22,2024-07-06T00:37:10.286000Z,5,G1,Eletrônico,https://eproc.jfrj.jus.br/eproc/externo_controlador.php?acao=processo_consulta_publica
05008202620194025101,0500820-26.2019.4.02.5101,283,Ação Penal - Procedimento Ordinário,"Corrupção ativa ; Corrupção passiva ; Crimes da Lei de licitações; Crimes de &quot;Lavagem&quot; ou Ocultação de Bens, Direitos ou Valores",2019-05-22,2024-07-06T00:36:47.314000Z,36,G1,Eletrônico,https://eproc.jfrj.jus.br/eproc/externo_controlador.php?acao=processo_consulta_publica
50332457820194025101,5033245-78.2019.4.02.5101,279,Inquérito Policial,Crimes de Tráfico Ilícito e Uso Indevido de Drogas,2019-05-23,2024-07-05T23:24:50.405000Z,17,G1,Eletrônico,https://eproc.jfrj.jus.br/eproc/externo_controlador.php?acao=processo_consulta_publica
50336719020194025101,5033671-90.2019.4.02.5101,1733,Procedimento Investigatório Criminal (PIC-MP) ,Estelionato Majorado ; Peculato,2019-05-24,2024-07-05T22:16:16.976000Z,3,G1,Eletrônico,https://eproc.jfrj.jus.br/eproc/externo_controlador.php?acao=processo_consulta_publica
50021414720194025108,5002141-47.2019.4.02.5108,283,Ação Penal - Procedimento Ordinário,Estelionato Majorado ,2019-05-28,2026-07-15T05:58:27.704000Z,30,G1,Eletrônico,https://eproc.jfrj.jus.br/eproc/externo_controlador.php?acao=processo_consulta_publica
50021466920194025108,5002146-69.2019.4.02.5108,283,Ação Penal - Procedimento Ordinário,Estelionato Majorado ,2019-05-28,2026-06-13T14:09:54.685000Z,45,G1,Eletrônico,https://eproc.jfrj.jus.br/eproc/externo_controlador.php?acao=processo_consulta_publica
05008271820194025101,0500827-18.2019.4.02.5101,1727,Petição Criminal,"Crimes de &quot;Lavagem&quot; ou Ocultação de Bens, Direitos ou Valores",2019-05-29,2024-07-06T00:37:15.676000Z,5,G1,Eletrônico,https://eproc.jfrj.jus.br/eproc/externo_controlador.php?acao=processo_consulta_publica
05008280320194025101,0500828-03.2019.4.02.5101,326,Restituição de Coisas Apreendidas,Contravenções Penais,2019-05-29,2024-07-06T00:36:24.640000Z,2,G1,Eletrônico,https://eproc.jfrj.jus.br/eproc/externo_controlador.php?acao=processo_consulta_publica
50010693420194025105,5001069-34.2019.4.02.5105,283,Ação Penal - Procedimento Ordinário,Crimes da Lei de licitações; Frustração de direitos assegurados por lei trabalhista,2019-05-29,2024-07-05T20:32:27.362000Z,43,G1,Eletrônico,https://eproc.jfrj.jus.br/eproc/externo_controlador.php?acao=processo_consulta_publica
50351269020194025101,5035126-90.2019.4.02.5101,1733,Procedimento Investigatório Criminal (PIC-MP) ,Constrangimento ilegal ,2019-05-30,2024-07-05T22:16:46.819000Z,3,G1,Eletrônico,https://eproc.jfrj.jus.br/eproc/externo_controlador.php?acao=processo_consulta_publica
00025685320194025101,0002568-53.2019.4.02.5101,329,Seqüestro,Corrupção passiva ,2019-05-31,2026-08-20T23:30:47.826000Z,66,G1,Eletrônico,https://eproc.jfrj.jus.br/eproc/externo_controlador.php?acao=processo_consulta_publica
05008410220194025101,0500841-02.2019.4.02.5101,386,Execução da Pena,Contravenções Penais,2019-05-31,2024-07-06T00:37:56.760000Z,2,G1,Eletrônico,https://eproc.jfrj.jus.br/eproc/externo_controlador.php?acao=processo_consulta_publica
05008428420194025101,0500842-84.2019.4.02.5101,319,Exceção de Incompetência de Juízo,Contravenções Penais,2019-05-31,2024-07-06T00:36:26.172000Z,2,G1,Eletrônico,https://eproc.jfrj.jus.br/eproc/externo_controlador.php?acao=processo_consulta_publica
50554162920194025101,5055416-29.2019.4.02.5101,283,Ação Penal - Procedimento Ordinário,Crimes contra o Sistema Financeiro Nacional,2019-05-31,2024-07-05T23:25:05.390000Z,11,G1,Eletrônico,https://eproc.jfrj.jus.br/eproc/externo_controlador.php?acao=processo_consulta_publica
50356031620194025101,5035603-16.2019.4.02.5101,283,Ação Penal - Procedimento Ordinário,Crimes contra o Sistema Financeiro Nacional,2019-05-31,2024-09-26T20:51:02.722000Z,25,G1,Eletrônico,https://eproc.jfrj.jus.br/eproc/externo_controlador.php?acao=processo_consulta_publica
00025737520194025101,0002573-75.2019.4.02.5101,314,Pedido de Prisão Temporária,Corrupção passiva ,2019-06-02,2024-11-13T21:30:06.955000Z,35,G1,Eletrônico,https://eproc.jfrj.jus.br/eproc/externo_controlador.php?acao=processo_consulta_publica
05008436920194025101,0500843-69.2019.4.02.5101,1727,Petição Criminal,"Crimes de &quot;Lavagem&quot; ou Ocultação de Bens, Direitos ou Valores",2019-06-03,2024-07-06T00:37:57.910000Z,15,G1,Eletrônico,https://eproc.jfrj.jus.br/eproc/externo_controlador.php?acao=processo_consulta_publica
05008445420194025101,0500844-54.2019.4.02.5101,326,Restituição de Coisas Apreendidas,"Crimes de &quot;Lavagem&quot; ou Ocultação de Bens, Direitos ou Valores",2019-06-03,2024-07-06T00:37:43.546000Z,5,G1,Eletrônico,https://eproc.jfrj.jus.br/eproc/externo_controlador.php?acao=processo_consulta_publica
50359219620194025101,5035921-96.2019.4.02.5101,279,Inquérito Policial,Estelionato Majorado ,2019-06-03,2025-10-14T06:27:13.000000Z,7,G1,Eletrônico,https://eproc.jfrj.jus.br/eproc/externo_controlador.php?acao=processo_consulta_publica
05008453920194025101,0500845-39.2019.4.02.5101,241,Petição Cível,"Crimes de &quot;Lavagem&quot; ou Ocultação de Bens, Direitos ou Valores",2019-06-04,2024-07-06T00:38:29.920000Z,5,G1,Eletrônico,https://eproc.jfrj.jus.br/eproc/externo_controlador.php?acao=processo_consulta_publica
05008679720194025101,0500867-97.2019.4.02.5101,1727,Petição Criminal,Contravenções Penais,2019-06-04,2024-07-06T00:36:32.833000Z,2,G1,Eletrônico,https://eproc.jfrj.jus.br/eproc/externo_controlador.php?acao=processo_consulta_publica
00026135720194025101,0002613-57.2019.4.02.5101,309,Pedido de Busca e Apreensão Criminal,"Crimes de &quot;Lavagem&quot; ou Ocultação de Bens, Direitos ou Valores",2019-06-04,2026-09-15T22:55:14.993000Z,17,G1,Eletrônico,https://eproc.jfrj.jus.br/eproc/externo_controlador.php?acao=processo_consulta_publica
50365039620194025101,5036503-96.2019.4.02.5101,1733,Procedimento Investigatório Criminal (PIC-MP) ,Grave,2019-06-05,2024-07-05T22:18:19.697000Z,3,G1,Eletrônico,https://eproc.jfrj.jus.br/eproc/externo_controlador.php?acao=processo_consulta_publica
50367983620194025101,5036798-36.2019.4.02.5101,283,Ação Penal - Procedimento Ordinário,Estelionato Majorado ,2019-06-06,2024-07-05T22:18:43.591000Z,7,G1,Eletrônico,https://eproc.jfrj.jus.br/eproc/externo_controlador.php?acao=processo_consulta_publica
50371941320194025101,5037194-13.2019.4.02.5101,1733,Procedimento Investigatório Criminal (PIC-MP) ,Estelionato Majorado ,2019-06-07,2024-07-05T22:17:11.635000Z,3,G1,Eletrônico,https://eproc.jfrj.jus.br/eproc/externo_controlador.php?acao=processo_consulta_publica
50375458320194025101,5037545-83.2019.4.02.5101,283,Ação Penal - Procedimento Ordinário,Corrupção passiva ,2019-06-10,2024-07-05T22:16:47.261000Z,29,G1,Eletrônico,https://eproc.jfrj.jus.br/eproc/externo_controlador.php?acao=processo_consulta_publica
05008835120194025101,0500883-51.2019.4.02.5101,326,Restituição de Coisas Apreendidas,"Crimes de &quot;Lavagem&quot; ou Ocultação de Bens, Direitos ou Valores",2019-06-10,2024-07-06T00:38:23.343000Z,11,G1,Eletrônico,https://eproc.jfrj.jus.br/eproc/externo_controlador.php?acao=processo_consulta_publica
05008843620194025101,0500884-36.2019.4.02.5101,326,Restituição de Coisas Apreendidas,Contravenções Penais,2019-06-10,2024-07-05T23:22:51.359000Z,2,G1,Eletrônico,https://eproc.jfrj.jus.br/eproc/externo_controlador.php?acao=processo_consulta_publica
05008860620194025101,0500886-06.2019.4.02.5101,241,Petição Cível,"Crimes de &quot;Lavagem&quot; ou Ocultação de Bens, Direitos ou Valores",2019-06-10,2024-07-06T00:37:02.571000Z,9,G1,Eletrônico,https://eproc.jfrj.jus.br/eproc/externo_controlador.php?acao=processo_consulta_publica
05008895820194025101,0500889-58.2019.4.02.5101,320,Exceção de Litispendência,Contravenções Penais,2019-06-12,2024-07-06T00:37:17.833000Z,2,G1,Eletrônico,https://eproc.jfrj.jus.br/eproc/externo_controlador.php?acao=processo_consulta_publica
00027417720194025101,0002741-77.2019.4.02.5101,11955,Cautelar Inominada Criminal,"Crimes de &quot;Lavagem&quot; ou Ocultação de Bens, Direitos ou Valores",2019-06-12,2026-07-15T06:31:32.262000Z,9,G1,Eletrônico,https://eproc.jfrj.jus.br/eproc/externo_controlador.php?acao=processo_consulta_publica
50385677920194025101,5038567-79.2019.4.02.5101,1733,Procedimento Investigatório Criminal (PIC-MP) ,Desobediência ,2019-06-13,2024-07-05T23:24:37.309000Z,3,G1,Eletrônico,https://eproc.jfrj.jus.br/eproc/externo_controlador.php?acao=processo_consulta_publica
05008912820194025101,0500891-28.2019.4.02.5101,1727,Petição Criminal,"Crimes de &quot;Lavagem&quot; ou Ocultação de Bens, Direitos ou Valores",2019-06-13,2024-07-06T00:37:09.040000Z,4,G1,Eletrônico,https://eproc.jfrj.jus.br/eproc/externo_controlador.php?acao=processo_consulta_publica
05008921320194025101,0500892-13.2019.4.02.5101,279,Inquérito Policial,Contravenções Penais,2019-06-13,2024-07-06T00:36:52.781000Z,5,G1,Eletrônico,https://eproc.jfrj.jus.br/eproc/externo_controlador.php?acao=processo_consulta_publica
50387790320194025101,5038779-03.2019.4.02.5101,279,Inquérito Policial,Furto Qualificado ,2019-06-14,2024-07-05T22:18:08.856000Z,3,G1,Eletrônico,https://eproc.jfrj.jus.br/eproc/externo_controlador.php?acao=processo_consulta_publica
50388068320194025101,5038806-83.2019.4.02.5101,283,Ação Penal - Procedimento Ordinário,Inserção de dados falsos em sistema de informações ,2019-06-14,2024-07-05T22:18:34.976000Z,7,G1,Eletrônico,https://eproc.jfrj.jus.br/eproc/externo_controlador.php?acao=processo_consulta_publica
50388129020194025101,5038812-90.2019.4.02.5101,283,Ação Penal - Procedimento Ordinário,Uso de documento falso ,2019-06-14,2024-07-05T22:19:12.344000Z,11,G1,Eletrônico,https://eproc.jfrj.jus.br/eproc/externo_controlador.php?acao=processo_consulta_publica
05008939520194025101,0500893-95.2019.4.02.5101,1727,Petição Criminal,"Crimes de &quot;Lavagem&quot; ou Ocultação de Bens, Direitos ou Valores",2019-06-14,2024-07-06T00:37:04.493000Z,5,G1,Eletrônico,https://eproc.jfrj.jus.br/eproc/externo_controlador.php?acao=processo_consulta_publica
05008965020194025101,0500896-50.2019.4.02.5101,327,Embargos de Terceiro Criminal,Peculato,2019-06-14,2024-07-06T00:38:04.940000Z,9,G1,Eletrônico,https://eproc.jfrj.jus.br/eproc/externo_controlador.php?acao=processo_consulta_publica
50393342020194025101,5039334-20.2019.4.02.5101,1733,Procedimento Investigatório Criminal (PIC-MP) ,Apropriação indébita Previdenciária ,2019-06-17,2024-07-05T22:17:40.575000Z,3,G1,Eletrônico,https://eproc.jfrj.jus.br/eproc/externo_controlador.php?acao=processo_consulta_publica
05008973520194025101,0500897-35.2019.4.02.5101,1727,Petição Criminal,"Crimes de &quot;Lavagem&quot; ou Ocultação de Bens, Direitos ou Valores",2019-06-18,2024-07-06T00:37:19.131000Z,5,G1,Eletrônico,https://eproc.jfrj.jus.br/eproc/externo_controlador.php?acao=processo_consulta_publica
05009017220194025101,0500901-72.2019.4.02.5101,329,Seqüestro,"Crimes de &quot;Lavagem&quot; ou Ocultação de Bens, Direitos ou Valores",2019-06-19,2024-07-06T00:37:58.410000Z,22,G1,Eletrônico,https://eproc.jfrj.jus.br/eproc/externo_controlador.php?acao=processo_consulta_publica
50841314720204025101,5084131-47.2020.4.02.5101,283,Ação Penal - Procedimento Ordinário,"Crimes de &quot;Lavagem&quot; ou Ocultação de Bens, Direitos ou Valores",2019-06-24,2024-07-05T23:24:37.151000Z,19,G1,Eletrônico,https://eproc.jfrj.jus.br/eproc/externo_controlador.php?acao=processo_consulta_publica
00028993520194025101,0002899-35.2019.4.02.5101,283,Ação Penal - Procedimento Ordinário,"Crimes de &quot;Lavagem&quot; ou Ocultação de Bens, Direitos ou Valores",2019-06-24,2025-11-13T18:08:07.028000Z,27,G1,Eletrônico,https://eproc.jfrj.jus.br/eproc/externo_controlador.php?acao=processo_consulta_publica
00029167120194025101,0002916-71.2019.4.02.5101,283,Ação Penal - Procedimento Ordinário,Corrupção passiva ,2019-06-24,2026-08-20T23:39:27.087000Z,102,G1,Eletrônico,https://eproc.jfrj.jus.br/eproc/externo_controlador.php?acao=processo_consulta_publica
50407606720194025101,5040760-67.2019.4.02.5101,279,Inquérito Policial,Roubo Majorado,2019-06-25,2024-07-05T22:18:49.493000Z,5,G1,Eletrônico,https://eproc.jfrj.jus.br/eproc/externo_controlador.php?acao=processo_consulta_publica
50409087820194025101,5040908-78.2019.4.02.5101,1733,Procedimento Investigatório Criminal (PIC-MP) ,Desobediência ,2019-06-25,2024-07-05T22:18:25.488000Z,3,G1,Eletrônico,https://eproc.jfrj.jus.br/eproc/externo_controlador.php?acao=processo_consulta_publica
05008730720194025101,0500873-07.2019.4.02.5101,1727,Petição Criminal,"Crimes de &quot;Lavagem&quot; ou Ocultação de Bens, Direitos ou Valores",2019-06-26,2024-07-06T00:37:53.249000Z,5,G1,Eletrônico,https://eproc.jfrj.jus.br/eproc/externo_controlador.php?acao=processo_consulta_publica
50414300820194025101,5041430-08.2019.4.02.5101,279,Inquérito Policial,Estelionato Majorado ,2019-06-27,2024-07-05T22:17:23.160000Z,3,G1,Eletrônico,https://eproc.jfrj.jus.br/eproc/externo_controlador.php?acao=processo_consulta_publica
50415435920194025101,5041543-59.2019.4.02.5101,1733,Procedimento Investigatório Criminal (PIC-MP) ,Desobediência ,2019-06-27,2024-07-05T22:18:39.611000Z,3,G1,Eletrônico,https://eproc.jfrj.jus.br/eproc/externo_controlador.php?acao=processo_consulta_publica
50426625520194025101,5042662-55.2019.4.02.5101,283,Ação Penal - Procedimento Ordinário,Estelionato Majorado ,2019-07-02,2024-07-05T22:17:49.121000Z,7,G1,Eletrônico,https://eproc.jfrj.jus.br/eproc/externo_controlador.php?acao=processo_consulta_publica
50427145120194025101,5042714-51.2019.4.02.5101,1733,Procedimento Investigatório Criminal (PIC-MP) ,Estelionato Majorado ,2019-07-02,2024-07-05T22:19:37.621000Z,3,G1,Eletrônico,https://eproc.jfrj.jus.br/eproc/externo_controlador.php?acao=processo_consulta_publica
50026706620194025108,5002670-66.2019.4.02.5108,283,Ação Penal - Procedimento Ordinário,Falsificação de documento público; Uso de documento falso ,2019-07-03,2024-07-05T20:24:52.691000Z,26,G1,Eletrônico,https://eproc.jfrj.jus.br/eproc/externo_controlador.php?acao=processo_consulta_publica
00030430920194025101,0003043-09.2019.4.02.5101,326,Restituição de Coisas Apreendidas,"Crimes de &quot;Lavagem&quot; ou Ocultação de Bens, Direitos ou Valores",2019-07-03,2024-07-05T21:07:48.161000Z,5,G1,Eletrônico,https://eproc.jfrj.jus.br/eproc/externo_controlador.php?acao=processo_consulta_publica
50431484020194025101,5043148-40.2019.4.02.5101,307,Habeas Corpus Criminal,Fato Atípico,2019-07-03,2024-07-05T22:18:50.760000Z,4,G1,Eletrônico,https://eproc.jfrj.jus.br/eproc/externo_controlador.php?acao=processo_consulta_publica
05008809620194025101,0500880-96.2019.4.02.5101,329,Seqüestro,"Crimes de &quot;Lavagem&quot; ou Ocultação de Bens, Direitos ou Valores",2019-07-05,2026-06-13T14:14:48.521000Z,64,G1,Eletrônico,https://eproc.jfrj.jus.br/eproc/externo_controlador.php?acao=processo_consulta_publica
05009216320194025101,0500921-63.2019.4.02.5101,283,Ação Penal - Procedimento Ordinário,"Crimes de &quot;Lavagem&quot; ou Ocultação de Bens, Direitos ou Valores",2019-07-08,2026-07-15T01:52:06.720000Z,34,G1,Eletrônico,https://eproc.jfrj.jus.br/eproc/externo_controlador.php?acao=processo_consulta_publica
05009224820194025101,0500922-48.2019.4.02.5101,1727,Petição Criminal,"Crimes de &quot;Lavagem&quot; ou Ocultação de Bens, Direitos ou Valores",2019-07-08,2024-07-06T00:37:25.037000Z,6,G1,Eletrônico,https://eproc.jfrj.jus.br/eproc/externo_controlador.php?acao=processo_consulta_publica
00031167820194025101,0003116-78.2019.4.02.5101,309,Pedido de Busca e Apreensão Criminal,Contravenções Penais,2019-07-09,2024-07-05T21:08:47.508000Z,2,G1,Eletrônico,https://eproc.jfrj.jus.br/eproc/externo_controlador.php?acao=processo_consulta_publica
05009268520194025101,0500926-85.2019.4.02.5101,319,Exceção de Incompetência de Juízo,Contravenções Penais,2019-07-09,2024-07-06T00:37:21.890000Z,2,G1,Eletrônico,https://eproc.jfrj.jus.br/eproc/externo_controlador.php?acao=processo_consulta_publica
05009302520194025101,0500930-25.2019.4.02.5101,319,Exceção de Incompetência de Juízo,Contravenções Penais,2019-07-09,2024-07-06T00:38:05.783000Z,2,G1,Eletrônico,https://eproc.jfrj.jus.br/eproc/externo_controlador.php?acao=processo_consulta_publica
05009311020194025101,0500931-10.2019.4.02.5101,326,Restituição de Coisas Apreendidas,Corrupção passiva ,2019-07-09,2024-07-06T00:37:02.122000Z,10,G1,Eletrônico,https://eproc.jfrj.jus.br/eproc/externo_controlador.php?acao=processo_consulta_publica
05009329220194025101,0500932-92.2019.4.02.5101,1727,Petição Criminal,Corrupção passiva ,2019-07-09,2024-07-06T00:36:25.465000Z,2,G1,Eletrônico,https://eproc.jfrj.jus.br/eproc/externo_controlador.php?acao=processo_consulta_publica
50027745820194025108,5002774-58.2019.4.02.5108,283,Ação Penal - Procedimento Ordinário,Estelionato Majorado ; Inserção de dados falsos em sistema de informações ,2019-07-10,2024-09-26T21:02:28.355000Z,31,G1,Eletrônico,https://eproc.jfrj.jus.br/eproc/externo_controlador.php?acao=processo_consulta_publica
50453482020194025101,5045348-20.2019.4.02.5101,1733,Procedimento Investigatório Criminal (PIC-MP) ,"Crimes de &quot;Lavagem&quot; ou Ocultação de Bens, Direitos ou Valores",2019-07-11,2024-07-05T22:19:36.255000Z,3,G1,Eletrônico,https://eproc.jfrj.jus.br/eproc/externo_controlador.php?acao=processo_consulta_publica
50453594920194025101,5045359-49.2019.4.02.5101,279,Inquérito Policial,Moeda Falsa / Assimilados,2019-07-11,2024-07-05T22:19:34.461000Z,3,G1,Eletrônico,https://eproc.jfrj.jus.br/eproc/externo_controlador.php?acao=processo_consulta_publica
50453664120194025101,5045366-41.2019.4.02.5101,283,Ação Penal - Procedimento Ordinário,Moeda Falsa / Assimilados,2019-07-11,2024-07-05T22:18:29.814000Z,28,G1,Eletrônico,https://eproc.jfrj.jus.br/eproc/externo_controlador.php?acao=processo_consulta_publica
00031773620194025101,0003177-36.2019.4.02.5101,283,Ação Penal - Procedimento Ordinário,"Crimes de &quot;Lavagem&quot; ou Ocultação de Bens, Direitos ou Valores",2019-07-12,2026-06-13T14:13:46.836000Z,37,G1,Eletrônico,https://eproc.jfrj.jus.br/eproc/externo_controlador.php?acao=processo_consulta_publica
50457128920194025101,5045712-89.2019.4.02.5101,279,Inquérito Policial,Desobediência ,2019-07-12,2024-07-05T22:19:03.533000Z,3,G1,Eletrônico,https://eproc.jfrj.jus.br/eproc/externo_controlador.php?acao=processo_consulta_publica
05009675220194025101,0500967-52.2019.4.02.5101,320,Exceção de Litispendência,Contravenções Penais,2019-07-16,2024-07-06T00:38:28.112000Z,2,G1,Eletrônico,https://eproc.jfrj.jus.br/eproc/externo_controlador.php?acao=processo_consulta_publica
05009727420194025101,0500972-74.2019.4.02.5101,320,Exceção de Litispendência,Contravenções Penais,2019-07-17,2024-07-06T00:38:10.502000Z,2,G1,Eletrônico,https://eproc.jfrj.jus.br/eproc/externo_controlador.php?acao=processo_consulta_publica
05009735920194025101,0500973-59.2019.4.02.5101,319,Exceção de Incompetência de Juízo,Contravenções Penais,2019-07-17,2024-07-06T00:37:00.433000Z,2,G1,Eletrônico,https://eproc.jfrj.jus.br/eproc/externo_controlador.php?acao=processo_consulta_publica
05009744420194025101,0500974-44.2019.4.02.5101,319,Exceção de Incompetência de Juízo,Contravenções Penais,2019-07-18,2024-07-06T00:37:37.580000Z,2,G1,Eletrônico,https://eproc.jfrj.jus.br/eproc/externo_controlador.php?acao=processo_consulta_publica
05009752920194025101,0500975-29.2019.4.02.5101,1727,Petição Criminal,"Crimes de &quot;Lavagem&quot; ou Ocultação de Bens, Direitos ou Valores",2019-07-18,2024-07-06T00:37:51.958000Z,4,G1,Eletrônico,https://eproc.jfrj.jus.br/eproc/externo_controlador.php?acao=processo_consulta_publica
50477662820194025101,5047766-28.2019.4.02.5101,279,Inquérito Policial,Uso de documento falso ,2019-07-19,2024-07-05T23:24:36.381000Z,4,G1,Eletrônico,https://eproc.jfrj.jus.br/eproc/externo_controlador.php?acao=processo_consulta_publica
05009891320194025101,0500989-13.2019.4.02.5101,1727,Petição Criminal,"Crimes de &quot;Lavagem&quot; ou Ocultação de Bens, Direitos ou Valores",2019-07-22,2024-07-06T00:37:49.598000Z,4,G1,Eletrônico,https://eproc.jfrj.jus.br/eproc/externo_controlador.php?acao=processo_consulta_publica
05009909520194025101,0500990-95.2019.4.02.5101,1727,Petição Criminal,"Crimes de &quot;Lavagem&quot; ou Ocultação de Bens, Direitos ou Valores",2019-07-22,2024-07-06T00:36:48.477000Z,4,G1,Eletrônico,https://eproc.jfrj.jus.br/eproc/externo_controlador.php?acao=processo_consulta_publica
05009926520194025101,0500992-65.2019.4.02.5101,326,Restituição de Coisas Apreendidas,"Crimes de &quot;Lavagem&quot; ou Ocultação de Bens, Direitos ou Valores",2019-07-22,2024-07-05T23:22:18.388000Z,5,G1,Eletrônico,https://eproc.jfrj.jus.br/eproc/externo_controlador.php?acao=processo_consulta_publica
05009935020194025101,0500993-50.2019.4.02.5101,1727,Petição Criminal,"Crimes de &quot;Lavagem&quot; ou Ocultação de Bens, Direitos ou Valores",2019-07-22,2024-07-06T00:37:04.912000Z,8,G1,Eletrônico,https://eproc.jfrj.jus.br/eproc/externo_controlador.php?acao=processo_consulta_publica
05015105520194025101,0501510-55.2019.4.02.5101,319,Exceção de Incompetência de Juízo,Contravenções Penais,2019-07-25,2024-07-06T00:37:41.088000Z,2,G1,Eletrônico,https://eproc.jfrj.jus.br/eproc/externo_controlador.php?acao=processo_consulta_publica
05015114020194025101,0501511-40.2019.4.02.5101,319,Exceção de Incompetência de Juízo,Contravenções Penais,2019-07-25,2024-07-05T23:23:01.593000Z,2,G1,Eletrônico,https://eproc.jfrj.jus.br/eproc/externo_controlador.php?acao=processo_consulta_publica
05015122520194025101,0501512-25.2019.4.02.5101,319,Exceção de Incompetência de Juízo,Contravenções Penais,2019-07-25,2024-07-06T00:38:53.461000Z,2,G1,Eletrônico,https://eproc.jfrj.jus.br/eproc/externo_controlador.php?acao=processo_consulta_publica
05015166220194025101,0501516-62.2019.4.02.5101,1727,Petição Criminal,"Crimes de &quot;Lavagem&quot; ou Ocultação de Bens, Direitos ou Valores",2019-07-25,2024-07-06T00:37:52.965000Z,4,G1,Eletrônico,https://eproc.jfrj.jus.br/eproc/externo_controlador.php?acao=processo_consulta_publica
05015200220194025101,0501520-02.2019.4.02.5101,1727,Petição Criminal,"Crimes de &quot;Lavagem&quot; ou Ocultação de Bens, Direitos ou Valores",2019-07-29,2024-07-05T23:23:04.147000Z,4,G1,Eletrônico,https://eproc.jfrj.jus.br/eproc/externo_controlador.php?acao=processo_consulta_publica
05015226920194025101,0501522-69.2019.4.02.5101,319,Exceção de Incompetência de Juízo,Contravenções Penais,2019-07-29,2024-07-06T00:37:42.976000Z,2,G1,Eletrônico,https://eproc.jfrj.jus.br/eproc/externo_controlador.php?acao=processo_consulta_publica
50509716520194025101,5050971-65.2019.4.02.5101,1733,Procedimento Investigatório Criminal (PIC-MP) ,Peculato,2019-07-30,2024-07-05T22:19:41.061000Z,3,G1,Eletrônico,https://eproc.jfrj.jus.br/eproc/externo_controlador.php?acao=processo_consulta_publica
05005066520194025106,0500506-65.2019.4.02.5106,283,Ação Penal - Procedimento Ordinário,Sonegação de contribuição previdenciária ,2019-07-30,2025-01-13T18:46:58.735000Z,35,G1,Eletrônico,https://eproc.jfrj.jus.br/eproc/externo_controlador.php?acao=processo_consulta_publica
50509811220194025101,5050981-12.2019.4.02.5101,283,Ação Penal - Procedimento Ordinário,Peculato,2019-07-30,2024-07-05T22:18:22.279000Z,17,G1,Eletrônico,https://eproc.jfrj.jus.br/eproc/externo_controlador.php?acao=processo_consulta_publica
00034553720194025101,0003455-37.2019.4.02.5101,279,Inquérito Policial,Injúria,2019-07-30,2024-07-05T21:08:14.000000Z,2,G1,Eletrônico,https://eproc.jfrj.jus.br/eproc/externo_controlador.php?acao=processo_consulta_publica
50051688820214025101,5005168-88.2021.4.02.5101,283,Ação Penal - Procedimento Ordinário,"Crimes de &quot;Lavagem&quot; ou Ocultação de Bens, Direitos ou Valores",2019-07-31,2024-07-05T21:05:26.165000Z,5,G1,Eletrônico,https://eproc.jfrj.jus.br/eproc/externo_controlador.php?acao=processo_consulta_publica
00034658120194025101,0003465-81.2019.4.02.5101,283,Ação Penal - Procedimento Ordinário,"Crimes de &quot;Lavagem&quot; ou Ocultação de Bens, Direitos ou Valores",2019-07-31,2025-03-13T20:22:00.629000Z,40,G1,Eletrônico,https://eproc.jfrj.jus.br/eproc/externo_controlador.php?acao=processo_consulta_publica
50513370720194025101,5051337-07.2019.4.02.5101,279,Inquérito Policial,Crimes de Tráfico Ilícito e Uso Indevido de Drogas,2019-07-31,2024-07-05T22:18:04.880000Z,3,G1,Eletrônico,https://eproc.jfrj.jus.br/eproc/externo_controlador.php?acao=processo_consulta_publica
05009164120194025101,0500916-41.2019.4.02.5101,309,Pedido de Busca e Apreensão Criminal,Contravenções Penais,2019-08-01,2024-11-13T21:34:45.129000Z,6,G1,Eletrônico,https://eproc.jfrj.jus.br/eproc/externo_controlador.php?acao=processo_consulta_publica
05009172620194025101,0500917-26.2019.4.02.5101,319,Exceção de Incompetência de Juízo,Contravenções Penais,2019-08-01,2024-07-06T00:37:17.926000Z,2,G1,Eletrônico,https://eproc.jfrj.jus.br/eproc/externo_controlador.php?acao=processo_consulta_publica
05009181120194025101,0500918-11.2019.4.02.5101,1727,Petição Criminal,"Crimes de &quot;Lavagem&quot; ou Ocultação de Bens, Direitos ou Valores",2019-08-01,2024-07-06T00:38:03.028000Z,2,G1,Eletrônico,https://eproc.jfrj.jus.br/eproc/externo_controlador.php?acao=processo_consulta_publica
00035601420194025101,0003560-14.2019.4.02.5101,327,Embargos de Terceiro Criminal,Contravenções Penais,2019-08-05,2024-07-05T21:39:03.444000Z,7,G1,Eletrônico,https://eproc.jfrj.jus.br/eproc/externo_controlador.php?acao=processo_consulta_publica
50524933020194025101,5052493-30.2019.4.02.5101,283,Ação Penal - Procedimento Ordinário,Estelionato Majorado ,2019-08-05,2024-07-05T22:20:16.364000Z,42,G1,Eletrônico,https://eproc.jfrj.jus.br/eproc/externo_controlador.php?acao=processo_consulta_publica
50528025120194025101,5052802-51.2019.4.02.5101,1733,Procedimento Investigatório Criminal (PIC-MP) ,Dano,2019-08-06,2024-07-05T22:18:48.021000Z,4,G1,Eletrônico,https://eproc.jfrj.jus.br/eproc/externo_controlador.php?acao=processo_consulta_publica
50530277120194025101,5053027-71.2019.4.02.5101,283,Ação Penal - Procedimento Ordinário,Peculato,2019-08-07,2024-07-05T23:24:48.874000Z,18,G1,Eletrônico,https://eproc.jfrj.jus.br/eproc/externo_controlador.php?acao=processo_consulta_publica
50530441020194025101,5053044-10.2019.4.02.5101,279,Inquérito Policial,Contrabando ou descaminho ,2019-08-07,2024-07-05T22:18:58.850000Z,13,G1,Eletrônico,https://eproc.jfrj.jus.br/eproc/externo_controlador.php?acao=processo_consulta_publica
05015313120194025101,0501531-31.2019.4.02.5101,1727,Petição Criminal,"Crimes de &quot;Lavagem&quot; ou Ocultação de Bens, Direitos ou Valores",2019-08-07,2024-07-06T00:37:44.171000Z,6,G1,Eletrônico,https://eproc.jfrj.jus.br/eproc/externo_controlador.php?acao=processo_consulta_publica
50533949520194025101,5053394-95.2019.4.02.5101,1727,Petição Criminal,Corrupção ativa ,2019-08-08,2024-07-05T22:18:47.848000Z,10,G1,Eletrônico,https://eproc.jfrj.jus.br/eproc/externo_controlador.php?acao=processo_consulta_publica
50536218520194025101,5053621-85.2019.4.02.5101,279,Inquérito Policial,Falsidade ideológica ,2019-08-08,2024-07-05T23:24:52.844000Z,2,G1,Eletrônico,https://eproc.jfrj.jus.br/eproc/externo_controlador.php?acao=processo_consulta_publica
05015356820194025101,0501535-68.2019.4.02.5101,319,Exceção de Incompetência de Juízo,Contravenções Penais,2019-08-08,2024-07-06T00:38:57.270000Z,2,G1,Eletrônico,https://eproc.jfrj.jus.br/eproc/externo_controlador.php?acao=processo_consulta_publica
05015365320194025101,0501536-53.2019.4.02.5101,326,Restituição de Coisas Apreendidas,"Crimes de &quot;Lavagem&quot; ou Ocultação de Bens, Direitos ou Valores",2019-08-08,2024-07-06T00:38:57.442000Z,12,G1,Eletrônico,https://eproc.jfrj.jus.br/eproc/externo_controlador.php?acao=processo_consulta_publica
05015382320194025101,0501538-23.2019.4.02.5101,319,Exceção de Incompetência de Juízo,Contravenções Penais,2019-08-08,2024-07-06T00:37:48.162000Z,2,G1,Eletrônico,https://eproc.jfrj.jus.br/eproc/externo_controlador.php?acao=processo_consulta_publica
05015390820194025101,0501539-08.2019.4.02.5101,319,Exceção de Incompetência de Juízo,"Crimes de &quot;Lavagem&quot; ou Ocultação de Bens, Direitos ou Valores",2019-08-09,2024-07-06T00:37:44.303000Z,2,G1,Eletrônico,https://eproc.jfrj.jus.br/eproc/externo_controlador.php?acao=processo_consulta_publica
05015409020194025101,0501540-90.2019.4.02.5101,319,Exceção de Incompetência de Juízo,Contravenções Penais,2019-08-09,2024-07-06T00:37:01.019000Z,4,G1,Eletrônico,https://eproc.jfrj.jus.br/eproc/externo_controlador.php?acao=processo_consulta_publica
05015417520194025101,0501541-75.2019.4.02.5101,1727,Petição Criminal,"Crimes de &quot;Lavagem&quot; ou Ocultação de Bens, Direitos ou Valores",2019-08-09,2025-01-13T18:50:22.613000Z,5,G1,Eletrônico,https://eproc.jfrj.jus.br/eproc/externo_controlador.php?acao=processo_consulta_publica
50539994120194025101,5053999-41.2019.4.02.5101,283,Ação Penal - Procedimento Ordinário,Homicídio Qualificado; Receptação,2019-08-09,2024-07-05T22:49:16.705000Z,42,G1,Eletrônico,https://eproc.jfrj.jus.br/eproc/externo_controlador.php?acao=processo_consulta_publica
50009202020194025111,5000920-20.2019.4.02.5111,279,Inquérito Policial,Tráfico de Drogas e Condutas Afins,2019-08-13,2026-08-20T23:13:40.234000Z,10,G1,Eletrônico,https://eproc.jfrj.jus.br/eproc/externo_controlador.php?acao=processo_consulta_publica
00036874920194025101,0003687-49.2019.4.02.5101,283,Ação Penal - Procedimento Ordinário,Contravenções Penais,2019-08-13,2024-07-05T21:37:59.711000Z,2,G1,Eletrônico,https://eproc.jfrj.jus.br/eproc/externo_controlador.php?acao=processo_consulta_publica
50548290720194025101,5054829-07.2019.4.02.5101,283,Ação Penal - Procedimento Ordinário,Contrabando ou descaminho ,2019-08-13,2024-07-05T22:20:09.318000Z,16,G1,Eletrônico,https://eproc.jfrj.jus.br/eproc/externo_controlador.php?acao=processo_consulta_publica
50557437120194025101,5055743-71.2019.4.02.5101,283,Ação Penal - Procedimento Ordinário,Contrabando ou descaminho ,2019-08-16,2024-07-05T22:18:51.338000Z,18,G1,Eletrônico,https://eproc.jfrj.jus.br/eproc/externo_controlador.php?acao=processo_consulta_publica
50561160520194025101,5056116-05.2019.4.02.5101,279,Inquérito Policial,Contrabando ou descaminho ,2019-08-19,2024-07-05T22:49:57.720000Z,3,G1,Eletrônico,https://eproc.jfrj.jus.br/eproc/externo_controlador.php?acao=processo_consulta_publica
05015616620194025101,0501561-66.2019.4.02.5101,426,Recurso em Sentido Estrito,"Crimes de &quot;Lavagem&quot; ou Ocultação de Bens, Direitos ou Valores",2019-08-22,2024-07-06T00:37:22.961000Z,4,G1,Eletrônico,https://eproc.jfrj.jus.br/eproc/externo_controlador.php?acao=processo_consulta_publica
50573476720194025101,5057347-67.2019.4.02.5101,283,Ação Penal - Procedimento Ordinário,Roubo ,2019-08-22,2024-07-05T22:43:24.483000Z,10,G1,Eletrônico,https://eproc.jfrj.jus.br/eproc/externo_controlador.php?acao=processo_consulta_publica
50573571420194025101,5057357-14.2019.4.02.5101,279,Inquérito Policial,Tráfico de Drogas e Condutas Afins,2019-08-22,2024-07-05T22:19:08.783000Z,11,G1,Eletrônico,https://eproc.jfrj.jus.br/eproc/externo_controlador.php?acao=processo_consulta_publica
50576984020194025101,5057698-40.2019.4.02.5101,279,Inquérito Policial,Receptação,2019-08-23,2024-07-05T22:18:56.720000Z,8,G1,Eletrônico,https://eproc.jfrj.jus.br/eproc/externo_controlador.php?acao=processo_consulta_publica
50578412920194025101,5057841-29.2019.4.02.5101,279,Inquérito Policial,Contrabando ou descaminho ,2019-08-26,2024-07-05T22:19:05.767000Z,8,G1,Eletrônico,https://eproc.jfrj.jus.br/eproc/externo_controlador.php?acao=processo_consulta_publica
05015633620194025101,0501563-36.2019.4.02.5101,326,Restituição de Coisas Apreendidas,"Crimes de &quot;Lavagem&quot; ou Ocultação de Bens, Direitos ou Valores",2019-08-26,2024-07-05T23:23:03.121000Z,2,G1,Eletrônico,https://eproc.jfrj.jus.br/eproc/externo_controlador.php?acao=processo_consulta_publica
00039455920194025101,0003945-59.2019.4.02.5101,1727,Petição Criminal,"Crimes de &quot;Lavagem&quot; ou Ocultação de Bens, Direitos ou Valores",2019-08-27,2026-09-15T22:57:38.903000Z,94,G1,Eletrônico,https://eproc.jfrj.jus.br/eproc/externo_controlador.php?acao=processo_consulta_publica
05015650620194025101,0501565-06.2019.4.02.5101,327,Embargos de Terceiro Criminal,"Crimes de &quot;Lavagem&quot; ou Ocultação de Bens, Direitos ou Valores",2019-08-27,2024-07-06T00:37:03.241000Z,4,G1,Eletrônico,https://eproc.jfrj.jus.br/eproc/externo_controlador.php?acao=processo_consulta_publica
05015668820194025101,0501566-88.2019.4.02.5101,1727,Petição Criminal,"Crimes de &quot;Lavagem&quot; ou Ocultação de Bens, Direitos ou Valores",2019-08-27,2024-07-06T00:37:22.482000Z,6,G1,Eletrônico,https://eproc.jfrj.jus.br/eproc/externo_controlador.php?acao=processo_consulta_publica
50589195820194025101,5058919-58.2019.4.02.5101,307,Habeas Corpus Criminal,Fato Atípico,2019-08-29,2024-07-05T22:18:47.852000Z,6,G1,Eletrônico,https://eproc.jfrj.jus.br/eproc/externo_controlador.php?acao=processo_consulta_publica
50589239520194025101,5058923-95.2019.4.02.5101,283,Ação Penal - Procedimento Ordinário,Furto ,2019-08-29,2024-07-05T22:49:40.900000Z,36,G1,Eletrônico,https://eproc.jfrj.jus.br/eproc/externo_controlador.php?acao=processo_consulta_publica
50019007920194025106,5001900-79.2019.4.02.5106,283,Ação Penal - Procedimento Ordinário,Uso de documento falso ,2019-08-29,2024-11-13T21:33:02.451000Z,18,G1,Eletrônico,https://eproc.jfrj.jus.br/eproc/externo_controlador.php?acao=processo_consulta_publica
50036440620194025108,5003644-06.2019.4.02.5108,279,Inquérito Policial,Crimes contra a Ordem Tributária,2019-08-29,2024-07-05T20:32:01.482000Z,11,G1,Eletrônico,https://eproc.jfrj.jus.br/eproc/externo_controlador.php?acao=processo_consulta_publica
50592166520194025101,5059216-65.2019.4.02.5101,1733,Procedimento Investigatório Criminal (PIC-MP) ,Desobediência ,2019-08-29,2024-07-05T22:19:14.255000Z,3,G1,Eletrônico,https://eproc.jfrj.jus.br/eproc/externo_controlador.php?acao=processo_consulta_publica
50596981320194025101,5059698-13.2019.4.02.5101,1733,Procedimento Investigatório Criminal (PIC-MP) ,Crimes de Tráfico Ilícito e Uso Indevido de Drogas,2019-08-30,2024-07-05T22:19:15.670000Z,3,G1,Eletrônico,https://eproc.jfrj.jus.br/eproc/externo_controlador.php?acao=processo_consulta_publica
05015711320194025101,0501571-13.2019.4.02.5101,320,Exceção de Litispendência,Contravenções Penais,2019-09-02,2024-07-06T00:37:47.860000Z,2,G1,Eletrônico,https://eproc.jfrj.jus.br/eproc/externo_controlador.php?acao=processo_consulta_publica
05015478220194025101,0501547-82.2019.4.02.5101,326,Restituição de Coisas Apreendidas,"Crimes de &quot;Lavagem&quot; ou Ocultação de Bens, Direitos ou Valores",2019-09-02,2024-09-26T21:02:22.646000Z,10,G1,Eletrônico,https://eproc.jfrj.jus.br/eproc/externo_controlador.php?acao=processo_consulta_publica
50602377620194025101,5060237-76.2019.4.02.5101,1733,Procedimento Investigatório Criminal (PIC-MP) ,Furto ,2019-09-03,2024-07-05T22:50:27.620000Z,3,G1,Eletrônico,https://eproc.jfrj.jus.br/eproc/externo_controlador.php?acao=processo_consulta_publica
50605260920194025101,5060526-09.2019.4.02.5101,307,Habeas Corpus Criminal,Crimes contra o Sistema Financeiro Nacional,2019-09-03,2024-07-05T22:19:56.688000Z,2,G1,Eletrônico,https://eproc.jfrj.jus.br/eproc/externo_controlador.php?acao=processo_consulta_publica
50607452220194025101,5060745-22.2019.4.02.5101,1733,Procedimento Investigatório Criminal (PIC-MP) ,Tráfico Internacional de Pessoas,2019-09-04,2024-07-05T22:18:44.073000Z,3,G1,Eletrônico,https://eproc.jfrj.jus.br/eproc/externo_controlador.php?acao=processo_consulta_publica
50608101720194025101,5060810-17.2019.4.02.5101,313,Pedido de Prisão Preventiva,"Corrupção ativa ; Corrupção passiva ; Crimes de &quot;Lavagem&quot; ou Ocultação de Bens, Direitos ou Valores; Prisão Preventiva; Prisão Temporária",2019-09-04,2024-09-26T20:52:28.828000Z,109,G1,Eletrônico,https://eproc.jfrj.jus.br/eproc/externo_controlador.php?acao=processo_consulta_publica
50610215320194025101,5061021-53.2019.4.02.5101,309,Pedido de Busca e Apreensão Criminal,"""Lavagem"" ou Ocultação de Bens, Direitos ou Valores Oriundos de Corrupção; Busca e Apreensão de Bens; Corrupção ativa ; Corrupção passiva ",2019-09-05,2026-09-15T22:54:39.658000Z,94,G1,Eletrônico,https://eproc.jfrj.jus.br/eproc/externo_controlador.php?acao=processo_consulta_publica
05015746520194025101,0501574-65.2019.4.02.5101,1727,Petição Criminal,"Crimes de &quot;Lavagem&quot; ou Ocultação de Bens, Direitos ou Valores",2019-09-05,2024-07-06T00:37:16.022000Z,11,G1,Eletrônico,https://eproc.jfrj.jus.br/eproc/externo_controlador.php?acao=processo_consulta_publica
05015755020194025101,0501575-50.2019.4.02.5101,319,Exceção de Incompetência de Juízo,"Crimes de &quot;Lavagem&quot; ou Ocultação de Bens, Direitos ou Valores",2019-09-05,2024-07-06T00:37:05.352000Z,2,G1,Eletrônico,https://eproc.jfrj.jus.br/eproc/externo_controlador.php?acao=processo_consulta_publica
05015763520194025101,0501576-35.2019.4.02.5101,327,Embargos de Terceiro Criminal,"Crimes de &quot;Lavagem&quot; ou Ocultação de Bens, Direitos ou Valores",2019-09-05,2024-07-06T00:37:16.380000Z,8,G1,Eletrônico,https://eproc.jfrj.jus.br/eproc/externo_controlador.php?acao=processo_consulta_publica
05015772020194025101,0501577-20.2019.4.02.5101,326,Restituição de Coisas Apreendidas,"Crimes de &quot;Lavagem&quot; ou Ocultação de Bens, Direitos ou Valores",2019-09-05,2024-07-06T00:36:29.160000Z,25,G1,Eletrônico,https://eproc.jfrj.jus.br/eproc/externo_controlador.php?acao=processo_consulta_publica
05015780520194025101,0501578-05.2019.4.02.5101,327,Embargos de Terceiro Criminal,"Crimes de &quot;Lavagem&quot; ou Ocultação de Bens, Direitos ou Valores",2019-09-05,2024-07-06T00:37:02.467000Z,5,G1,Eletrônico,https://eproc.jfrj.jus.br/eproc/externo_controlador.php?acao=processo_consulta_publica
05015798720194025101,0501579-87.2019.4.02.5101,327,Embargos de Terceiro Criminal,Contravenções Penais,2019-09-05,2024-07-06T00:37:17.270000Z,3,G1,Eletrônico,https://eproc.jfrj.jus.br/eproc/externo_controlador.php?acao=processo_consulta_publica
05015824220194025101,0501582-42.2019.4.02.5101,319,Exceção de Incompetência de Juízo,Corrupção passiva ; Peculato,2019-09-10,2024-07-06T00:39:12.170000Z,2,G1,Eletrônico,https://eproc.jfrj.jus.br/eproc/externo_controlador.php?acao=processo_consulta_publica
50621404920194025101,5062140-49.2019.4.02.5101,329,Seqüestro,Corrupção passiva ; Indisponibilidade / Seqüestro de Bens,2019-09-10,2026-09-15T22:56:29.581000Z,198,G1,Eletrônico,https://eproc.jfrj.jus.br/eproc/externo_controlador.php?acao=processo_consulta_publica
50623206520194025101,5062320-65.2019.4.02.5101,1733,Procedimento Investigatório Criminal (PIC-MP) ,Peculato,2019-09-11,2024-07-05T22:50:06.347000Z,3,G1,Eletrônico,https://eproc.jfrj.jus.br/eproc/externo_controlador.php?acao=processo_consulta_publica
00040650520194025101,0004065-05.2019.4.02.5101,327,Embargos de Terceiro Criminal,"Crimes de &quot;Lavagem&quot; ou Ocultação de Bens, Direitos ou Valores",2019-09-11,2024-07-05T21:40:05.969000Z,3,G1,Eletrônico,https://eproc.jfrj.jus.br/eproc/externo_controlador.php?acao=processo_consulta_publica
50039212220194025108,5003921-22.2019.4.02.5108,283,Ação Penal - Procedimento Ordinário,Estelionato,2019-09-11,2025-03-13T20:32:58.757000Z,26,G1,Eletrônico,https://eproc.jfrj.jus.br/eproc/externo_controlador.php?acao=processo_consulta_publica
05015867920194025101,0501586-79.2019.4.02.5101,1727,Petição Criminal,Contravenções Penais,2019-09-11,2024-07-06T00:37:50.698000Z,2,G1,Eletrônico,https://eproc.jfrj.jus.br/eproc/externo_controlador.php?acao=processo_consulta_publica
50627666820194025101,5062766-68.2019.4.02.5101,279,Inquérito Policial,"Colaboração com Grupo, Organização ou Associação Destinados à Produção ou Tráfico de Drogas ; Crimes de Tráfico Ilícito e Uso Indevido de Drogas",2019-09-12,2024-09-26T20:50:21.873000Z,25,G1,Eletrônico,https://eproc.jfrj.jus.br/eproc/externo_controlador.php?acao=processo_consulta_publica
50629251120194025101,5062925-11.2019.4.02.5101,1733,Procedimento Investigatório Criminal (PIC-MP) ,Fato Atípico,2019-09-13,2024-07-05T23:25:04.534000Z,3,G1,Eletrônico,https://eproc.jfrj.jus.br/eproc/externo_controlador.php?acao=processo_consulta_publica
00042279720194025101,0004227-97.2019.4.02.5101,283,Ação Penal - Procedimento Ordinário,Contravenções Penais,2019-09-13,2024-07-05T22:18:08.322000Z,2,G1,Eletrônico,https://eproc.jfrj.jus.br/eproc/externo_controlador.php?acao=processo_consulta_publica
00042426620194025101,0004242-66.2019.4.02.5101,1727,Petição Criminal,Contravenções Penais,2019-09-16,2024-07-05T22:18:08.039000Z,2,G1,Eletrônico,https://eproc.jfrj.jus.br/eproc/externo_controlador.php?acao=processo_consulta_publica
00041750420194025101,0004175-04.2019.4.02.5101,327,Embargos de Terceiro Criminal,Contravenções Penais,2019-09-17,2024-07-05T22:17:36.734000Z,2,G1,Eletrônico,https://eproc.jfrj.jus.br/eproc/externo_controlador.php?acao=processo_consulta_publica
50639817920194025101,5063981-79.2019.4.02.5101,310,Pedido de Quebra de Sigilo de Dados e/ou Telefônico,"Crimes de &quot;Lavagem&quot; ou Ocultação de Bens, Direitos ou Valores",2019-09-17,2024-07-05T22:49:32.256000Z,22,G1,Eletrônico,https://eproc.jfrj.jus.br/eproc/externo_controlador.php?acao=processo_consulta_publica
00043084620194025101,0004308-46.2019.4.02.5101,283,Ação Penal - Procedimento Ordinário,Contravenções Penais,2019-09-19,2024-07-05T21:39:51.475000Z,2,G1,Eletrônico,https://eproc.jfrj.jus.br/eproc/externo_controlador.php?acao=processo_consulta_publica
00043076120194025101,0004307-61.2019.4.02.5101,283,Ação Penal - Procedimento Ordinário,Contravenções Penais,2019-09-19,2024-07-05T21:39:52.582000Z,2,G1,Eletrônico,https://eproc.jfrj.jus.br/eproc/externo_controlador.php?acao=processo_consulta_publica
00043093120194025101,0004309-31.2019.4.02.5101,283,Ação Penal - Procedimento Ordinário,Contravenções Penais,2019-09-19,2024-07-05T22:16:58.683000Z,2,G1,Eletrônico,https://eproc.jfrj.jus.br/eproc/externo_controlador.php?acao=processo_consulta_publica
50649023820194025101,5064902-38.2019.4.02.5101,283,Ação Penal - Procedimento Ordinário,Crimes contra a Ordem Tributária,2019-09-20,2024-07-05T22:19:39.351000Z,25,G1,Eletrônico,https://eproc.jfrj.jus.br/eproc/externo_controlador.php?acao=processo_consulta_publica
05016014820194025101,0501601-48.2019.4.02.5101,326,Restituição de Coisas Apreendidas,Contravenções Penais,2019-09-23,2024-07-06T00:37:54.692000Z,2,G1,Eletrônico,https://eproc.jfrj.jus.br/eproc/externo_controlador.php?acao=processo_consulta_publica
50657823020194025101,5065782-30.2019.4.02.5101,283,Ação Penal - Procedimento Ordinário,Peculato,2019-09-24,2026-09-15T22:54:19.110000Z,22,G1,Eletrônico,https://eproc.jfrj.jus.br/eproc/externo_controlador.php?acao=processo_consulta_publica
05015884920194025101,0501588-49.2019.4.02.5101,326,Restituição de Coisas Apreendidas,"Crimes de &quot;Lavagem&quot; ou Ocultação de Bens, Direitos ou Valores",2019-09-24,2024-07-06T00:37:26.162000Z,6,G1,Eletrônico,https://eproc.jfrj.jus.br/eproc/externo_controlador.php?acao=processo_consulta_publica
05016031820194025101,0501603-18.2019.4.02.5101,326,Restituição de Coisas Apreendidas,"Crimes de &quot;Lavagem&quot; ou Ocultação de Bens, Direitos ou Valores",2019-09-24,2024-07-06T00:37:28.689000Z,14,G1,Eletrônico,https://eproc.jfrj.jus.br/eproc/externo_controlador.php?acao=processo_consulta_publica
05016040320194025101,0501604-03.2019.4.02.5101,326,Restituição de Coisas Apreendidas,"Crimes de &quot;Lavagem&quot; ou Ocultação de Bens, Direitos ou Valores",2019-09-24,2024-07-06T00:37:44.263000Z,38,G1,Eletrônico,https://eproc.jfrj.jus.br/eproc/externo_controlador.php?acao=processo_consulta_publica
05015893420194025101,0501589-34.2019.4.02.5101,326,Restituição de Coisas Apreendidas,"Crimes de &quot;Lavagem&quot; ou Ocultação de Bens, Direitos ou Valores",2019-09-26,2025-07-15T19:14:28.189000Z,5,G1,Eletrônico,https://eproc.jfrj.jus.br/eproc/externo_controlador.php?acao=processo_consulta_publica
50667419820194025101,5066741-98.2019.4.02.5101,279,Inquérito Policial,Crimes contra o Sistema Financeiro Nacional,2019-09-27,2024-07-05T22:20:04.262000Z,6,G1,Eletrônico,https://eproc.jfrj.jus.br/eproc/externo_controlador.php?acao=processo_consulta_publica
05015954120194025101,0501595-41.2019.4.02.5101,283,Ação Penal - Procedimento Ordinário,"Crimes contra o Sistema Financeiro Nacional; Crimes de &quot;Lavagem&quot; ou Ocultação de Bens, Direitos ou Valores",2019-10-03,2024-07-06T00:39:13.984000Z,23,G1,Eletrônico,https://eproc.jfrj.jus.br/eproc/externo_controlador.php?acao=processo_consulta_publica
05015971120194025101,0501597-11.2019.4.02.5101,326,Restituição de Coisas Apreendidas,"Crimes de &quot;Lavagem&quot; ou Ocultação de Bens, Direitos ou Valores",2019-10-03,2024-07-05T23:22:56.121000Z,5,G1,Eletrônico,https://eproc.jfrj.jus.br/eproc/externo_controlador.php?acao=processo_consulta_publica
05015989320194025101,0501598-93.2019.4.02.5101,1717,Alienação de Bens do Acusado,"Crimes de &quot;Lavagem&quot; ou Ocultação de Bens, Direitos ou Valores",2019-10-04,2024-07-06T00:37:43.212000Z,4,G1,Eletrônico,https://eproc.jfrj.jus.br/eproc/externo_controlador.php?acao=processo_consulta_publica
50695254820194025101,5069525-48.2019.4.02.5101,327,Embargos de Terceiro Criminal,Corrupção ativa ,2019-10-08,2024-07-05T22:50:21.778000Z,6,G1,Eletrônico,https://eproc.jfrj.jus.br/eproc/externo_controlador.php?acao=processo_consulta_publica
05015997820194025101,0501599-78.2019.4.02.5101,327,Embargos de Terceiro Criminal,Contravenções Penais,2019-10-08,2024-07-06T00:36:36.129000Z,3,G1,Eletrônico,https://eproc.jfrj.jus.br/eproc/externo_controlador.php?acao=processo_consulta_publica
50696805120194025101,5069680-51.2019.4.02.5101,307,Habeas Corpus Criminal,Falsidade ideológica ,2019-10-08,2024-07-05T22:49:55.994000Z,8,G1,Eletrônico,https://eproc.jfrj.jus.br/eproc/externo_controlador.php?acao=processo_consulta_publica
50703006320194025101,5070300-63.2019.4.02.5101,1727,Petição Criminal,"Crimes de &quot;Lavagem&quot; ou Ocultação de Bens, Direitos ou Valores",2019-10-10,2024-07-05T22:51:38.963000Z,8,G1,Eletrônico,https://eproc.jfrj.jus.br/eproc/externo_controlador.php?acao=processo_consulta_publica
50704114720194025101,5070411-47.2019.4.02.5101,37,Embargos de Terceiro Cível,"Crimes de &quot;Lavagem&quot; ou Ocultação de Bens, Direitos ou Valores",2019-10-10,2024-07-05T22:19:50.408000Z,12,G1,Eletrônico,https://eproc.jfrj.jus.br/eproc/externo_controlador.php?acao=processo_consulta_publica
50704140220194025101,5070414-02.2019.4.02.5101,241,Petição Cível,"Crimes de &quot;Lavagem&quot; ou Ocultação de Bens, Direitos ou Valores",2019-10-10,2024-07-05T22:49:31.663000Z,6,G1,Eletrônico,https://eproc.jfrj.jus.br/eproc/externo_controlador.php?acao=processo_consulta_publica
50710757820194025101,5071075-78.2019.4.02.5101,309,Pedido de Busca e Apreensão Criminal,Busca e Apreensão de Bens; Corrupção passiva ,2019-10-14,2024-07-05T22:51:58.532000Z,5,G1,Eletrônico,https://eproc.jfrj.jus.br/eproc/externo_controlador.php?acao=processo_consulta_publica
50713953120194025101,5071395-31.2019.4.02.5101,283,Ação Penal - Procedimento Ordinário,Crimes de Tráfico Ilícito e Uso Indevido de Drogas,2019-10-15,2024-07-05T22:20:05.986000Z,39,G1,Eletrônico,https://eproc.jfrj.jus.br/eproc/externo_controlador.php?acao=processo_consulta_publica
50715088220194025101,5071508-82.2019.4.02.5101,283,Ação Penal - Procedimento Ordinário,"""Lavagem"" ou Ocultação de Bens, Direitos ou Valores Oriundos de Corrupção; Corrupção passiva ",2019-10-16,2024-07-05T22:50:35.360000Z,63,G1,Eletrônico,https://eproc.jfrj.jus.br/eproc/externo_controlador.php?acao=processo_consulta_publica
50724623120194025101,5072462-31.2019.4.02.5101,241,Petição Cível,"Crimes de &quot;Lavagem&quot; ou Ocultação de Bens, Direitos ou Valores",2019-10-17,2024-07-05T22:49:31.032000Z,6,G1,Eletrônico,https://eproc.jfrj.jus.br/eproc/externo_controlador.php?acao=processo_consulta_publica
50724753020194025101,5072475-30.2019.4.02.5101,1727,Petição Criminal,"Crimes de &quot;Lavagem&quot; ou Ocultação de Bens, Direitos ou Valores; Indisponibilidade / Seqüestro de Bens",2019-10-17,2024-07-05T22:50:51.391000Z,6,G1,Eletrônico,https://eproc.jfrj.jus.br/eproc/externo_controlador.php?acao=processo_consulta_publica
50724848920194025101,5072484-89.2019.4.02.5101,1727,Petição Criminal,"Crimes de &quot;Lavagem&quot; ou Ocultação de Bens, Direitos ou Valores; Indisponibilidade / Seqüestro de Bens",2019-10-17,2024-07-05T22:50:57.497000Z,6,G1,Eletrônico,https://eproc.jfrj.jus.br/eproc/externo_controlador.php?acao=processo_consulta_publica
05016075520194025101,0501607-55.2019.4.02.5101,241,Petição Cível,"Crimes de &quot;Lavagem&quot; ou Ocultação de Bens, Direitos ou Valores",2019-10-17,2024-07-06T00:37:12.116000Z,5,G1,Eletrônico,https://eproc.jfrj.jus.br/eproc/externo_controlador.php?acao=processo_consulta_publica
50731829520194025101,5073182-95.2019.4.02.5101,283,Ação Penal - Procedimento Ordinário,Crimes de Tráfico Ilícito e Uso Indevido de Drogas; Tráfico de Drogas e Condutas Afins,2019-10-21,2024-07-05T22:49:56.728000Z,22,G1,Eletrônico,https://eproc.jfrj.jus.br/eproc/externo_controlador.php?acao=processo_consulta_publica
50734712820194025101,5073471-28.2019.4.02.5101,283,Ação Penal - Procedimento Ordinário,Tráfico de Drogas e Condutas Afins,2019-10-21,2024-07-05T22:49:35.915000Z,17,G1,Eletrônico,https://eproc.jfrj.jus.br/eproc/externo_controlador.php?acao=processo_consulta_publica
50742611220194025101,5074261-12.2019.4.02.5101,241,Petição Cível,Corrupção ativa ,2019-10-23,2024-07-05T23:24:33.001000Z,3,G1,Eletrônico,https://eproc.jfrj.jus.br/eproc/externo_controlador.php?acao=processo_consulta_publica
50745279620194025101,5074527-96.2019.4.02.5101,283,Ação Penal - Procedimento Ordinário,Crimes contra a Ordem Tributária,2019-10-24,2024-07-05T22:20:02.496000Z,4,G1,Eletrônico,https://eproc.jfrj.jus.br/eproc/externo_controlador.php?acao=processo_consulta_publica
50751012220194025101,5075101-22.2019.4.02.5101,1733,Procedimento Investigatório Criminal (PIC-MP) ,Estelionato Majorado ,2019-10-25,2024-07-05T22:50:49.560000Z,3,G1,Eletrônico,https://eproc.jfrj.jus.br/eproc/externo_controlador.php?acao=processo_consulta_publica
50751722420194025101,5075172-24.2019.4.02.5101,307,Habeas Corpus Criminal,Desobediência ; Trancamento,2019-10-25,2024-06-17T22:30:39.974000Z,3,JE,Eletrônico,https://eproc.jfrj.jus.br/eproc/externo_controlador.php?acao=processo_consulta_publica
00047804720194025101,0004780-47.2019.4.02.5101,327,Embargos de Terceiro Criminal,"Crimes de &quot;Lavagem&quot; ou Ocultação de Bens, Direitos ou Valores",2019-10-29,2024-07-05T21:40:03.751000Z,8,G1,Eletrônico,https://eproc.jfrj.jus.br/eproc/externo_controlador.php?acao=processo_consulta_publica
05016213920194025101,0501621-39.2019.4.02.5101,319,Exceção de Incompetência de Juízo,Contravenções Penais,2019-10-29,2024-07-06T00:37:48.595000Z,2,G1,Eletrônico,https://eproc.jfrj.jus.br/eproc/externo_controlador.php?acao=processo_consulta_publica
50761206320194025101,5076120-63.2019.4.02.5101,279,Inquérito Policial,Falsificação de documento público,2019-10-29,2024-07-05T22:49:38.588000Z,3,G1,Eletrônico,https://eproc.jfrj.jus.br/eproc/externo_controlador.php?acao=processo_consulta_publica
50762132620194025101,5076213-26.2019.4.02.5101,279,Inquérito Policial,Desobediência ,2019-10-29,2024-07-05T22:50:05.711000Z,4,G1,Eletrônico,https://eproc.jfrj.jus.br/eproc/externo_controlador.php?acao=processo_consulta_publica
05016222420194025101,0501622-24.2019.4.02.5101,318,Exceção de Suspeição,Contravenções Penais,2019-10-30,2024-07-06T00:37:02.291000Z,2,G1,Eletrônico,https://eproc.jfrj.jus.br/eproc/externo_controlador.php?acao=processo_consulta_publica
50769511420194025101,5076951-14.2019.4.02.5101,279,Inquérito Policial,"""Lavagem"" ou Ocultação de Bens, Direitos ou Valores Oriundos de Corrupção; Crimes de Responsabilidade",2019-10-30,2024-07-05T22:51:39.152000Z,21,G1,Eletrônico,https://eproc.jfrj.jus.br/eproc/externo_controlador.php?acao=processo_consulta_publica
50769884120194025101,5076988-41.2019.4.02.5101,283,Ação Penal - Procedimento Ordinário,Receptação; Uso de documento falso ,2019-10-30,2024-07-05T22:50:39.314000Z,38,G1,Eletrônico,https://eproc.jfrj.jus.br/eproc/externo_controlador.php?acao=processo_consulta_publica
50780120720194025101,5078012-07.2019.4.02.5101,313,Pedido de Prisão Preventiva,"Crimes de &quot;Lavagem&quot; ou Ocultação de Bens, Direitos ou Valores",2019-11-01,2026-09-15T22:54:18.436000Z,130,G1,Eletrônico,https://eproc.jfrj.jus.br/eproc/externo_controlador.php?acao=processo_consulta_publica
00048835420194025101,0004883-54.2019.4.02.5101,329,Seqüestro,Contravenções Penais,2019-11-01,2024-07-05T21:43:30.537000Z,2,G1,Eletrônico,https://eproc.jfrj.jus.br/eproc/externo_controlador.php?acao=processo_consulta_publica
05016119220194025101,0501611-92.2019.4.02.5101,327,Embargos de Terceiro Criminal,"Crimes de &quot;Lavagem&quot; ou Ocultação de Bens, Direitos ou Valores",2019-11-05,2024-07-06T00:38:12.047000Z,5,G1,Eletrônico,https://eproc.jfrj.jus.br/eproc/externo_controlador.php?acao=processo_consulta_publica
50309745720234025101,5030974-57.2023.4.02.5101,283,Ação Penal - Procedimento Ordinário,"Corrupção passiva ; Crimes contra a Ordem Tributária; Crimes de &quot;Lavagem&quot; ou Ocultação de Bens, Direitos ou Valores",2019-11-05,2025-04-14T14:31:32.303000Z,18,G1,Eletrônico,https://eproc.jfrj.jus.br/eproc/externo_controlador.php?acao=processo_consulta_publica
51052579020194025101,5105257-90.2019.4.02.5101,283,Ação Penal - Procedimento Ordinário,"Corrupção passiva ; Crimes contra a Ordem Tributária; Crimes de &quot;Lavagem&quot; ou Ocultação de Bens, Direitos ou Valores",2019-11-05,2025-08-16T02:44:31.337000Z,35,G1,Eletrônico,https://eproc.jfrj.jus.br/eproc/externo_controlador.php?acao=processo_consulta_publica
50790972820194025101,5079097-28.2019.4.02.5101,283,Ação Penal - Procedimento Ordinário,"Corrupção passiva ; Crimes contra a Ordem Tributária; Crimes de &quot;Lavagem&quot; ou Ocultação de Bens, Direitos ou Valores; Crimes ocorridos na investigação da prova",2019-11-05,2026-09-15T22:54:41.781000Z,76,G1,Eletrônico,https://eproc.jfrj.jus.br/eproc/externo_controlador.php?acao=processo_consulta_publica
05016127720194025101,0501612-77.2019.4.02.5101,327,Embargos de Terceiro Criminal,"Crimes de &quot;Lavagem&quot; ou Ocultação de Bens, Direitos ou Valores",2019-11-06,2024-07-06T00:37:50.299000Z,10,G1,Eletrônico,https://eproc.jfrj.jus.br/eproc/externo_controlador.php?acao=processo_consulta_publica
50792428420194025101,5079242-84.2019.4.02.5101,1733,Procedimento Investigatório Criminal (PIC-MP) ,Desobediência ,2019-11-06,2024-07-05T22:51:37.207000Z,3,G1,Eletrônico,https://eproc.jfrj.jus.br/eproc/externo_controlador.php?acao=processo_consulta_publica
05016136220194025101,0501613-62.2019.4.02.5101,326,Restituição de Coisas Apreendidas,"Crimes de &quot;Lavagem&quot; ou Ocultação de Bens, Direitos ou Valores",2019-11-06,2024-07-06T00:37:08.458000Z,3,G1,Eletrônico,https://eproc.jfrj.jus.br/eproc/externo_controlador.php?acao=processo_consulta_publica
50831591420194025101,5083159-14.2019.4.02.5101,1733,Procedimento Investigatório Criminal (PIC-MP) ,Crimes contra o Sistema Financeiro Nacional,2019-11-12,2024-07-05T22:49:09.713000Z,3,G1,Eletrônico,https://eproc.jfrj.jus.br/eproc/externo_controlador.php?acao=processo_consulta_publica
50849683920194025101,5084968-39.2019.4.02.5101,279,Inquérito Policial,"Crimes de &quot;Lavagem&quot; ou Ocultação de Bens, Direitos ou Valores",2019-11-13,2024-07-05T22:51:06.085000Z,3,G1,Eletrônico,https://eproc.jfrj.jus.br/eproc/externo_controlador.php?acao=processo_consulta_publica
50896486720194025101,5089648-67.2019.4.02.5101,1733,Procedimento Investigatório Criminal (PIC-MP) ,Estelionato Majorado ,2019-11-14,2024-07-05T22:52:06.302000Z,3,G1,Eletrônico,https://eproc.jfrj.jus.br/eproc/externo_controlador.php?acao=processo_consulta_publica
50898841920194025101,5089884-19.2019.4.02.5101,1733,Procedimento Investigatório Criminal (PIC-MP) ,Fato Atípico,2019-11-14,2024-07-05T22:50:08.899000Z,3,G1,Eletrônico,https://eproc.jfrj.jus.br/eproc/externo_controlador.php?acao=processo_consulta_publica
50909780220194025101,5090978-02.2019.4.02.5101,329,Seqüestro,"Crimes de &quot;Lavagem&quot; ou Ocultação de Bens, Direitos ou Valores",2019-11-18,2026-08-20T23:30:02.998000Z,56,G1,Eletrônico,https://eproc.jfrj.jus.br/eproc/externo_controlador.php?acao=processo_consulta_publica
00053953720194025101,0005395-37.2019.4.02.5101,313,Pedido de Prisão Preventiva,"Crimes de &quot;Lavagem&quot; ou Ocultação de Bens, Direitos ou Valores",2019-11-18,2026-06-13T14:13:07.414000Z,9,G1,Eletrônico,https://eproc.jfrj.jus.br/eproc/externo_controlador.php?acao=processo_consulta_publica
00054092120194025101,0005409-21.2019.4.02.5101,329,Seqüestro,"Crimes de &quot;Lavagem&quot; ou Ocultação de Bens, Direitos ou Valores",2019-11-18,2024-07-05T22:54:03.557000Z,8,G1,Eletrônico,https://eproc.jfrj.jus.br/eproc/externo_controlador.php?acao=processo_consulta_publica
50913002220194025101,5091300-22.2019.4.02.5101,241,Petição Cível,"Crimes de &quot;Lavagem&quot; ou Ocultação de Bens, Direitos ou Valores",2019-11-18,2024-07-05T23:24:29.087000Z,6,G1,Eletrônico,https://eproc.jfrj.jus.br/eproc/externo_controlador.php?acao=processo_consulta_publica
05016517420194025101,0501651-74.2019.4.02.5101,1717,Alienação de Bens do Acusado,"Crimes de &quot;Lavagem&quot; ou Ocultação de Bens, Direitos ou Valores",2019-11-19,2025-08-16T02:44:18.686000Z,34,G1,Eletrônico,https://eproc.jfrj.jus.br/eproc/externo_controlador.php?acao=processo_consulta_publica
05016525920194025101,0501652-59.2019.4.02.5101,1727,Petição Criminal,Contravenções Penais,2019-11-21,2024-07-06T00:37:32.789000Z,2,G1,Eletrônico,https://eproc.jfrj.jus.br/eproc/externo_controlador.php?acao=processo_consulta_publica
50941929820194025101,5094192-98.2019.4.02.5101,37,Embargos de Terceiro Cível,Compra e Venda,2019-11-27,2024-07-05T22:53:13.421000Z,9,G1,Eletrônico,https://eproc.jfrj.jus.br/eproc/externo_controlador.php?acao=processo_consulta_publica
50942362020194025101,5094236-20.2019.4.02.5101,283,Ação Penal - Procedimento Ordinário,Roubo ,2019-11-27,2024-07-05T22:50:31.531000Z,14,G1,Eletrônico,https://eproc.jfrj.jus.br/eproc/externo_controlador.php?acao=processo_consulta_publica
50943384220194025101,5094338-42.2019.4.02.5101,283,Ação Penal - Procedimento Ordinário,Corrupção ativa ; Corrupção passiva ,2019-11-27,2024-07-05T22:50:25.853000Z,14,G1,Eletrônico,https://eproc.jfrj.jus.br/eproc/externo_controlador.php?acao=processo_consulta_publica
50945150620194025101,5094515-06.2019.4.02.5101,327,Embargos de Terceiro Criminal,Concussão ; Indisponibilidade / Seqüestro de Bens,2019-11-27,2024-07-05T22:51:28.784000Z,11,G1,Eletrônico,https://eproc.jfrj.jus.br/eproc/externo_controlador.php?acao=processo_consulta_publica
50945359420194025101,5094535-94.2019.4.02.5101,305,Liberdade Provisória com ou sem fiança,Crimes ocorridos na investigação da prova; Liberdade Provisória,2019-11-27,2024-07-05T23:24:54.712000Z,3,G1,Eletrônico,https://eproc.jfrj.jus.br/eproc/externo_controlador.php?acao=processo_consulta_publica
05016534420194025101,0501653-44.2019.4.02.5101,283,Ação Penal - Procedimento Ordinário,"Crimes de &quot;Lavagem&quot; ou Ocultação de Bens, Direitos ou Valores",2019-11-28,2024-07-06T00:37:04.779000Z,8,G1,Eletrônico,https://eproc.jfrj.jus.br/eproc/externo_controlador.php?acao=processo_consulta_publica
00055365620194025101,0005536-56.2019.4.02.5101,283,Ação Penal - Procedimento Ordinário,"Crimes de &quot;Lavagem&quot; ou Ocultação de Bens, Direitos ou Valores",2019-11-28,2025-01-13T18:50:30.244000Z,30,G1,Eletrônico,https://eproc.jfrj.jus.br/eproc/externo_controlador.php?acao=processo_consulta_publica
50954175620194025101,5095417-56.2019.4.02.5101,326,Restituição de Coisas Apreendidas,"Crimes de &quot;Lavagem&quot; ou Ocultação de Bens, Direitos ou Valores",2019-11-29,2024-07-05T22:51:17.967000Z,6,G1,Eletrônico,https://eproc.jfrj.jus.br/eproc/externo_controlador.php?acao=processo_consulta_publica
00056136520194025101,0005613-65.2019.4.02.5101,327,Embargos de Terceiro Criminal,"Crimes de &quot;Lavagem&quot; ou Ocultação de Bens, Direitos ou Valores",2019-12-05,2024-07-05T21:42:08.768000Z,13,G1,Eletrônico,https://eproc.jfrj.jus.br/eproc/externo_controlador.php?acao=processo_consulta_publica
50980443320194025101,5098044-33.2019.4.02.5101,1733,Procedimento Investigatório Criminal (PIC-MP) ,Fato Atípico,2019-12-06,2024-07-05T22:52:50.494000Z,3,G1,Eletrônico,https://eproc.jfrj.jus.br/eproc/externo_controlador.php?acao=processo_consulta_publica
50981032120194025101,5098103-21.2019.4.02.5101,279,Inquérito Policial,Crimes da Lei de licitações,2019-12-06,2024-07-05T23:24:33.708000Z,2,G1,Eletrônico,https://eproc.jfrj.jus.br/eproc/externo_controlador.php?acao=processo_consulta_publica
50983795220194025101,5098379-52.2019.4.02.5101,37,Embargos de Terceiro Cível,"Crimes de &quot;Lavagem&quot; ou Ocultação de Bens, Direitos ou Valores; Indisponibilidade / Seqüestro de Bens",2019-12-09,2024-07-05T22:52:22.921000Z,12,G1,Eletrônico,https://eproc.jfrj.jus.br/eproc/externo_controlador.php?acao=processo_consulta_publica
50983942120194025101,5098394-21.2019.4.02.5101,1733,Procedimento Investigatório Criminal (PIC-MP) ,Furto ,2019-12-09,2024-07-05T22:50:32.720000Z,3,G1,Eletrônico,https://eproc.jfrj.jus.br/eproc/externo_controlador.php?acao=processo_consulta_publica
50984289320194025101,5098428-93.2019.4.02.5101,1733,Procedimento Investigatório Criminal (PIC-MP) ,Crimes contra o Sistema Financeiro Nacional,2019-12-09,2024-07-05T22:50:36.716000Z,3,G1,Eletrônico,https://eproc.jfrj.jus.br/eproc/externo_controlador.php?acao=processo_consulta_publica
50984331820194025101,5098433-18.2019.4.02.5101,1727,Petição Criminal,Cerceamento de Defesa; Fato Atípico,2019-12-09,2024-07-05T22:52:40.672000Z,4,G1,Eletrônico,https://eproc.jfrj.jus.br/eproc/externo_controlador.php?acao=processo_consulta_publica
50984756720194025101,5098475-67.2019.4.02.5101,283,Ação Penal - Procedimento Ordinário,Sonegação de papel ou objeto de valor probatório ,2019-12-09,2024-07-05T22:51:09.387000Z,26,G1,Eletrônico,https://eproc.jfrj.jus.br/eproc/externo_controlador.php?acao=processo_consulta_publica
50984869620194025101,5098486-96.2019.4.02.5101,283,Ação Penal - Procedimento Ordinário,Falsidade ideológica ; Falsificação de documento particular ; Uso de documento falso ,2019-12-09,2025-07-15T19:19:55.583000Z,72,G1,Eletrônico,https://eproc.jfrj.jus.br/eproc/externo_controlador.php?acao=processo_consulta_publica
50113520420194025110,5011352-04.2019.4.02.5110,279,Inquérito Policial,Crimes contra o Sistema Financeiro Nacional,2019-12-09,2024-07-05T21:36:49.699000Z,6,G1,Eletrônico,https://eproc.jfrj.jus.br/eproc/externo_controlador.php?acao=processo_consulta_publica
50985241120194025101,5098524-11.2019.4.02.5101,283,Ação Penal - Procedimento Ordinário,Falsificação de documento público,2019-12-09,2024-07-05T22:52:06.962000Z,6,G1,Eletrônico,https://eproc.jfrj.jus.br/eproc/externo_controlador.php?acao=processo_consulta_publica
50985389220194025101,5098538-92.2019.4.02.5101,279,Inquérito Policial,Poluição,2019-12-09,2024-02-29T06:14:43.242000Z,1,JE,Eletrônico,https://eproc.jfrj.jus.br/eproc/externo_controlador.php?acao=processo_consulta_publica
50985389220194025101,5098538-92.2019.4.02.5101,279,Inquérito Policial,Poluição,2019-12-09,2024-07-05T22:51:40.392000Z,22,G1,Eletrônico,https://eproc.jfrj.jus.br/eproc/externo_controlador.php?acao=processo_consulta_publica
50985458420194025101,5098545-84.2019.4.02.5101,1733,Procedimento Investigatório Criminal (PIC-MP) ,Desobediência ,2019-12-09,2024-07-05T22:51:06.207000Z,3,G1,Eletrônico,https://eproc.jfrj.jus.br/eproc/externo_controlador.php?acao=processo_consulta_publica
50985492420194025101,5098549-24.2019.4.02.5101,1733,Procedimento Investigatório Criminal (PIC-MP) ,Moeda Falsa / Assimilados,2019-12-09,2024-07-05T22:51:06.767000Z,3,G1,Eletrônico,https://eproc.jfrj.jus.br/eproc/externo_controlador.php?acao=processo_consulta_publica
50985536120194025101,5098553-61.2019.4.02.5101,283,Ação Penal - Procedimento Ordinário,Tráfico de Drogas e Condutas Afins,2019-12-09,2024-07-05T22:52:10.941000Z,12,G1,Eletrônico,https://eproc.jfrj.jus.br/eproc/externo_controlador.php?acao=processo_consulta_publica
50985622320194025101,5098562-23.2019.4.02.5101,1733,Procedimento Investigatório Criminal (PIC-MP) ,Moeda Falsa / Assimilados,2019-12-09,2024-07-05T23:24:37.995000Z,3,G1,Eletrônico,https://eproc.jfrj.jus.br/eproc/externo_controlador.php?acao=processo_consulta_publica
50991919420194025101,5099191-94.2019.4.02.5101,279,Inquérito Policial,Contrabando ou descaminho ,2019-12-10,2024-07-05T22:53:10.389000Z,3,G1,Eletrônico,https://eproc.jfrj.jus.br/eproc/externo_controlador.php?acao=processo_consulta_publica
50991927920194025101,5099192-79.2019.4.02.5101,279,Inquérito Policial,Roubo Majorado,2019-12-10,2024-07-05T22:52:29.565000Z,3,G1,Eletrônico,https://eproc.jfrj.jus.br/eproc/externo_controlador.php?acao=processo_consulta_publica
50992585920194025101,5099258-59.2019.4.02.5101,279,Inquérito Policial,Contrabando ou descaminho ,2019-12-10,2024-07-05T22:52:40.036000Z,5,G1,Eletrônico,https://eproc.jfrj.jus.br/eproc/externo_controlador.php?acao=processo_consulta_publica
50992594420194025101,5099259-44.2019.4.02.5101,1733,Procedimento Investigatório Criminal (PIC-MP) ,Crimes contra o Meio Ambiente e o Patrimônio Genético,2019-12-10,2024-07-05T23:24:46.084000Z,3,G1,Eletrônico,https://eproc.jfrj.jus.br/eproc/externo_controlador.php?acao=processo_consulta_publica
00056924420194025101,0005692-44.2019.4.02.5101,326,Restituição de Coisas Apreendidas,Contravenções Penais,2019-12-10,2024-07-05T22:53:15.966000Z,2,G1,Eletrônico,https://eproc.jfrj.jus.br/eproc/externo_controlador.php?acao=processo_consulta_publica
50993339820194025101,5099333-98.2019.4.02.5101,278,Termo Circunstanciado,Ultraje Público ao Pudor (Ato/Escrito Obsceno),2019-12-10,2024-06-17T22:06:38.063000Z,12,JE,Eletrônico,https://eproc.jfrj.jus.br/eproc/externo_controlador.php?acao=processo_consulta_publica
50994006320194025101,5099400-63.2019.4.02.5101,279,Inquérito Policial,Peculato,2019-12-10,2024-07-05T22:52:36.178000Z,3,G1,Eletrônico,https://eproc.jfrj.jus.br/eproc/externo_controlador.php?acao=processo_consulta_publica
50994620620194025101,5099462-06.2019.4.02.5101,283,Ação Penal - Procedimento Ordinário,Peculato,2019-12-10,2024-07-05T23:24:53.477000Z,33,G1,Eletrônico,https://eproc.jfrj.jus.br/eproc/externo_controlador.php?acao=processo_consulta_publica
50994871920194025101,5099487-19.2019.4.02.5101,283,Ação Penal - Procedimento Ordinário,Peculato,2019-12-10,2024-07-05T22:51:25.023000Z,29,G1,Eletrônico,https://eproc.jfrj.jus.br/eproc/externo_controlador.php?acao=processo_consulta_publica
50999730420194025101,5099973-04.2019.4.02.5101,279,Inquérito Policial,Moeda Falsa / Assimilados,2019-12-11,2024-07-05T22:50:18.713000Z,4,G1,Eletrônico,https://eproc.jfrj.jus.br/eproc/externo_controlador.php?acao=processo_consulta_publica
05016153220194025101,0501615-32.2019.4.02.5101,326,Restituição de Coisas Apreendidas,Contravenções Penais,2019-12-11,2024-07-06T00:37:33.208000Z,2,G1,Eletrônico,https://eproc.jfrj.jus.br/eproc/externo_controlador.php?acao=processo_consulta_publica
51000674920194025101,5100067-49.2019.4.02.5101,279,Inquérito Policial,Roubo ,2019-12-11,2024-07-05T22:51:03.779000Z,3,G1,Eletrônico,https://eproc.jfrj.jus.br/eproc/externo_controlador.php?acao=processo_consulta_publica
51001774820194025101,5100177-48.2019.4.02.5101,1733,Procedimento Investigatório Criminal (PIC-MP) ,Dano Qualificado,2019-12-11,2024-07-05T23:25:08.376000Z,3,G1,Eletrônico,https://eproc.jfrj.jus.br/eproc/externo_controlador.php?acao=processo_consulta_publica
51001930220194025101,5100193-02.2019.4.02.5101,1733,Procedimento Investigatório Criminal (PIC-MP) ,Desobediência ,2019-12-11,2024-07-05T22:51:36.667000Z,3,G1,Eletrônico,https://eproc.jfrj.jus.br/eproc/externo_controlador.php?acao=processo_consulta_publica
51002034620194025101,5100203-46.2019.4.02.5101,1733,Procedimento Investigatório Criminal (PIC-MP) ,Injúria,2019-12-11,2024-07-05T22:53:20.671000Z,3,G1,Eletrônico,https://eproc.jfrj.jus.br/eproc/externo_controlador.php?acao=processo_consulta_publica
05016681320194025101,0501668-13.2019.4.02.5101,1727,Petição Criminal,"Crimes de &quot;Lavagem&quot; ou Ocultação de Bens, Direitos ou Valores",2019-12-12,2024-07-06T00:38:00.295000Z,4,G1,Eletrônico,https://eproc.jfrj.jus.br/eproc/externo_controlador.php?acao=processo_consulta_publica
51008227320194025101,5100822-73.2019.4.02.5101,283,Ação Penal - Procedimento Ordinário,Peculato,2019-12-12,2026-01-12T23:30:12.265000Z,45,G1,Eletrônico,https://eproc.jfrj.jus.br/eproc/externo_controlador.php?acao=processo_consulta_publica
05016699520194025101,0501669-95.2019.4.02.5101,326,Restituição de Coisas Apreendidas,"Crimes de &quot;Lavagem&quot; ou Ocultação de Bens, Direitos ou Valores",2019-12-12,2024-07-06T00:37:11.970000Z,5,G1,Eletrônico,https://eproc.jfrj.jus.br/eproc/externo_controlador.php?acao=processo_consulta_publica
05016708020194025101,0501670-80.2019.4.02.5101,1727,Petição Criminal,"Crimes de &quot;Lavagem&quot; ou Ocultação de Bens, Direitos ou Valores",2019-12-12,2024-07-06T00:37:12.365000Z,8,G1,Eletrônico,https://eproc.jfrj.jus.br/eproc/externo_controlador.php?acao=processo_consulta_publica
00057513220194025101,0005751-32.2019.4.02.5101,327,Embargos de Terceiro Criminal,"Crimes de &quot;Lavagem&quot; ou Ocultação de Bens, Direitos ou Valores",2019-12-12,2024-07-05T22:15:31.891000Z,18,G1,Eletrônico,https://eproc.jfrj.jus.br/eproc/externo_controlador.php?acao=processo_consulta_publica
51008868320194025101,5100886-83.2019.4.02.5101,283,Ação Penal - Procedimento Ordinário,Uso de documento falso ,2019-12-12,2025-08-16T02:40:00.372000Z,71,G1,Eletrônico,https://eproc.jfrj.jus.br/eproc/externo_controlador.php?acao=processo_consulta_publica
05016725020194025101,0501672-50.2019.4.02.5101,283,Ação Penal - Procedimento Ordinário,"Crimes de &quot;Lavagem&quot; ou Ocultação de Bens, Direitos ou Valores",2019-12-12,2026-09-15T22:57:38.040000Z,41,G1,Eletrônico,https://eproc.jfrj.jus.br/eproc/externo_controlador.php?acao=processo_consulta_publica
51009647720194025101,5100964-77.2019.4.02.5101,1733,Procedimento Investigatório Criminal (PIC-MP) ,Moeda Falsa / Assimilados,2019-12-12,2024-07-05T22:52:55.793000Z,3,G1,Eletrônico,https://eproc.jfrj.jus.br/eproc/externo_controlador.php?acao=processo_consulta_publica
51009725420194025101,5100972-54.2019.4.02.5101,1733,Procedimento Investigatório Criminal (PIC-MP) ,Moeda Falsa / Assimilados,2019-12-12,2024-07-05T22:52:41.912000Z,3,G1,Eletrônico,https://eproc.jfrj.jus.br/eproc/externo_controlador.php?acao=processo_consulta_publica
51010010720194025101,5101001-07.2019.4.02.5101,1733,Procedimento Investigatório Criminal (PIC-MP) ,Estelionato,2019-12-12,2024-07-05T23:24:52.142000Z,3,G1,Eletrônico,https://eproc.jfrj.jus.br/eproc/externo_controlador.php?acao=processo_consulta_publica
51010071420194025101,5101007-14.2019.4.02.5101,1733,Procedimento Investigatório Criminal (PIC-MP) ,Furto ,2019-12-12,2024-07-05T22:52:46.358000Z,3,G1,Eletrônico,https://eproc.jfrj.jus.br/eproc/externo_controlador.php?acao=processo_consulta_publica
51010158820194025101,5101015-88.2019.4.02.5101,1733,Procedimento Investigatório Criminal (PIC-MP) ,Furto ,2019-12-12,2024-07-05T22:50:53.483000Z,3,G1,Eletrônico,https://eproc.jfrj.jus.br/eproc/externo_controlador.php?acao=processo_consulta_publica
51010236520194025101,5101023-65.2019.4.02.5101,1733,Procedimento Investigatório Criminal (PIC-MP) ,Crime Tentado; Furto ,2019-12-12,2024-07-05T22:52:31.476000Z,3,G1,Eletrônico,https://eproc.jfrj.jus.br/eproc/externo_controlador.php?acao=processo_consulta_publica
51010530320194025101,5101053-03.2019.4.02.5101,1733,Procedimento Investigatório Criminal (PIC-MP) ,Desobediência ,2019-12-12,2024-07-05T23:24:54.669000Z,3,G1,Eletrônico,https://eproc.jfrj.jus.br/eproc/externo_controlador.php?acao=processo_consulta_publica
51013085820194025101,5101308-58.2019.4.02.5101,279,Inquérito Policial,"Crimes de &quot;Lavagem&quot; ou Ocultação de Bens, Direitos ou Valores",2019-12-13,2024-07-05T22:52:28.317000Z,12,G1,Eletrônico,https://eproc.jfrj.jus.br/eproc/externo_controlador.php?acao=processo_consulta_publica
51013310420194025101,5101331-04.2019.4.02.5101,279,Inquérito Policial,Estelionato Majorado ,2019-12-13,2024-07-05T22:51:25.368000Z,2,G1,Eletrônico,https://eproc.jfrj.jus.br/eproc/externo_controlador.php?acao=processo_consulta_publica
51013431820194025101,5101343-18.2019.4.02.5101,279,Inquérito Policial,Estelionato Majorado ,2019-12-13,2024-07-05T22:53:29.296000Z,4,G1,Eletrônico,https://eproc.jfrj.jus.br/eproc/externo_controlador.php?acao=processo_consulta_publica
51014489220194025101,5101448-92.2019.4.02.5101,279,Inquérito Policial,Crimes contra a Ordem Tributária,2019-12-13,2024-07-05T22:53:34.443000Z,3,G1,Eletrônico,https://eproc.jfrj.jus.br/eproc/externo_controlador.php?acao=processo_consulta_publica
51015510220194025101,5101551-02.2019.4.02.5101,283,Ação Penal - Procedimento Ordinário,Crimes contra a Ordem Tributária,2019-12-13,2024-11-13T21:27:06.044000Z,47,G1,Eletrônico,https://eproc.jfrj.jus.br/eproc/externo_controlador.php?acao=processo_consulta_publica
51015658320194025101,5101565-83.2019.4.02.5101,1733,Procedimento Investigatório Criminal (PIC-MP) ,Estelionato; Furto ,2019-12-13,2024-07-05T22:53:00.092000Z,3,G1,Eletrônico,https://eproc.jfrj.jus.br/eproc/externo_controlador.php?acao=processo_consulta_publica
51018369220194025101,5101836-92.2019.4.02.5101,37,Embargos de Terceiro Cível,Compra e Venda; Liminar ; Penhora / Depósito/ Avaliação ,2019-12-14,2024-07-05T22:50:54.003000Z,5,G1,Eletrônico,https://eproc.jfrj.jus.br/eproc/externo_controlador.php?acao=processo_consulta_publica
51022214020194025101,5102221-40.2019.4.02.5101,1733,Procedimento Investigatório Criminal (PIC-MP) ,Constrangimento ilegal ,2019-12-16,2024-07-05T22:51:35.791000Z,3,G1,Eletrônico,https://eproc.jfrj.jus.br/eproc/externo_controlador.php?acao=processo_consulta_publica
51022352420194025101,5102235-24.2019.4.02.5101,1733,Procedimento Investigatório Criminal (PIC-MP) ,Estelionato,2019-12-16,2024-07-05T22:51:01.086000Z,3,G1,Eletrônico,https://eproc.jfrj.jus.br/eproc/externo_controlador.php?acao=processo_consulta_publica
00058414020194025101,0005841-40.2019.4.02.5101,327,Embargos de Terceiro Criminal,Contravenções Penais,2019-12-16,2024-07-05T22:53:19.987000Z,6,G1,Eletrônico,https://eproc.jfrj.jus.br/eproc/externo_controlador.php?acao=processo_consulta_publica
51004005920234025101,5100400-59.2023.4.02.5101,283,Ação Penal - Procedimento Ordinário,Crimes contra a Ordem Tributária,2019-12-16,2025-01-13T18:46:49.061000Z,10,G1,Eletrônico,https://eproc.jfrj.jus.br/eproc/externo_controlador.php?acao=processo_consulta_publica
51029263820194025101,5102926-38.2019.4.02.5101,283,Ação Penal - Procedimento Ordinário,Crimes contra a Ordem Tributária,2019-12-16,2025-10-14T01:10:28.973000Z,58,G1,Eletrônico,https://eproc.jfrj.jus.br/eproc/externo_controlador.php?acao=processo_consulta_publica
51030996220194025101,5103099-62.2019.4.02.5101,1733,Procedimento Investigatório Criminal (PIC-MP) ,Estelionato Majorado ,2019-12-17,2024-07-05T22:53:12.894000Z,3,G1,Eletrônico,https://eproc.jfrj.jus.br/eproc/externo_controlador.php?acao=processo_consulta_publica
51031273020194025101,5103127-30.2019.4.02.5101,1733,Procedimento Investigatório Criminal (PIC-MP) ,Estelionato,2019-12-17,2024-07-05T23:24:59.455000Z,3,G1,Eletrônico,https://eproc.jfrj.jus.br/eproc/externo_controlador.php?acao=processo_consulta_publica
51031350720194025101,5103135-07.2019.4.02.5101,1733,Procedimento Investigatório Criminal (PIC-MP) ,Moeda Falsa / Assimilados,2019-12-17,2024-07-05T22:51:01.471000Z,3,G1,Eletrônico,https://eproc.jfrj.jus.br/eproc/externo_controlador.php?acao=processo_consulta_publica
51034478020194025101,5103447-80.2019.4.02.5101,279,Inquérito Policial,Calúnia; Denunciação caluniosa ,2019-12-17,2024-07-05T22:52:55.859000Z,3,G1,Eletrônico,https://eproc.jfrj.jus.br/eproc/externo_controlador.php?acao=processo_consulta_publica
51036547920194025101,5103654-79.2019.4.02.5101,1733,Procedimento Investigatório Criminal (PIC-MP) ,Fato Atípico,2019-12-17,2024-07-05T23:24:59.590000Z,3,G1,Eletrônico,https://eproc.jfrj.jus.br/eproc/externo_controlador.php?acao=processo_consulta_publica
51037258120194025101,5103725-81.2019.4.02.5101,1733,Procedimento Investigatório Criminal (PIC-MP) ,Fato Atípico,2019-12-17,2024-07-05T22:53:07.531000Z,3,G1,Eletrônico,https://eproc.jfrj.jus.br/eproc/externo_controlador.php?acao=processo_consulta_publica
05016854920194025101,0501685-49.2019.4.02.5101,327,Embargos de Terceiro Criminal,"Crimes de &quot;Lavagem&quot; ou Ocultação de Bens, Direitos ou Valores",2019-12-17,2024-07-06T00:37:39.195000Z,4,G1,Eletrônico,https://eproc.jfrj.jus.br/eproc/externo_controlador.php?acao=processo_consulta_publica
05016863420194025101,0501686-34.2019.4.02.5101,1727,Petição Criminal,Contravenções Penais,2019-12-17,2024-07-06T00:37:39.250000Z,2,G1,Eletrônico,https://eproc.jfrj.jus.br/eproc/externo_controlador.php?acao=processo_consulta_publica
51038643320194025101,5103864-33.2019.4.02.5101,283,Ação Penal - Procedimento Ordinário,Moeda Falsa / Assimilados,2019-12-17,2024-07-05T22:52:40.301000Z,16,G1,Eletrônico,https://eproc.jfrj.jus.br/eproc/externo_controlador.php?acao=processo_consulta_publica
51048135720194025101,5104813-57.2019.4.02.5101,241,Petição Cível,"Crimes de &quot;Lavagem&quot; ou Ocultação de Bens, Direitos ou Valores",2019-12-18,2024-07-05T23:25:09.992000Z,6,G1,Eletrônico,https://eproc.jfrj.jus.br/eproc/externo_controlador.php?acao=processo_consulta_publica
50017022320204025101,5001702-23.2020.4.02.5101,283,Ação Penal - Procedimento Ordinário,Corrupção passiva ,2019-12-19,2024-07-05T20:29:44.892000Z,20,G1,Eletrônico,https://eproc.jfrj.jus.br/eproc/externo_controlador.php?acao=processo_consulta_publica
51055072620194025101,5105507-26.2019.4.02.5101,283,Ação Penal - Procedimento Ordinário,Corrupção passiva ,2019-12-19,2026-06-13T14:01:17.850000Z,35,G1,Eletrônico,https://eproc.jfrj.jus.br/eproc/externo_controlador.php?acao=processo_consulta_publica
50099204020204025101,5009920-40.2020.4.02.5101,283,Ação Penal - Procedimento Ordinário,"""Lavagem"" ou Ocultação de Bens, Direitos ou Valores Oriundos de Corrupção",2019-12-19,2024-07-05T21:08:31.991000Z,11,G1,Eletrônico,https://eproc.jfrj.jus.br/eproc/externo_controlador.php?acao=processo_consulta_publica
51056588920194025101,5105658-89.2019.4.02.5101,283,Ação Penal - Procedimento Ordinário,"""Lavagem"" ou Ocultação de Bens, Direitos ou Valores Oriundos de Corrupção",2019-12-19,2026-08-20T23:42:17.411000Z,66,G1,Eletrônico,https://eproc.jfrj.jus.br/eproc/externo_controlador.php?acao=processo_consulta_publica
51059819420194025101,5105981-94.2019.4.02.5101,283,Ação Penal - Procedimento Ordinário,Roubo ,2019-12-20,2024-07-05T22:51:45.796000Z,22,G1,Eletrônico,https://eproc.jfrj.jus.br/eproc/externo_controlador.php?acao=processo_consulta_publica
05050005120204025101,0505000-51.2020.4.02.5101,283,Ação Penal - Procedimento Ordinário,"Crimes de &quot;Lavagem&quot; ou Ocultação de Bens, Direitos ou Valores",2020-01-09,2024-10-18T10:08:52.257000Z,41,G1,Eletrônico,https://eproc.jfrj.jus.br/eproc/externo_controlador.php?acao=processo_consulta_publica
05050022120204025101,0505002-21.2020.4.02.5101,326,Restituição de Coisas Apreendidas,"Crimes de &quot;Lavagem&quot; ou Ocultação de Bens, Direitos ou Valores",2020-01-13,2024-07-06T00:37:18.234000Z,3,G1,Eletrônico,https://eproc.jfrj.jus.br/eproc/externo_controlador.php?acao=processo_consulta_publica
05050065820204025101,0505006-58.2020.4.02.5101,326,Restituição de Coisas Apreendidas,"Crimes de &quot;Lavagem&quot; ou Ocultação de Bens, Direitos ou Valores",2020-01-14,2024-07-06T00:37:28.746000Z,12,G1,Eletrônico,https://eproc.jfrj.jus.br/eproc/externo_controlador.php?acao=processo_consulta_publica
05050057320204025101,0505005-73.2020.4.02.5101,241,Petição Cível,Contravenções Penais,2020-01-14,2024-07-06T00:37:58.660000Z,11,G1,Eletrônico,https://eproc.jfrj.jus.br/eproc/externo_controlador.php?acao=processo_consulta_publica
50024626920204025101,5002462-69.2020.4.02.5101,283,Ação Penal - Procedimento Ordinário,Moeda Falsa / Assimilados,2020-01-15,2026-09-15T22:57:38.619000Z,66,G1,Eletrônico,https://eproc.jfrj.jus.br/eproc/externo_controlador.php?acao=processo_consulta_publica
00000522620204025101,0000052-26.2020.4.02.5101,283,Ação Penal - Procedimento Ordinário,Contravenções Penais,2020-01-16,2024-07-05T21:05:42.440000Z,6,G1,Eletrônico,https://eproc.jfrj.jus.br/eproc/externo_controlador.php?acao=processo_consulta_publica
00000514120204025101,0000051-41.2020.4.02.5101,283,Ação Penal - Procedimento Ordinário,Contravenções Penais,2020-01-16,2024-07-05T22:20:07.609000Z,2,G1,Eletrônico,https://eproc.jfrj.jus.br/eproc/externo_controlador.php?acao=processo_consulta_publica
50026835220204025101,5002683-52.2020.4.02.5101,283,Ação Penal - Procedimento Ordinário,Crimes contra o Sistema Financeiro Nacional,2020-01-16,2026-09-15T22:56:10.834000Z,54,G1,Eletrônico,https://eproc.jfrj.jus.br/eproc/externo_controlador.php?acao=processo_consulta_publica
50032257020204025101,5003225-70.2020.4.02.5101,241,Petição Cível,"Crimes de &quot;Lavagem&quot; ou Ocultação de Bens, Direitos ou Valores",2020-01-21,2024-07-05T20:27:36.333000Z,6,G1,Eletrônico,https://eproc.jfrj.jus.br/eproc/externo_controlador.php?acao=processo_consulta_publica
50032569020204025101,5003256-90.2020.4.02.5101,1733,Procedimento Investigatório Criminal (PIC-MP) ,Apropriação indébita,2020-01-21,2024-07-05T20:25:48.147000Z,7,G1,Eletrônico,https://eproc.jfrj.jus.br/eproc/externo_controlador.php?acao=processo_consulta_publica
05050118020204025101,0505011-80.2020.4.02.5101,326,Restituição de Coisas Apreendidas,"Crimes de &quot;Lavagem&quot; ou Ocultação de Bens, Direitos ou Valores",2020-01-21,2024-07-06T00:38:09.592000Z,25,G1,Eletrônico,https://eproc.jfrj.jus.br/eproc/externo_controlador.php?acao=processo_consulta_publica
50032898020204025101,5003289-80.2020.4.02.5101,1733,Procedimento Investigatório Criminal (PIC-MP) ,Estelionato Majorado ,2020-01-21,2024-07-05T20:27:07.902000Z,3,G1,Eletrônico,https://eproc.jfrj.jus.br/eproc/externo_controlador.php?acao=processo_consulta_publica
50033296220204025101,5003329-62.2020.4.02.5101,1733,Procedimento Investigatório Criminal (PIC-MP) ,Moeda Falsa / Assimilados,2020-01-21,2024-07-05T20:31:53.683000Z,8,G1,Eletrônico,https://eproc.jfrj.jus.br/eproc/externo_controlador.php?acao=processo_consulta_publica
50033426120204025101,5003342-61.2020.4.02.5101,1733,Procedimento Investigatório Criminal (PIC-MP) ,Estelionato Majorado ,2020-01-21,2024-07-05T20:28:48.059000Z,3,G1,Eletrônico,https://eproc.jfrj.jus.br/eproc/externo_controlador.php?acao=processo_consulta_publica
50033668920204025101,5003366-89.2020.4.02.5101,1727,Petição Criminal,Corrupção passiva ,2020-01-21,2024-07-05T20:22:43.903000Z,6,G1,Eletrônico,https://eproc.jfrj.jus.br/eproc/externo_controlador.php?acao=processo_consulta_publica
50033677420204025101,5003367-74.2020.4.02.5101,1727,Petição Criminal,"Crimes de &quot;Lavagem&quot; ou Ocultação de Bens, Direitos ou Valores",2020-01-21,2024-07-05T23:23:37.969000Z,6,G1,Eletrônico,https://eproc.jfrj.jus.br/eproc/externo_controlador.php?acao=processo_consulta_publica
50037358320204025101,5003735-83.2020.4.02.5101,279,Inquérito Policial,Peculato,2020-01-22,2024-07-05T20:25:05.397000Z,5,G1,Eletrônico,https://eproc.jfrj.jus.br/eproc/externo_controlador.php?acao=processo_consulta_publica
50037609620204025101,5003760-96.2020.4.02.5101,326,Restituição de Coisas Apreendidas,Busca e Apreensão de Bens; Corrupção ativa ,2020-01-23,2024-07-05T20:28:50.520000Z,21,G1,Eletrônico,https://eproc.jfrj.jus.br/eproc/externo_controlador.php?acao=processo_consulta_publica
50001285020204025105,5000128-50.2020.4.02.5105,279,Inquérito Policial,Crimes contra a Ordem Econômica; Poluição,2020-01-27,2024-07-06T00:59:37.818000Z,8,G1,Eletrônico,https://eproc.jfrj.jus.br/eproc/externo_controlador.php?acao=processo_consulta_publica
50046451320204025101,5004645-13.2020.4.02.5101,1733,Procedimento Investigatório Criminal (PIC-MP) ,Estelionato Majorado ,2020-01-27,2024-07-05T21:05:22.200000Z,3,G1,Eletrônico,https://eproc.jfrj.jus.br/eproc/externo_controlador.php?acao=processo_consulta_publica
50046572720204025101,5004657-27.2020.4.02.5101,283,Ação Penal - Procedimento Ordinário,Fato Atípico,2020-01-27,2024-07-05T21:05:20.762000Z,17,G1,Eletrônico,https://eproc.jfrj.jus.br/eproc/externo_controlador.php?acao=processo_consulta_publica
50141754120204025101,5014175-41.2020.4.02.5101,283,Ação Penal - Procedimento Ordinário,Fato Atípico,2020-01-27,2024-07-05T21:40:34.650000Z,6,G1,Eletrônico,https://eproc.jfrj.jus.br/eproc/externo_controlador.php?acao=processo_consulta_publica
50047031620204025101,5004703-16.2020.4.02.5101,283,Ação Penal - Procedimento Ordinário,Peculato,2020-01-27,2024-07-05T21:05:27.329000Z,17,G1,Eletrônico,https://eproc.jfrj.jus.br/eproc/externo_controlador.php?acao=processo_consulta_publica
50049639320204025101,5004963-93.2020.4.02.5101,1733,Procedimento Investigatório Criminal (PIC-MP) ,Estelionato Majorado ,2020-01-28,2024-07-05T21:05:17.657000Z,3,G1,Eletrônico,https://eproc.jfrj.jus.br/eproc/externo_controlador.php?acao=processo_consulta_publica
50050591120204025101,5005059-11.2020.4.02.5101,1727,Petição Criminal,"Crimes de &quot;Lavagem&quot; ou Ocultação de Bens, Direitos ou Valores",2020-01-28,2024-07-05T21:06:24.207000Z,18,G1,Eletrônico,https://eproc.jfrj.jus.br/eproc/externo_controlador.php?acao=processo_consulta_publica
50051665520204025101,5005166-55.2020.4.02.5101,326,Restituição de Coisas Apreendidas,"""Lavagem"" ou Ocultação de Bens, Direitos ou Valores Oriundos de Corrupção",2020-01-29,2024-07-05T21:06:30.463000Z,6,G1,Eletrônico,https://eproc.jfrj.jus.br/eproc/externo_controlador.php?acao=processo_consulta_publica
50057060620204025101,5005706-06.2020.4.02.5101,1727,Petição Criminal,Corrupção passiva ,2020-01-30,2026-06-13T14:09:36.692000Z,20,G1,Eletrônico,https://eproc.jfrj.jus.br/eproc/externo_controlador.php?acao=processo_consulta_publica
00001752420204025101,0000175-24.2020.4.02.5101,327,Embargos de Terceiro Criminal,Contravenções Penais,2020-01-31,2024-07-05T21:08:36.183000Z,9,G1,Eletrônico,https://eproc.jfrj.jus.br/eproc/externo_controlador.php?acao=processo_consulta_publica
50060152720204025101,5006015-27.2020.4.02.5101,283,Ação Penal - Procedimento Ordinário,Tráfico de Drogas e Condutas Afins,2020-01-31,2024-11-13T21:23:58.990000Z,45,G1,Eletrônico,https://eproc.jfrj.jus.br/eproc/externo_controlador.php?acao=processo_consulta_publica
00001813120204025101,0000181-31.2020.4.02.5101,37,Embargos de Terceiro Cível,"Crimes de &quot;Lavagem&quot; ou Ocultação de Bens, Direitos ou Valores",2020-02-03,2024-07-05T22:15:51.275000Z,5,G1,Eletrônico,https://eproc.jfrj.jus.br/eproc/externo_controlador.php?acao=processo_consulta_publica
50062197120204025101,5006219-71.2020.4.02.5101,1733,Procedimento Investigatório Criminal (PIC-MP) ,"""Lavagem"" ou Ocultação de Bens, Direitos ou Valores Oriundos de Corrupção; Peculato",2020-02-03,2024-07-05T21:05:32.694000Z,6,G1,Eletrônico,https://eproc.jfrj.jus.br/eproc/externo_controlador.php?acao=processo_consulta_publica
00001865320204025101,0000186-53.2020.4.02.5101,327,Embargos de Terceiro Criminal,"Crimes de &quot;Lavagem&quot; ou Ocultação de Bens, Direitos ou Valores",2020-02-04,2024-07-06T00:13:21.470000Z,4,G1,Eletrônico,https://eproc.jfrj.jus.br/eproc/externo_controlador.php?acao=processo_consulta_publica
00001986720204025101,0000198-67.2020.4.02.5101,329,Seqüestro,Contravenções Penais,2020-02-04,2024-07-05T21:39:22.546000Z,2,G1,Eletrônico,https://eproc.jfrj.jus.br/eproc/externo_controlador.php?acao=processo_consulta_publica
50068545220204025101,5006854-52.2020.4.02.5101,1733,Procedimento Investigatório Criminal (PIC-MP) ,Estelionato; Estelionato Majorado ,2020-02-05,2024-07-05T21:06:33.992000Z,3,G1,Eletrônico,https://eproc.jfrj.jus.br/eproc/externo_controlador.php?acao=processo_consulta_publica
50069965620204025101,5006996-56.2020.4.02.5101,326,Restituição de Coisas Apreendidas,"Promoção, constituição, financiamento ou integração de Organização Criminosa",2020-02-05,2024-07-05T21:08:24.625000Z,14,G1,Eletrônico,https://eproc.jfrj.jus.br/eproc/externo_controlador.php?acao=processo_consulta_publica
50072892620204025101,5007289-26.2020.4.02.5101,1733,Procedimento Investigatório Criminal (PIC-MP) ,Estelionato Majorado ,2020-02-06,2024-07-05T21:07:47.267000Z,3,G1,Eletrônico,https://eproc.jfrj.jus.br/eproc/externo_controlador.php?acao=processo_consulta_publica
50075144620204025101,5007514-46.2020.4.02.5101,279,Inquérito Policial,Crimes contra a Ordem Econômica; Poluição,2020-02-07,2024-07-05T21:08:12.698000Z,27,G1,Eletrônico,https://eproc.jfrj.jus.br/eproc/externo_controlador.php?acao=processo_consulta_publica
50075681220204025101,5007568-12.2020.4.02.5101,1733,Procedimento Investigatório Criminal (PIC-MP) ,Estelionato Majorado ,2020-02-07,2024-07-05T21:07:29.826000Z,3,G1,Eletrônico,https://eproc.jfrj.jus.br/eproc/externo_controlador.php?acao=processo_consulta_publica
50076253020204025101,5007625-30.2020.4.02.5101,1733,Procedimento Investigatório Criminal (PIC-MP) ,Estelionato Majorado ,2020-02-07,2024-07-05T21:08:08.001000Z,3,G1,Eletrônico,https://eproc.jfrj.jus.br/eproc/externo_controlador.php?acao=processo_consulta_publica
50076443620204025101,5007644-36.2020.4.02.5101,1733,Procedimento Investigatório Criminal (PIC-MP) ,Estelionato,2020-02-07,2024-07-05T21:07:09.244000Z,3,G1,Eletrônico,https://eproc.jfrj.jus.br/eproc/externo_controlador.php?acao=processo_consulta_publica
05050239420204025101,0505023-94.2020.4.02.5101,327,Embargos de Terceiro Criminal,"Crimes de &quot;Lavagem&quot; ou Ocultação de Bens, Direitos ou Valores",2020-02-07,2024-07-06T00:37:59.226000Z,9,G1,Eletrônico,https://eproc.jfrj.jus.br/eproc/externo_controlador.php?acao=processo_consulta_publica
50078176020204025101,5007817-60.2020.4.02.5101,1733,Procedimento Investigatório Criminal (PIC-MP) ,Falso testemunho ou falsa perícia ,2020-02-10,2024-07-05T21:08:14.326000Z,3,G1,Eletrônico,https://eproc.jfrj.jus.br/eproc/externo_controlador.php?acao=processo_consulta_publica
50079267420204025101,5007926-74.2020.4.02.5101,1733,Procedimento Investigatório Criminal (PIC-MP) ,Estelionato Majorado ,2020-02-10,2024-07-05T23:23:50.085000Z,3,G1,Eletrônico,https://eproc.jfrj.jus.br/eproc/externo_controlador.php?acao=processo_consulta_publica
50080445020204025101,5008044-50.2020.4.02.5101,319,Exceção de Incompetência de Juízo,Corrupção ativa ,2020-02-10,2024-07-05T21:07:36.002000Z,10,G1,Eletrônico,https://eproc.jfrj.jus.br/eproc/externo_controlador.php?acao=processo_consulta_publica
50080757020204025101,5008075-70.2020.4.02.5101,1733,Procedimento Investigatório Criminal (PIC-MP) ,Furto ,2020-02-11,2024-07-05T21:08:31.979000Z,3,G1,Eletrônico,https://eproc.jfrj.jus.br/eproc/externo_controlador.php?acao=processo_consulta_publica
50081293620204025101,5008129-36.2020.4.02.5101,1733,Procedimento Investigatório Criminal (PIC-MP) ,Estelionato Majorado ,2020-02-11,2024-07-05T23:23:34.467000Z,3,G1,Eletrônico,https://eproc.jfrj.jus.br/eproc/externo_controlador.php?acao=processo_consulta_publica
50082575620204025101,5008257-56.2020.4.02.5101,1733,Procedimento Investigatório Criminal (PIC-MP) ,Estelionato,2020-02-11,2024-07-05T21:08:07.868000Z,3,G1,Eletrônico,https://eproc.jfrj.jus.br/eproc/externo_controlador.php?acao=processo_consulta_publica
05050308620204025101,0505030-86.2020.4.02.5101,326,Restituição de Coisas Apreendidas,"Crimes de &quot;Lavagem&quot; ou Ocultação de Bens, Direitos ou Valores",2020-02-11,2024-07-06T00:38:11.287000Z,12,G1,Eletrônico,https://eproc.jfrj.jus.br/eproc/externo_controlador.php?acao=processo_consulta_publica
05050290420204025101,0505029-04.2020.4.02.5101,326,Restituição de Coisas Apreendidas,"Crimes de &quot;Lavagem&quot; ou Ocultação de Bens, Direitos ou Valores",2020-02-11,2024-07-06T00:38:25.778000Z,11,G1,Eletrônico,https://eproc.jfrj.jus.br/eproc/externo_controlador.php?acao=processo_consulta_publica
50083034520204025101,5008303-45.2020.4.02.5101,1733,Procedimento Investigatório Criminal (PIC-MP) ,Estelionato Majorado ,2020-02-11,2024-07-05T21:15:31.372000Z,3,G1,Eletrônico,https://eproc.jfrj.jus.br/eproc/externo_controlador.php?acao=processo_consulta_publica
05050325620204025101,0505032-56.2020.4.02.5101,1727,Petição Criminal,"Crimes de &quot;Lavagem&quot; ou Ocultação de Bens, Direitos ou Valores",2020-02-12,2024-07-06T00:38:32.280000Z,4,G1,Eletrônico,https://eproc.jfrj.jus.br/eproc/externo_controlador.php?acao=processo_consulta_publica
50090716820204025101,5009071-68.2020.4.02.5101,279,Inquérito Policial,Peculato,2020-02-13,2024-07-05T21:08:16.829000Z,2,G1,Eletrônico,https://eproc.jfrj.jus.br/eproc/externo_controlador.php?acao=processo_consulta_publica
50093055020204025101,5009305-50.2020.4.02.5101,1733,Procedimento Investigatório Criminal (PIC-MP) ,Estelionato Majorado ,2020-02-14,2024-07-05T21:37:35.763000Z,3,G1,Eletrônico,https://eproc.jfrj.jus.br/eproc/externo_controlador.php?acao=processo_consulta_publica
50093947320204025101,5009394-73.2020.4.02.5101,326,Restituição de Coisas Apreendidas,"Crimes de &quot;Lavagem&quot; ou Ocultação de Bens, Direitos ou Valores",2020-02-14,2024-07-05T21:09:02.995000Z,17,G1,Eletrônico,https://eproc.jfrj.jus.br/eproc/externo_controlador.php?acao=processo_consulta_publica
50099541520204025101,5009954-15.2020.4.02.5101,283,Ação Penal - Procedimento Ordinário,Crimes da Lei de licitações,2020-02-17,2024-07-05T21:09:12.841000Z,18,G1,Eletrônico,https://eproc.jfrj.jus.br/eproc/externo_controlador.php?acao=processo_consulta_publica
05050403320204025101,0505040-33.2020.4.02.5101,326,Restituição de Coisas Apreendidas,"Crimes de &quot;Lavagem&quot; ou Ocultação de Bens, Direitos ou Valores",2020-02-17,2024-07-06T00:37:19.113000Z,13,G1,Eletrônico,https://eproc.jfrj.jus.br/eproc/externo_controlador.php?acao=processo_consulta_publica
50102243920204025101,5010224-39.2020.4.02.5101,1733,Procedimento Investigatório Criminal (PIC-MP) ,Estelionato Majorado ,2020-02-18,2024-07-05T21:37:12.205000Z,3,G1,Eletrônico,https://eproc.jfrj.jus.br/eproc/externo_controlador.php?acao=processo_consulta_publica
50103396020204025101,5010339-60.2020.4.02.5101,319,Exceção de Incompetência de Juízo,"Crimes de &quot;Lavagem&quot; ou Ocultação de Bens, Direitos ou Valores",2020-02-18,2024-07-05T21:37:32.774000Z,4,G1,Eletrônico,https://eproc.jfrj.jus.br/eproc/externo_controlador.php?acao=processo_consulta_publica
05050420320204025101,0505042-03.2020.4.02.5101,1727,Petição Criminal,"Crimes de &quot;Lavagem&quot; ou Ocultação de Bens, Direitos ou Valores",2020-02-18,2025-10-14T02:09:52.435000Z,5,G1,Eletrônico,https://eproc.jfrj.jus.br/eproc/externo_controlador.php?acao=processo_consulta_publica
50104539620204025101,5010453-96.2020.4.02.5101,1733,Procedimento Investigatório Criminal (PIC-MP) ,Crimes contra a Ordem Tributária; Frustração de direitos assegurados por lei trabalhista,2020-02-18,2024-07-05T21:09:05.868000Z,3,G1,Eletrônico,https://eproc.jfrj.jus.br/eproc/externo_controlador.php?acao=processo_consulta_publica
50112844720204025101,5011284-47.2020.4.02.5101,1727,Petição Criminal,Corrupção passiva ,2020-02-20,2024-07-05T21:37:58.190000Z,7,G1,Eletrônico,https://eproc.jfrj.jus.br/eproc/externo_controlador.php?acao=processo_consulta_publica
50115061520204025101,5011506-15.2020.4.02.5101,307,Habeas Corpus Criminal,Cerceamento de Defesa,2020-02-21,2024-07-05T21:37:31.182000Z,2,G1,Eletrônico,https://eproc.jfrj.jus.br/eproc/externo_controlador.php?acao=processo_consulta_publica
00003891520204025101,0000389-15.2020.4.02.5101,37,Embargos de Terceiro Cível,"Crimes de &quot;Lavagem&quot; ou Ocultação de Bens, Direitos ou Valores",2020-02-27,2024-07-05T20:27:35.924000Z,4,G1,Eletrônico,https://eproc.jfrj.jus.br/eproc/externo_controlador.php?acao=processo_consulta_publica
00003935220204025101,0000393-52.2020.4.02.5101,327,Embargos de Terceiro Criminal,"Crimes de &quot;Lavagem&quot; ou Ocultação de Bens, Direitos ou Valores",2020-02-27,2024-07-05T21:05:50.286000Z,9,G1,Eletrônico,https://eproc.jfrj.jus.br/eproc/externo_controlador.php?acao=processo_consulta_publica
50122337120204025101,5012233-71.2020.4.02.5101,1733,Procedimento Investigatório Criminal (PIC-MP) ,Estelionato Majorado ,2020-02-28,2024-07-05T21:37:12.071000Z,3,G1,Eletrônico,https://eproc.jfrj.jus.br/eproc/externo_controlador.php?acao=processo_consulta_publica
50123168720204025101,5012316-87.2020.4.02.5101,1733,Procedimento Investigatório Criminal (PIC-MP) ,Estelionato Majorado ,2020-02-28,2024-07-05T21:37:08.723000Z,3,G1,Eletrônico,https://eproc.jfrj.jus.br/eproc/externo_controlador.php?acao=processo_consulta_publica
50123835220204025101,5012383-52.2020.4.02.5101,1733,Procedimento Investigatório Criminal (PIC-MP) ,Uso de documento falso ,2020-02-28,2024-07-05T21:39:00.006000Z,3,G1,Eletrônico,https://eproc.jfrj.jus.br/eproc/externo_controlador.php?acao=processo_consulta_publica
50249309020214025101,5024930-90.2021.4.02.5101,283,Ação Penal - Procedimento Ordinário,Uso de documento falso ,2020-02-28,2024-07-05T21:42:22.094000Z,13,G1,Eletrônico,https://eproc.jfrj.jus.br/eproc/externo_controlador.php?acao=processo_consulta_publica
50123843720204025101,5012384-37.2020.4.02.5101,283,Ação Penal - Procedimento Ordinário,Uso de documento falso ,2020-02-28,2024-09-26T20:52:21.295000Z,45,G1,Eletrônico,https://eproc.jfrj.jus.br/eproc/externo_controlador.php?acao=processo_consulta_publica
50129923520204025101,5012992-35.2020.4.02.5101,1733,Procedimento Investigatório Criminal (PIC-MP) ,Desobediência ,2020-03-03,2024-07-05T21:38:35.432000Z,3,G1,Eletrônico,https://eproc.jfrj.jus.br/eproc/externo_controlador.php?acao=processo_consulta_publica
50134695820204025101,5013469-58.2020.4.02.5101,279,Inquérito Policial,Peculato,2020-03-04,2024-07-05T21:38:52.796000Z,3,G1,Eletrônico,https://eproc.jfrj.jus.br/eproc/externo_controlador.php?acao=processo_consulta_publica
50136809420204025101,5013680-94.2020.4.02.5101,1733,Procedimento Investigatório Criminal (PIC-MP) ,Estelionato Majorado ,2020-03-05,2024-07-05T21:39:15.544000Z,3,G1,Eletrônico,https://eproc.jfrj.jus.br/eproc/externo_controlador.php?acao=processo_consulta_publica
50136956320204025101,5013695-63.2020.4.02.5101,314,Pedido de Prisão Temporária,"Corrupção passiva ; Crimes de &quot;Lavagem&quot; ou Ocultação de Bens, Direitos ou Valores; Prisão Temporária",2020-03-05,2026-07-15T01:47:16.304000Z,17,G1,Eletrônico,https://eproc.jfrj.jus.br/eproc/externo_controlador.php?acao=processo_consulta_publica
50137034020204025101,5013703-40.2020.4.02.5101,309,Pedido de Busca e Apreensão Criminal,"Busca e Apreensão de Bens; Corrupção passiva ; Crimes de &quot;Lavagem&quot; ou Ocultação de Bens, Direitos ou Valores",2020-03-05,2026-09-15T22:52:11.920000Z,61,G1,Eletrônico,https://eproc.jfrj.jus.br/eproc/externo_controlador.php?acao=processo_consulta_publica
50137155420204025101,5013715-54.2020.4.02.5101,329,Seqüestro,"Corrupção passiva ; Crimes de &quot;Lavagem&quot; ou Ocultação de Bens, Direitos ou Valores; Indisponibilidade / Seqüestro de Bens",2020-03-05,2026-09-15T22:53:02.174000Z,190,G1,Eletrônico,https://eproc.jfrj.jus.br/eproc/externo_controlador.php?acao=processo_consulta_publica
05050472520204025101,0505047-25.2020.4.02.5101,326,Restituição de Coisas Apreendidas,Contravenções Penais,2020-03-05,2024-07-06T00:38:17.739000Z,2,G1,Eletrônico,https://eproc.jfrj.jus.br/eproc/externo_controlador.php?acao=processo_consulta_publica
50137909320204025101,5013790-93.2020.4.02.5101,283,Ação Penal - Procedimento Ordinário,Peculato,2020-03-05,2024-07-05T21:39:14.120000Z,35,G1,Eletrônico,https://eproc.jfrj.jus.br/eproc/externo_controlador.php?acao=processo_consulta_publica
00004576220204025101,0000457-62.2020.4.02.5101,327,Embargos de Terceiro Criminal,Contravenções Penais,2020-03-06,2024-07-05T23:48:16.085000Z,3,G1,Eletrônico,https://eproc.jfrj.jus.br/eproc/externo_controlador.php?acao=processo_consulta_publica
50138697220204025101,5013869-72.2020.4.02.5101,1727,Petição Criminal,Corrupção passiva ; Indisponibilidade / Seqüestro de Bens,2020-03-06,2024-07-05T21:38:27.756000Z,6,G1,Eletrônico,https://eproc.jfrj.jus.br/eproc/externo_controlador.php?acao=processo_consulta_publica
50146015320204025101,5014601-53.2020.4.02.5101,11955,Cautelar Inominada Criminal,Crimes Previstos na Legislação Extravagante,2020-03-10,2024-09-26T21:04:11.800000Z,50,G1,Eletrônico,https://eproc.jfrj.jus.br/eproc/externo_controlador.php?acao=processo_consulta_publica
05050481020204025101,0505048-10.2020.4.02.5101,327,Embargos de Terceiro Criminal,"Crimes de &quot;Lavagem&quot; ou Ocultação de Bens, Direitos ou Valores",2020-03-10,2024-07-06T00:38:01.508000Z,5,G1,Eletrônico,https://eproc.jfrj.jus.br/eproc/externo_controlador.php?acao=processo_consulta_publica
50149652520204025101,5014965-25.2020.4.02.5101,1727,Petição Criminal,"Crimes de &quot;Lavagem&quot; ou Ocultação de Bens, Direitos ou Valores; Indisponibilidade / Seqüestro de Bens",2020-03-11,2024-07-05T21:39:16.206000Z,7,G1,Eletrônico,https://eproc.jfrj.jus.br/eproc/externo_controlador.php?acao=processo_consulta_publica
50008784320204025108,5000878-43.2020.4.02.5108,283,Ação Penal - Procedimento Ordinário,Crimes contra o Meio Ambiente e o Patrimônio Genético,2020-03-11,2026-06-13T14:15:57.614000Z,42,G1,Eletrônico,https://eproc.jfrj.jus.br/eproc/externo_controlador.php?acao=processo_consulta_publica
50153316420204025101,5015331-64.2020.4.02.5101,329,Seqüestro,"Corrupção passiva ; Crimes de &quot;Lavagem&quot; ou Ocultação de Bens, Direitos ou Valores",2020-03-12,2024-07-05T23:24:12.725000Z,43,G1,Eletrônico,https://eproc.jfrj.jus.br/eproc/externo_controlador.php?acao=processo_consulta_publica
05050610920204025101,0505061-09.2020.4.02.5101,326,Restituição de Coisas Apreendidas,"Crimes de &quot;Lavagem&quot; ou Ocultação de Bens, Direitos ou Valores",2020-03-13,2024-07-06T00:37:55.660000Z,8,G1,Eletrônico,https://eproc.jfrj.jus.br/eproc/externo_controlador.php?acao=processo_consulta_publica
50163466820204025101,5016346-68.2020.4.02.5101,283,Ação Penal - Procedimento Ordinário,Tráfico de Drogas e Condutas Afins,2020-03-16,2024-07-05T21:40:34.359000Z,26,G1,Eletrônico,https://eproc.jfrj.jus.br/eproc/externo_controlador.php?acao=processo_consulta_publica
50167009320204025101,5016700-93.2020.4.02.5101,11955,Cautelar Inominada Criminal,"Promoção, constituição, financiamento ou integração de Organização Criminosa",2020-03-17,2026-09-15T22:52:58.054000Z,76,G1,Eletrônico,https://eproc.jfrj.jus.br/eproc/externo_controlador.php?acao=processo_consulta_publica
50175046120204025101,5017504-61.2020.4.02.5101,355,Carta Precatória Criminal,Condicional do processo; Suspensão,2020-03-20,2026-07-15T06:40:11.500000Z,40,G1,Eletrônico,https://eproc.jfrj.jus.br/eproc/externo_controlador.php?acao=processo_consulta_publica
50175894720204025101,5017589-47.2020.4.02.5101,1733,Procedimento Investigatório Criminal (PIC-MP) ,Crimes Militares,2020-03-20,2024-07-05T21:42:39.207000Z,3,G1,Eletrônico,https://eproc.jfrj.jus.br/eproc/externo_controlador.php?acao=processo_consulta_publica
50180172920204025101,5018017-29.2020.4.02.5101,283,Ação Penal - Procedimento Ordinário,Contrabando ou descaminho ,2020-03-23,2024-07-05T21:43:11.844000Z,21,G1,Eletrônico,https://eproc.jfrj.jus.br/eproc/externo_controlador.php?acao=processo_consulta_publica
00006030620204025101,0000603-06.2020.4.02.5101,327,Embargos de Terceiro Criminal,"Crimes de &quot;Lavagem&quot; ou Ocultação de Bens, Direitos ou Valores",2020-03-25,2024-07-06T00:36:29.347000Z,3,G1,Eletrônico,https://eproc.jfrj.jus.br/eproc/externo_controlador.php?acao=processo_consulta_publica
50186608420204025101,5018660-84.2020.4.02.5101,241,Petição Cível,Corrupção passiva ,2020-03-25,2024-07-05T21:40:10.500000Z,6,G1,Eletrônico,https://eproc.jfrj.jus.br/eproc/externo_controlador.php?acao=processo_consulta_publica
50186616920204025101,5018661-69.2020.4.02.5101,241,Petição Cível,Corrupção passiva ,2020-03-25,2024-07-05T21:43:25.835000Z,6,G1,Eletrônico,https://eproc.jfrj.jus.br/eproc/externo_controlador.php?acao=processo_consulta_publica
50189336320204025101,5018933-63.2020.4.02.5101,1727,Petição Criminal,"Crimes de &quot;Lavagem&quot; ou Ocultação de Bens, Direitos ou Valores",2020-03-26,2024-07-05T21:39:09.227000Z,6,G1,Eletrônico,https://eproc.jfrj.jus.br/eproc/externo_controlador.php?acao=processo_consulta_publica
50194576020204025101,5019457-60.2020.4.02.5101,326,Restituição de Coisas Apreendidas,Corrupção passiva ,2020-03-27,2024-07-05T23:24:37.720000Z,12,G1,Eletrônico,https://eproc.jfrj.jus.br/eproc/externo_controlador.php?acao=processo_consulta_publica
50196221020204025101,5019622-10.2020.4.02.5101,355,Carta Precatória Criminal,Condicional do processo; Suspensão,2020-03-30,2024-07-05T21:43:45.036000Z,8,G1,Eletrônico,https://eproc.jfrj.jus.br/eproc/externo_controlador.php?acao=processo_consulta_publica
50200837920204025101,5020083-79.2020.4.02.5101,241,Petição Cível,"Crimes de &quot;Lavagem&quot; ou Ocultação de Bens, Direitos ou Valores",2020-03-31,2024-07-05T22:15:48.189000Z,6,G1,Eletrônico,https://eproc.jfrj.jus.br/eproc/externo_controlador.php?acao=processo_consulta_publica
50204691220204025101,5020469-12.2020.4.02.5101,241,Petição Cível,"Crimes de &quot;Lavagem&quot; ou Ocultação de Bens, Direitos ou Valores",2020-04-01,2024-07-05T22:15:32.488000Z,6,G1,Eletrônico,https://eproc.jfrj.jus.br/eproc/externo_controlador.php?acao=processo_consulta_publica
50204717920204025101,5020471-79.2020.4.02.5101,241,Petição Cível,"Crimes de &quot;Lavagem&quot; ou Ocultação de Bens, Direitos ou Valores",2020-04-01,2024-07-05T21:44:37.059000Z,6,G1,Eletrônico,https://eproc.jfrj.jus.br/eproc/externo_controlador.php?acao=processo_consulta_publica
50216062920204025101,5021606-29.2020.4.02.5101,1727,Petição Criminal,Corrupção passiva ,2020-04-07,2025-03-13T20:32:22.892000Z,6,G1,Eletrônico,https://eproc.jfrj.jus.br/eproc/externo_controlador.php?acao=processo_consulta_publica
50226386920204025101,5022638-69.2020.4.02.5101,279,Inquérito Policial,Estelionato Majorado ,2020-04-15,2024-07-05T22:17:47.551000Z,5,G1,Eletrônico,https://eproc.jfrj.jus.br/eproc/externo_controlador.php?acao=processo_consulta_publica
50228214020204025101,5022821-40.2020.4.02.5101,1727,Petição Criminal,"Crimes de &quot;Lavagem&quot; ou Ocultação de Bens, Direitos ou Valores",2020-04-15,2024-07-05T21:41:03.047000Z,3,G1,Eletrônico,https://eproc.jfrj.jus.br/eproc/externo_controlador.php?acao=processo_consulta_publica
50229825020204025101,5022982-50.2020.4.02.5101,1733,Procedimento Investigatório Criminal (PIC-MP) ,Estelionato Majorado ,2020-04-16,2024-07-05T21:42:47.600000Z,3,G1,Eletrônico,https://eproc.jfrj.jus.br/eproc/externo_controlador.php?acao=processo_consulta_publica
50230682120204025101,5023068-21.2020.4.02.5101,1733,Procedimento Investigatório Criminal (PIC-MP) ,Falsificação de documento particular ; Uso de documento falso ,2020-04-16,2024-07-05T23:24:02.984000Z,3,G1,Eletrônico,https://eproc.jfrj.jus.br/eproc/externo_controlador.php?acao=processo_consulta_publica
50230708820204025101,5023070-88.2020.4.02.5101,283,Ação Penal - Procedimento Ordinário,Falsificação de documento particular ; Uso de documento falso ,2020-04-16,2024-07-05T22:15:35.063000Z,4,G1,Eletrônico,https://eproc.jfrj.jus.br/eproc/externo_controlador.php?acao=processo_consulta_publica
50234276820204025101,5023427-68.2020.4.02.5101,307,Habeas Corpus Criminal,Peculato; Prisão Decorrente de Sentença Condenatória,2020-04-19,2024-07-05T22:16:12.494000Z,4,G1,Eletrônico,https://eproc.jfrj.jus.br/eproc/externo_controlador.php?acao=processo_consulta_publica
50237792620204025101,5023779-26.2020.4.02.5101,279,Inquérito Policial,Falsificação de documento público; Uso de documento falso ,2020-04-22,2024-07-05T23:24:35.059000Z,3,G1,Eletrônico,https://eproc.jfrj.jus.br/eproc/externo_controlador.php?acao=processo_consulta_publica
50238546520204025101,5023854-65.2020.4.02.5101,1733,Procedimento Investigatório Criminal (PIC-MP) ,Contrabando ou descaminho ,2020-04-22,2024-07-05T21:44:00.764000Z,3,G1,Eletrônico,https://eproc.jfrj.jus.br/eproc/externo_controlador.php?acao=processo_consulta_publica
50242322120204025101,5024232-21.2020.4.02.5101,283,Ação Penal - Procedimento Ordinário,"Crimes contra o Sistema Financeiro Nacional; Crimes de &quot;Lavagem&quot; ou Ocultação de Bens, Direitos ou Valores",2020-04-24,2026-09-15T22:54:07.127000Z,58,G1,Eletrônico,https://eproc.jfrj.jus.br/eproc/externo_controlador.php?acao=processo_consulta_publica
00006671620204025101,0000667-16.2020.4.02.5101,326,Restituição de Coisas Apreendidas,Contravenções Penais,2020-04-27,2024-07-05T23:50:47.553000Z,2,G1,Eletrônico,https://eproc.jfrj.jus.br/eproc/externo_controlador.php?acao=processo_consulta_publica
50244331320204025101,5024433-13.2020.4.02.5101,326,Restituição de Coisas Apreendidas,"Crimes de &quot;Lavagem&quot; ou Ocultação de Bens, Direitos ou Valores",2020-04-27,2024-07-05T21:43:38.194000Z,15,G1,Eletrônico,https://eproc.jfrj.jus.br/eproc/externo_controlador.php?acao=processo_consulta_publica
50245240620204025101,5024524-06.2020.4.02.5101,1733,Procedimento Investigatório Criminal (PIC-MP) ,Estelionato,2020-04-27,2024-07-05T21:45:58.097000Z,3,G1,Eletrônico,https://eproc.jfrj.jus.br/eproc/externo_controlador.php?acao=processo_consulta_publica
50259141120204025101,5025914-11.2020.4.02.5101,326,Restituição de Coisas Apreendidas,"Crimes de &quot;Lavagem&quot; ou Ocultação de Bens, Direitos ou Valores",2020-04-29,2024-09-26T21:00:16.989000Z,29,G1,Eletrônico,https://eproc.jfrj.jus.br/eproc/externo_controlador.php?acao=processo_consulta_publica
50261393120204025101,5026139-31.2020.4.02.5101,1733,Procedimento Investigatório Criminal (PIC-MP) ,Estelionato Majorado ,2020-04-30,2024-07-05T21:45:58.730000Z,3,G1,Eletrônico,https://eproc.jfrj.jus.br/eproc/externo_controlador.php?acao=processo_consulta_publica
00006602420204025101,0000660-24.2020.4.02.5101,327,Embargos de Terceiro Criminal,"Crimes de &quot;Lavagem&quot; ou Ocultação de Bens, Direitos ou Valores",2020-05-02,2024-07-06T00:14:48.225000Z,5,G1,Eletrônico,https://eproc.jfrj.jus.br/eproc/externo_controlador.php?acao=processo_consulta_publica
00006610920204025101,0000661-09.2020.4.02.5101,327,Embargos de Terceiro Criminal,"Crimes de &quot;Lavagem&quot; ou Ocultação de Bens, Direitos ou Valores",2020-05-02,2024-07-06T00:12:30.891000Z,3,G1,Eletrônico,https://eproc.jfrj.jus.br/eproc/externo_controlador.php?acao=processo_consulta_publica
05050706820204025101,0505070-68.2020.4.02.5101,326,Restituição de Coisas Apreendidas,"Crimes de &quot;Lavagem&quot; ou Ocultação de Bens, Direitos ou Valores",2020-05-05,2024-07-06T00:37:56.583000Z,7,G1,Eletrônico,https://eproc.jfrj.jus.br/eproc/externo_controlador.php?acao=processo_consulta_publica
05050723820204025101,0505072-38.2020.4.02.5101,241,Petição Cível,"Crimes de &quot;Lavagem&quot; ou Ocultação de Bens, Direitos ou Valores",2020-05-05,2024-07-06T00:38:13.802000Z,10,G1,Eletrônico,https://eproc.jfrj.jus.br/eproc/externo_controlador.php?acao=processo_consulta_publica
05050732320204025101,0505073-23.2020.4.02.5101,326,Restituição de Coisas Apreendidas,"Crimes de &quot;Lavagem&quot; ou Ocultação de Bens, Direitos ou Valores",2020-05-05,2024-07-06T00:38:14.046000Z,5,G1,Eletrônico,https://eproc.jfrj.jus.br/eproc/externo_controlador.php?acao=processo_consulta_publica
05050740820204025101,0505074-08.2020.4.02.5101,326,Restituição de Coisas Apreendidas,"Crimes de &quot;Lavagem&quot; ou Ocultação de Bens, Direitos ou Valores",2020-05-05,2024-07-06T00:39:06.486000Z,12,G1,Eletrônico,https://eproc.jfrj.jus.br/eproc/externo_controlador.php?acao=processo_consulta_publica
50267958520204025101,5026795-85.2020.4.02.5101,1733,Procedimento Investigatório Criminal (PIC-MP) ,Crimes contra a Ordem Tributária,2020-05-05,2024-07-05T22:16:52.486000Z,3,G1,Eletrônico,https://eproc.jfrj.jus.br/eproc/externo_controlador.php?acao=processo_consulta_publica
50269213820204025101,5026921-38.2020.4.02.5101,283,Ação Penal - Procedimento Ordinário,Peculato,2020-05-05,2026-06-13T14:12:28.966000Z,26,G1,Eletrônico,https://eproc.jfrj.jus.br/eproc/externo_controlador.php?acao=processo_consulta_publica
50271717120204025101,5027171-71.2020.4.02.5101,326,Restituição de Coisas Apreendidas,Busca e Apreensão de Bens; Corrupção passiva ,2020-05-06,2024-07-05T22:17:00.106000Z,6,G1,Eletrônico,https://eproc.jfrj.jus.br/eproc/externo_controlador.php?acao=processo_consulta_publica
05050801520204025101,0505080-15.2020.4.02.5101,326,Restituição de Coisas Apreendidas,Contravenções Penais,2020-05-07,2024-07-06T00:39:01.679000Z,2,G1,Eletrônico,https://eproc.jfrj.jus.br/eproc/externo_controlador.php?acao=processo_consulta_publica
05050819720204025101,0505081-97.2020.4.02.5101,1727,Petição Criminal,"Crimes de &quot;Lavagem&quot; ou Ocultação de Bens, Direitos ou Valores",2020-05-07,2024-07-06T00:37:33.477000Z,9,G1,Eletrônico,https://eproc.jfrj.jus.br/eproc/externo_controlador.php?acao=processo_consulta_publica
50276064520204025101,5027606-45.2020.4.02.5101,241,Petição Cível,"Crimes de &quot;Lavagem&quot; ou Ocultação de Bens, Direitos ou Valores",2020-05-08,2024-07-05T22:17:35.343000Z,8,G1,Eletrônico,https://eproc.jfrj.jus.br/eproc/externo_controlador.php?acao=processo_consulta_publica
50276081520204025101,5027608-15.2020.4.02.5101,241,Petição Cível,"Crimes de &quot;Lavagem&quot; ou Ocultação de Bens, Direitos ou Valores",2020-05-08,2024-07-05T21:46:10.772000Z,6,G1,Eletrônico,https://eproc.jfrj.jus.br/eproc/externo_controlador.php?acao=processo_consulta_publica
50279485620204025101,5027948-56.2020.4.02.5101,1733,Procedimento Investigatório Criminal (PIC-MP) ,Estelionato Majorado ,2020-05-11,2024-07-05T21:44:59.284000Z,3,G1,Eletrônico,https://eproc.jfrj.jus.br/eproc/externo_controlador.php?acao=processo_consulta_publica
50283876720204025101,5028387-67.2020.4.02.5101,1727,Petição Criminal,"Crimes de &quot;Lavagem&quot; ou Ocultação de Bens, Direitos ou Valores",2020-05-13,2024-07-05T22:18:20.327000Z,12,G1,Eletrônico,https://eproc.jfrj.jus.br/eproc/externo_controlador.php?acao=processo_consulta_publica
05050845220204025101,0505084-52.2020.4.02.5101,326,Restituição de Coisas Apreendidas,"Crimes de &quot;Lavagem&quot; ou Ocultação de Bens, Direitos ou Valores",2020-05-13,2024-07-06T00:38:36.709000Z,7,G1,Eletrônico,https://eproc.jfrj.jus.br/eproc/externo_controlador.php?acao=processo_consulta_publica
05050853720204025101,0505085-37.2020.4.02.5101,326,Restituição de Coisas Apreendidas,"Crimes de &quot;Lavagem&quot; ou Ocultação de Bens, Direitos ou Valores",2020-05-13,2024-07-06T00:37:35.018000Z,9,G1,Eletrônico,https://eproc.jfrj.jus.br/eproc/externo_controlador.php?acao=processo_consulta_publica
05050862220204025101,0505086-22.2020.4.02.5101,1727,Petição Criminal,"Crimes de &quot;Lavagem&quot; ou Ocultação de Bens, Direitos ou Valores",2020-05-13,2024-07-06T00:37:17.641000Z,8,G1,Eletrônico,https://eproc.jfrj.jus.br/eproc/externo_controlador.php?acao=processo_consulta_publica
00008230420204025101,0000823-04.2020.4.02.5101,327,Embargos de Terceiro Criminal,"Crimes de &quot;Lavagem&quot; ou Ocultação de Bens, Direitos ou Valores",2020-05-14,2024-07-06T00:16:56.358000Z,8,G1,Eletrônico,https://eproc.jfrj.jus.br/eproc/externo_controlador.php?acao=processo_consulta_publica
50293004920204025101,5029300-49.2020.4.02.5101,1733,Procedimento Investigatório Criminal (PIC-MP) ,Crimes contra a Ordem Tributária,2020-05-18,2024-07-05T21:44:52.083000Z,3,G1,Eletrônico,https://eproc.jfrj.jus.br/eproc/externo_controlador.php?acao=processo_consulta_publica
50295290920204025101,5029529-09.2020.4.02.5101,1733,Procedimento Investigatório Criminal (PIC-MP) ,Contrabando ou descaminho ,2020-05-19,2024-07-05T22:15:16.448000Z,3,G1,Eletrônico,https://eproc.jfrj.jus.br/eproc/externo_controlador.php?acao=processo_consulta_publica
50298487420204025101,5029848-74.2020.4.02.5101,1717,Alienação de Bens do Acusado,"Crimes de &quot;Lavagem&quot; ou Ocultação de Bens, Direitos ou Valores",2020-05-20,2026-09-15T22:53:38.659000Z,99,G1,Eletrônico,https://eproc.jfrj.jus.br/eproc/externo_controlador.php?acao=processo_consulta_publica
50301353720204025101,5030135-37.2020.4.02.5101,1733,Procedimento Investigatório Criminal (PIC-MP) ,Homicídio Simples,2020-05-21,2024-07-05T21:45:24.910000Z,3,G1,Eletrônico,https://eproc.jfrj.jus.br/eproc/externo_controlador.php?acao=processo_consulta_publica
50302973220204025101,5030297-32.2020.4.02.5101,1733,Procedimento Investigatório Criminal (PIC-MP) ,Facilitação de contrabando ou descaminho ,2020-05-22,2024-07-05T22:13:21.703000Z,7,G1,Eletrônico,https://eproc.jfrj.jus.br/eproc/externo_controlador.php?acao=processo_consulta_publica
50303233020204025101,5030323-30.2020.4.02.5101,1717,Alienação de Bens do Acusado,"Crimes de &quot;Lavagem&quot; ou Ocultação de Bens, Direitos ou Valores",2020-05-22,2024-07-05T22:18:31.488000Z,15,G1,Eletrônico,https://eproc.jfrj.jus.br/eproc/externo_controlador.php?acao=processo_consulta_publica
50307182220204025101,5030718-22.2020.4.02.5101,1717,Alienação de Bens do Acusado,"Crimes de &quot;Lavagem&quot; ou Ocultação de Bens, Direitos ou Valores",2020-05-25,2025-09-13T14:50:47.670000Z,36,G1,Eletrônico,https://eproc.jfrj.jus.br/eproc/externo_controlador.php?acao=processo_consulta_publica
50307615620204025101,5030761-56.2020.4.02.5101,1733,Procedimento Investigatório Criminal (PIC-MP) ,Estelionato Majorado ,2020-05-25,2024-07-05T22:16:13.455000Z,5,G1,Eletrônico,https://eproc.jfrj.jus.br/eproc/externo_controlador.php?acao=processo_consulta_publica
50310326520204025101,5031032-65.2020.4.02.5101,1733,Procedimento Investigatório Criminal (PIC-MP) ,Apropriação indébita,2020-05-26,2024-07-05T22:17:28.436000Z,3,G1,Eletrônico,https://eproc.jfrj.jus.br/eproc/externo_controlador.php?acao=processo_consulta_publica
50312145120204025101,5031214-51.2020.4.02.5101,1717,Alienação de Bens do Acusado,"Crimes de &quot;Lavagem&quot; ou Ocultação de Bens, Direitos ou Valores",2020-05-27,2024-07-05T22:17:11.694000Z,3,G1,Eletrônico,https://eproc.jfrj.jus.br/eproc/externo_controlador.php?acao=processo_consulta_publica
05050870720204025101,0505087-07.2020.4.02.5101,320,Exceção de Litispendência,"Crimes de &quot;Lavagem&quot; ou Ocultação de Bens, Direitos ou Valores",2020-05-27,2024-07-06T00:38:03.445000Z,4,G1,Eletrônico,https://eproc.jfrj.jus.br/eproc/externo_controlador.php?acao=processo_consulta_publica
50313565520204025101,5031356-55.2020.4.02.5101,283,Ação Penal - Procedimento Ordinário,Inserção de dados falsos em sistema de informações ,2020-05-27,2024-07-05T22:17:00.706000Z,25,G1,Eletrônico,https://eproc.jfrj.jus.br/eproc/externo_controlador.php?acao=processo_consulta_publica
50334706420204025101,5033470-64.2020.4.02.5101,1733,Procedimento Investigatório Criminal (PIC-MP) ,Estelionato Majorado ,2020-06-03,2024-07-05T22:17:19.374000Z,4,G1,Eletrônico,https://eproc.jfrj.jus.br/eproc/externo_controlador.php?acao=processo_consulta_publica
50337382120204025101,5033738-21.2020.4.02.5101,1733,Procedimento Investigatório Criminal (PIC-MP) ,Contrabando ou descaminho ,2020-06-04,2024-07-05T22:16:35.502000Z,3,G1,Eletrônico,https://eproc.jfrj.jus.br/eproc/externo_controlador.php?acao=processo_consulta_publica
50340283620204025101,5034028-36.2020.4.02.5101,319,Exceção de Incompetência de Juízo,"Crimes de &quot;Lavagem&quot; ou Ocultação de Bens, Direitos ou Valores",2020-06-05,2024-07-05T22:18:08.236000Z,3,G1,Eletrônico,https://eproc.jfrj.jus.br/eproc/externo_controlador.php?acao=processo_consulta_publica
50340327320204025101,5034032-73.2020.4.02.5101,319,Exceção de Incompetência de Juízo,"Crimes de &quot;Lavagem&quot; ou Ocultação de Bens, Direitos ou Valores",2020-06-05,2024-07-05T22:16:19.363000Z,6,G1,Eletrônico,https://eproc.jfrj.jus.br/eproc/externo_controlador.php?acao=processo_consulta_publica
50017575020204025108,5001757-50.2020.4.02.5108,309,Pedido de Busca e Apreensão Criminal,Advocacia administrativa ; Concussão ; Peculato; Prevaricação; Quadrilha ou Bando,2020-06-08,2026-07-15T06:40:46.780000Z,114,G1,Eletrônico,https://eproc.jfrj.jus.br/eproc/externo_controlador.php?acao=processo_consulta_publica
50344050720204025101,5034405-07.2020.4.02.5101,319,Exceção de Incompetência de Juízo,"Crimes de &quot;Lavagem&quot; ou Ocultação de Bens, Direitos ou Valores",2020-06-08,2024-07-05T22:18:33.082000Z,2,G1,Eletrônico,https://eproc.jfrj.jus.br/eproc/externo_controlador.php?acao=processo_consulta_publica
50346225020204025101,5034622-50.2020.4.02.5101,319,Exceção de Incompetência de Juízo,"Crimes de &quot;Lavagem&quot; ou Ocultação de Bens, Direitos ou Valores",2020-06-09,2024-07-05T23:24:17.640000Z,3,G1,Eletrônico,https://eproc.jfrj.jus.br/eproc/externo_controlador.php?acao=processo_consulta_publica
50352503920204025101,5035250-39.2020.4.02.5101,1733,Procedimento Investigatório Criminal (PIC-MP) ,Estelionato,2020-06-12,2024-07-05T22:16:20.749000Z,3,G1,Eletrônico,https://eproc.jfrj.jus.br/eproc/externo_controlador.php?acao=processo_consulta_publica
50353456920204025101,5035345-69.2020.4.02.5101,1733,Procedimento Investigatório Criminal (PIC-MP) ,Peculato,2020-06-12,2024-07-05T23:23:55.959000Z,3,G1,Eletrônico,https://eproc.jfrj.jus.br/eproc/externo_controlador.php?acao=processo_consulta_publica
50355370220204025101,5035537-02.2020.4.02.5101,1727,Petição Criminal,Corrupção ativa ; Indisponibilidade / Seqüestro de Bens,2020-06-15,2024-07-05T22:18:00.244000Z,6,G1,Eletrônico,https://eproc.jfrj.jus.br/eproc/externo_controlador.php?acao=processo_consulta_publica
50355535320204025101,5035553-53.2020.4.02.5101,279,Inquérito Policial,Estelionato,2020-06-15,2024-07-05T23:24:23.057000Z,4,G1,Eletrônico,https://eproc.jfrj.jus.br/eproc/externo_controlador.php?acao=processo_consulta_publica
50356366920204025101,5035636-69.2020.4.02.5101,1727,Petição Criminal,"Crimes de &quot;Lavagem&quot; ou Ocultação de Bens, Direitos ou Valores",2020-06-15,2024-07-05T22:16:56.687000Z,7,G1,Eletrônico,https://eproc.jfrj.jus.br/eproc/externo_controlador.php?acao=processo_consulta_publica
50356444620204025101,5035644-46.2020.4.02.5101,1727,Petição Criminal,"Crimes de &quot;Lavagem&quot; ou Ocultação de Bens, Direitos ou Valores",2020-06-15,2024-07-05T22:16:59.251000Z,7,G1,Eletrônico,https://eproc.jfrj.jus.br/eproc/externo_controlador.php?acao=processo_consulta_publica
50359051120204025101,5035905-11.2020.4.02.5101,283,Ação Penal - Procedimento Ordinário,Estelionato Majorado ,2020-06-16,2024-07-05T22:17:03.335000Z,28,G1,Eletrônico,https://eproc.jfrj.jus.br/eproc/externo_controlador.php?acao=processo_consulta_publica
00009962820204025101,0000996-28.2020.4.02.5101,327,Embargos de Terceiro Criminal,"Crimes de &quot;Lavagem&quot; ou Ocultação de Bens, Direitos ou Valores",2020-06-18,2024-07-06T00:38:33.249000Z,8,G1,Eletrônico,https://eproc.jfrj.jus.br/eproc/externo_controlador.php?acao=processo_consulta_publica
50365122420204025101,5036512-24.2020.4.02.5101,327,Embargos de Terceiro Criminal,"Crimes de &quot;Lavagem&quot; ou Ocultação de Bens, Direitos ou Valores",2020-06-18,2024-07-05T22:16:53.401000Z,5,G1,Eletrônico,https://eproc.jfrj.jus.br/eproc/externo_controlador.php?acao=processo_consulta_publica
50365183120204025101,5036518-31.2020.4.02.5101,327,Embargos de Terceiro Criminal,"Crimes de &quot;Lavagem&quot; ou Ocultação de Bens, Direitos ou Valores",2020-06-18,2024-07-05T22:16:56.353000Z,6,G1,Eletrônico,https://eproc.jfrj.jus.br/eproc/externo_controlador.php?acao=processo_consulta_publica
50365209820204025101,5036520-98.2020.4.02.5101,327,Embargos de Terceiro Criminal,"Crimes de &quot;Lavagem&quot; ou Ocultação de Bens, Direitos ou Valores",2020-06-18,2024-07-05T22:19:04.271000Z,9,G1,Eletrônico,https://eproc.jfrj.jus.br/eproc/externo_controlador.php?acao=processo_consulta_publica
50365304520204025101,5036530-45.2020.4.02.5101,327,Embargos de Terceiro Criminal,"Crimes de &quot;Lavagem&quot; ou Ocultação de Bens, Direitos ou Valores",2020-06-18,2024-07-05T22:16:07.386000Z,6,G1,Eletrônico,https://eproc.jfrj.jus.br/eproc/externo_controlador.php?acao=processo_consulta_publica
50365339720204025101,5036533-97.2020.4.02.5101,327,Embargos de Terceiro Criminal,"Crimes de &quot;Lavagem&quot; ou Ocultação de Bens, Direitos ou Valores",2020-06-18,2024-07-05T22:18:13.740000Z,4,G1,Eletrônico,https://eproc.jfrj.jus.br/eproc/externo_controlador.php?acao=processo_consulta_publica
50365356720204025101,5036535-67.2020.4.02.5101,327,Embargos de Terceiro Criminal,"Crimes de &quot;Lavagem&quot; ou Ocultação de Bens, Direitos ou Valores",2020-06-18,2024-07-05T22:16:49.978000Z,6,G1,Eletrônico,https://eproc.jfrj.jus.br/eproc/externo_controlador.php?acao=processo_consulta_publica
50366387420204025101,5036638-74.2020.4.02.5101,241,Petição Cível,Corrupção passiva ,2020-06-19,2024-07-05T22:16:36.973000Z,6,G1,Eletrônico,https://eproc.jfrj.jus.br/eproc/externo_controlador.php?acao=processo_consulta_publica
50366768620204025101,5036676-86.2020.4.02.5101,241,Petição Cível,"Crimes de &quot;Lavagem&quot; ou Ocultação de Bens, Direitos ou Valores",2020-06-19,2024-07-05T22:18:23.127000Z,6,G1,Eletrônico,https://eproc.jfrj.jus.br/eproc/externo_controlador.php?acao=processo_consulta_publica
50370709320204025101,5037070-93.2020.4.02.5101,313,Pedido de Prisão Preventiva,Corrupção passiva ,2020-06-22,2024-07-05T22:18:17.527000Z,8,G1,Eletrônico,https://eproc.jfrj.jus.br/eproc/externo_controlador.php?acao=processo_consulta_publica
50018926220204025108,5001892-62.2020.4.02.5108,279,Inquérito Policial,Estelionato Majorado ; Inserção de dados falsos em sistema de informações ,2020-06-22,2024-07-05T23:23:17.541000Z,8,G1,Eletrônico,https://eproc.jfrj.jus.br/eproc/externo_controlador.php?acao=processo_consulta_publica
50377776120204025101,5037777-61.2020.4.02.5101,283,Ação Penal - Procedimento Ordinário,"""Lavagem"" ou Ocultação de Bens, Direitos ou Valores Oriundos de Corrupção; Corrupção passiva ",2020-06-24,2025-04-14T14:26:59.346000Z,49,G1,Eletrônico,https://eproc.jfrj.jus.br/eproc/externo_controlador.php?acao=processo_consulta_publica
50379092120204025101,5037909-21.2020.4.02.5101,320,Exceção de Litispendência,"Crimes de &quot;Lavagem&quot; ou Ocultação de Bens, Direitos ou Valores",2020-06-25,2024-07-05T22:16:48.525000Z,5,G1,Eletrônico,https://eproc.jfrj.jus.br/eproc/externo_controlador.php?acao=processo_consulta_publica
50379975920204025101,5037997-59.2020.4.02.5101,279,Inquérito Policial,"Corrupção ativa ; Corrupção passiva ; Crimes de &quot;Lavagem&quot; ou Ocultação de Bens, Direitos ou Valores",2020-06-25,2026-07-15T06:36:48.015000Z,16,G1,Eletrônico,https://eproc.jfrj.jus.br/eproc/externo_controlador.php?acao=processo_consulta_publica
50381907420204025101,5038190-74.2020.4.02.5101,283,Ação Penal - Procedimento Ordinário,Tráfico de Drogas e Condutas Afins,2020-06-25,2024-07-05T22:17:48.054000Z,18,G1,Eletrônico,https://eproc.jfrj.jus.br/eproc/externo_controlador.php?acao=processo_consulta_publica
50382219420204025101,5038221-94.2020.4.02.5101,1727,Petição Criminal,"Crimes de &quot;Lavagem&quot; ou Ocultação de Bens, Direitos ou Valores; Prisão Temporária",2020-06-25,2024-07-05T22:17:58.132000Z,7,G1,Eletrônico,https://eproc.jfrj.jus.br/eproc/externo_controlador.php?acao=processo_consulta_publica
50390775820204025101,5039077-58.2020.4.02.5101,355,Carta Precatória Criminal,Suspensão,2020-06-30,2024-07-05T22:16:51.266000Z,41,G1,Eletrônico,https://eproc.jfrj.jus.br/eproc/externo_controlador.php?acao=processo_consulta_publica
50395617320204025101,5039561-73.2020.4.02.5101,1727,Petição Criminal,"Crimes de &quot;Lavagem&quot; ou Ocultação de Bens, Direitos ou Valores",2020-07-01,2024-07-05T22:16:50.662000Z,6,G1,Eletrônico,https://eproc.jfrj.jus.br/eproc/externo_controlador.php?acao=processo_consulta_publica
50398276020204025101,5039827-60.2020.4.02.5101,320,Exceção de Litispendência,"Corrupção passiva ; Crimes de &quot;Lavagem&quot; ou Ocultação de Bens, Direitos ou Valores",2020-07-02,2024-07-05T22:18:46.494000Z,3,G1,Eletrônico,https://eproc.jfrj.jus.br/eproc/externo_controlador.php?acao=processo_consulta_publica
05050914420204025101,0505091-44.2020.4.02.5101,326,Restituição de Coisas Apreendidas,"Crimes de &quot;Lavagem&quot; ou Ocultação de Bens, Direitos ou Valores",2020-07-02,2024-07-06T00:39:03.173000Z,8,G1,Eletrônico,https://eproc.jfrj.jus.br/eproc/externo_controlador.php?acao=processo_consulta_publica
50399981720204025101,5039998-17.2020.4.02.5101,1727,Petição Criminal,Corrupção passiva ,2020-07-03,2024-10-18T10:05:30.621000Z,7,G1,Eletrônico,https://eproc.jfrj.jus.br/eproc/externo_controlador.php?acao=processo_consulta_publica
50404814720204025101,5040481-47.2020.4.02.5101,241,Petição Cível,"Crimes de &quot;Lavagem&quot; ou Ocultação de Bens, Direitos ou Valores",2020-07-06,2024-07-05T22:18:27.117000Z,6,G1,Eletrônico,https://eproc.jfrj.jus.br/eproc/externo_controlador.php?acao=processo_consulta_publica
50406989020204025101,5040698-90.2020.4.02.5101,241,Petição Cível,"Crimes de &quot;Lavagem&quot; ou Ocultação de Bens, Direitos ou Valores",2020-07-07,2024-07-05T22:18:22.401000Z,6,G1,Eletrônico,https://eproc.jfrj.jus.br/eproc/externo_controlador.php?acao=processo_consulta_publica
50407439420204025101,5040743-94.2020.4.02.5101,1727,Petição Criminal,"Busca e Apreensão de Bens; Corrupção passiva ; Crimes de &quot;Lavagem&quot; ou Ocultação de Bens, Direitos ou Valores",2020-07-07,2024-07-05T22:19:21.914000Z,9,G1,Eletrônico,https://eproc.jfrj.jus.br/eproc/externo_controlador.php?acao=processo_consulta_publica
50407508620204025101,5040750-86.2020.4.02.5101,1727,Petição Criminal,"Crimes de &quot;Lavagem&quot; ou Ocultação de Bens, Direitos ou Valores",2020-07-07,2024-07-05T22:19:06.530000Z,6,G1,Eletrônico,https://eproc.jfrj.jus.br/eproc/externo_controlador.php?acao=processo_consulta_publica
50410175820204025101,5041017-58.2020.4.02.5101,1727,Petição Criminal,"Crimes de &quot;Lavagem&quot; ou Ocultação de Bens, Direitos ou Valores",2020-07-08,2026-09-15T22:53:48.947000Z,4,G1,Eletrônico,https://eproc.jfrj.jus.br/eproc/externo_controlador.php?acao=processo_consulta_publica
50414809720204025101,5041480-97.2020.4.02.5101,1733,Procedimento Investigatório Criminal (PIC-MP) ,Estelionato,2020-07-10,2024-07-05T22:19:35.652000Z,6,G1,Eletrônico,https://eproc.jfrj.jus.br/eproc/externo_controlador.php?acao=processo_consulta_publica
50415103520204025101,5041510-35.2020.4.02.5101,1727,Petição Criminal,Estelionato; Fiança,2020-07-10,2024-07-05T22:16:55.027000Z,24,G1,Eletrônico,https://eproc.jfrj.jus.br/eproc/externo_controlador.php?acao=processo_consulta_publica
50415614620204025101,5041561-46.2020.4.02.5101,1727,Petição Criminal,"Crimes de &quot;Lavagem&quot; ou Ocultação de Bens, Direitos ou Valores",2020-07-10,2024-07-05T22:19:03.541000Z,6,G1,Eletrônico,https://eproc.jfrj.jus.br/eproc/externo_controlador.php?acao=processo_consulta_publica
50420326220204025101,5042032-62.2020.4.02.5101,326,Restituição de Coisas Apreendidas,"Busca e Apreensão de Bens; Crimes de &quot;Lavagem&quot; ou Ocultação de Bens, Direitos ou Valores",2020-07-13,2024-07-05T22:18:38.590000Z,14,G1,Eletrônico,https://eproc.jfrj.jus.br/eproc/externo_controlador.php?acao=processo_consulta_publica
50426648820204025101,5042664-88.2020.4.02.5101,283,Ação Penal - Procedimento Ordinário,Crimes contra a Ordem Tributária,2020-07-15,2026-08-20T23:20:49.595000Z,48,G1,Eletrônico,https://eproc.jfrj.jus.br/eproc/externo_controlador.php?acao=processo_consulta_publica
50427757220204025101,5042775-72.2020.4.02.5101,1727,Petição Criminal,Corrupção ativa ,2020-07-16,2024-11-13T21:33:40.650000Z,6,G1,Eletrônico,https://eproc.jfrj.jus.br/eproc/externo_controlador.php?acao=processo_consulta_publica
50428268320204025101,5042826-83.2020.4.02.5101,329,Seqüestro,Corrupção passiva ; Peculato,2020-07-16,2026-01-12T22:37:31.932000Z,26,G1,Eletrônico,https://eproc.jfrj.jus.br/eproc/externo_controlador.php?acao=processo_consulta_publica
50440652520204025101,5044065-25.2020.4.02.5101,37,Embargos de Terceiro Cível,Intervenção de Terceiros ; Propriedade,2020-07-22,2024-07-05T22:17:51.449000Z,8,G1,Eletrônico,https://eproc.jfrj.jus.br/eproc/externo_controlador.php?acao=processo_consulta_publica
50459203920204025101,5045920-39.2020.4.02.5101,241,Petição Cível,"Crimes de &quot;Lavagem&quot; ou Ocultação de Bens, Direitos ou Valores",2020-07-29,2024-07-05T22:19:11.694000Z,3,G1,Eletrônico,https://eproc.jfrj.jus.br/eproc/externo_controlador.php?acao=processo_consulta_publica
50459299820204025101,5045929-98.2020.4.02.5101,326,Restituição de Coisas Apreendidas,"""Lavagem"" ou Ocultação de Bens, Direitos ou Valores Oriundos de Corrupção; Busca e Apreensão de Bens",2020-07-29,2024-07-05T22:19:18.540000Z,21,G1,Eletrônico,https://eproc.jfrj.jus.br/eproc/externo_controlador.php?acao=processo_consulta_publica
50461031020204025101,5046103-10.2020.4.02.5101,279,Inquérito Policial,Crimes contra o Sistema Financeiro Nacional,2020-07-29,2026-09-15T22:53:40.853000Z,20,G1,Eletrônico,https://eproc.jfrj.jus.br/eproc/externo_controlador.php?acao=processo_consulta_publica
50465266720204025101,5046526-67.2020.4.02.5101,327,Embargos de Terceiro Criminal,Corrupção passiva ; Crimes ocorridos na investigação da prova; Indisponibilidade / Seqüestro de Bens,2020-07-31,2024-07-05T22:17:46.044000Z,6,G1,Eletrônico,https://eproc.jfrj.jus.br/eproc/externo_controlador.php?acao=processo_consulta_publica
50466063120204025101,5046606-31.2020.4.02.5101,327,Embargos de Terceiro Criminal,Fato Atípico,2020-07-31,2024-07-05T22:19:06.883000Z,7,G1,Eletrônico,https://eproc.jfrj.jus.br/eproc/externo_controlador.php?acao=processo_consulta_publica
50479929620204025101,5047992-96.2020.4.02.5101,241,Petição Cível,"Crimes de &quot;Lavagem&quot; ou Ocultação de Bens, Direitos ou Valores",2020-08-06,2024-07-05T22:19:39.647000Z,3,G1,Eletrônico,https://eproc.jfrj.jus.br/eproc/externo_controlador.php?acao=processo_consulta_publica
50479938120204025101,5047993-81.2020.4.02.5101,37,Embargos de Terceiro Cível,Compra e Venda,2020-08-06,2024-07-05T23:24:39.066000Z,7,G1,Eletrônico,https://eproc.jfrj.jus.br/eproc/externo_controlador.php?acao=processo_consulta_publica
50482033520204025101,5048203-35.2020.4.02.5101,1727,Petição Criminal,Corrupção ativa ,2020-08-06,2024-07-05T22:18:00.010000Z,6,G1,Eletrônico,https://eproc.jfrj.jus.br/eproc/externo_controlador.php?acao=processo_consulta_publica
50487689620204025101,5048768-96.2020.4.02.5101,326,Restituição de Coisas Apreendidas,Busca e Apreensão de Bens; Corrupção passiva ; Crimes ocorridos na investigação da prova,2020-08-10,2024-07-05T22:18:39.447000Z,7,G1,Eletrônico,https://eproc.jfrj.jus.br/eproc/externo_controlador.php?acao=processo_consulta_publica
50490339820204025101,5049033-98.2020.4.02.5101,283,Ação Penal - Procedimento Ordinário,"Crimes de &quot;Lavagem&quot; ou Ocultação de Bens, Direitos ou Valores",2020-08-10,2026-08-20T23:27:32.031000Z,37,G1,Eletrônico,https://eproc.jfrj.jus.br/eproc/externo_controlador.php?acao=processo_consulta_publica
50501502720204025101,5050150-27.2020.4.02.5101,37,Embargos de Terceiro Cível,"Crimes de &quot;Lavagem&quot; ou Ocultação de Bens, Direitos ou Valores; Indisponibilidade / Seqüestro de Bens",2020-08-13,2024-07-05T23:24:40.450000Z,7,G1,Eletrônico,https://eproc.jfrj.jus.br/eproc/externo_controlador.php?acao=processo_consulta_publica
50504083720204025101,5050408-37.2020.4.02.5101,241,Petição Cível,"Crimes de &quot;Lavagem&quot; ou Ocultação de Bens, Direitos ou Valores",2020-08-14,2024-07-05T22:19:35.094000Z,6,G1,Eletrônico,https://eproc.jfrj.jus.br/eproc/externo_controlador.php?acao=processo_consulta_publica
50504984520204025101,5050498-45.2020.4.02.5101,1727,Petição Criminal,"Crimes de &quot;Lavagem&quot; ou Ocultação de Bens, Direitos ou Valores",2020-08-14,2024-07-05T22:18:52.938000Z,9,G1,Eletrônico,https://eproc.jfrj.jus.br/eproc/externo_controlador.php?acao=processo_consulta_publica
50511003620204025101,5051100-36.2020.4.02.5101,1727,Petição Criminal,Corrupção passiva ; Peculato,2020-08-17,2026-01-12T23:20:09.237000Z,20,G1,Eletrônico,https://eproc.jfrj.jus.br/eproc/externo_controlador.php?acao=processo_consulta_publica
50516633020204025101,5051663-30.2020.4.02.5101,279,Inquérito Policial,Crimes do Sistema Nacional de Armas,2020-08-19,2024-07-05T22:19:17.214000Z,3,G1,Eletrônico,https://eproc.jfrj.jus.br/eproc/externo_controlador.php?acao=processo_consulta_publica
50518287720204025101,5051828-77.2020.4.02.5101,327,Embargos de Terceiro Criminal,Corrupção passiva ; Crimes ocorridos na investigação da prova; Indisponibilidade / Seqüestro de Bens,2020-08-19,2024-07-05T22:19:26.091000Z,8,G1,Eletrônico,https://eproc.jfrj.jus.br/eproc/externo_controlador.php?acao=processo_consulta_publica
50518382420204025101,5051838-24.2020.4.02.5101,1727,Petição Criminal,Corrupção passiva ; Indisponibilidade / Seqüestro de Bens,2020-08-19,2024-07-05T23:24:49.822000Z,4,G1,Eletrônico,https://eproc.jfrj.jus.br/eproc/externo_controlador.php?acao=processo_consulta_publica
50519655920204025101,5051965-59.2020.4.02.5101,309,Pedido de Busca e Apreensão Criminal,"""Lavagem"" ou Ocultação de Bens, Direitos ou Valores Oriundos de Corrupção; Corrupção ativa ; Corrupção passiva ; Peculato; Tráfico de influência ",2020-08-19,2024-07-05T22:18:54.201000Z,32,G1,Eletrônico,https://eproc.jfrj.jus.br/eproc/externo_controlador.php?acao=processo_consulta_publica
50528689420204025101,5052868-94.2020.4.02.5101,283,Ação Penal - Procedimento Ordinário,Uso de documento falso ,2020-08-21,2026-08-20T23:47:00.943000Z,38,G1,Eletrônico,https://eproc.jfrj.jus.br/eproc/externo_controlador.php?acao=processo_consulta_publica
50529113120204025101,5052911-31.2020.4.02.5101,327,Embargos de Terceiro Criminal,Corrupção passiva ; Crimes ocorridos na investigação da prova; Indisponibilidade / Seqüestro de Bens,2020-08-21,2024-07-05T22:19:51.388000Z,7,G1,Eletrônico,https://eproc.jfrj.jus.br/eproc/externo_controlador.php?acao=processo_consulta_publica
50534639320204025101,5053463-93.2020.4.02.5101,283,Ação Penal - Procedimento Ordinário,"""Lavagem"" ou Ocultação de Bens, Direitos ou Valores Oriundos de Corrupção; Corrupção ativa ; Corrupção passiva ; Peculato; Tráfico de influência ",2020-08-24,2024-07-05T22:20:15.384000Z,25,G1,Eletrônico,https://eproc.jfrj.jus.br/eproc/externo_controlador.php?acao=processo_consulta_publica
05050922920204025101,0505092-29.2020.4.02.5101,326,Restituição de Coisas Apreendidas,"Crimes de &quot;Lavagem&quot; ou Ocultação de Bens, Direitos ou Valores",2020-08-25,2024-07-06T00:38:31.164000Z,8,G1,Eletrônico,https://eproc.jfrj.jus.br/eproc/externo_controlador.php?acao=processo_consulta_publica
50538804620204025101,5053880-46.2020.4.02.5101,327,Embargos de Terceiro Criminal,"Crimes de &quot;Lavagem&quot; ou Ocultação de Bens, Direitos ou Valores; Indisponibilidade / Seqüestro de Bens",2020-08-26,2024-07-05T22:20:32.127000Z,6,G1,Eletrônico,https://eproc.jfrj.jus.br/eproc/externo_controlador.php?acao=processo_consulta_publica
50541316420204025101,5054131-64.2020.4.02.5101,283,Ação Penal - Procedimento Ordinário,"""Lavagem"" ou Ocultação de Bens, Direitos ou Valores Oriundos de Corrupção; Corrupção ativa ; Corrupção passiva ",2020-08-26,2026-07-15T06:47:08.224000Z,38,G1,Eletrônico,https://eproc.jfrj.jus.br/eproc/externo_controlador.php?acao=processo_consulta_publica
50541333420204025101,5054133-34.2020.4.02.5101,283,Ação Penal - Procedimento Ordinário,"""Lavagem"" ou Ocultação de Bens, Direitos ou Valores Oriundos de Corrupção; Corrupção ativa ; Corrupção passiva ",2020-08-26,2024-11-13T21:32:30.489000Z,29,G1,Eletrônico,https://eproc.jfrj.jus.br/eproc/externo_controlador.php?acao=processo_consulta_publica
50541368620204025101,5054136-86.2020.4.02.5101,283,Ação Penal - Procedimento Ordinário,"""Lavagem"" ou Ocultação de Bens, Direitos ou Valores Oriundos de Corrupção; Corrupção ativa ; Corrupção passiva ",2020-08-26,2025-11-13T17:41:46.156000Z,23,G1,Eletrônico,https://eproc.jfrj.jus.br/eproc/externo_controlador.php?acao=processo_consulta_publica
50553077820204025101,5055307-78.2020.4.02.5101,329,Seqüestro,"Crimes de &quot;Lavagem&quot; ou Ocultação de Bens, Direitos ou Valores; Peculato",2020-08-29,2025-02-13T20:50:36.705000Z,56,G1,Eletrônico,https://eproc.jfrj.jus.br/eproc/externo_controlador.php?acao=processo_consulta_publica
50554957120204025101,5055495-71.2020.4.02.5101,1727,Petição Criminal,"Crimes de &quot;Lavagem&quot; ou Ocultação de Bens, Direitos ou Valores",2020-08-31,2024-07-05T22:48:56.984000Z,6,G1,Eletrônico,https://eproc.jfrj.jus.br/eproc/externo_controlador.php?acao=processo_consulta_publica
50555979320204025101,5055597-93.2020.4.02.5101,307,Habeas Corpus Criminal,Prova Ilícita; Provas,2020-08-31,2024-07-05T22:18:49.671000Z,4,G1,Eletrônico,https://eproc.jfrj.jus.br/eproc/externo_controlador.php?acao=processo_consulta_publica
50557641320204025101,5055764-13.2020.4.02.5101,283,Ação Penal - Procedimento Ordinário,Corrupção ativa ,2020-08-31,2025-08-16T02:39:54.891000Z,41,G1,Eletrônico,https://eproc.jfrj.jus.br/eproc/externo_controlador.php?acao=processo_consulta_publica
50579042020204025101,5057904-20.2020.4.02.5101,319,Exceção de Incompetência de Juízo,"Corrupção passiva ; Crimes de &quot;Lavagem&quot; ou Ocultação de Bens, Direitos ou Valores; Crimes ocorridos na investigação da prova",2020-09-08,2024-07-05T22:20:01.765000Z,16,G1,Eletrônico,https://eproc.jfrj.jus.br/eproc/externo_controlador.php?acao=processo_consulta_publica
50614091920204025101,5061409-19.2020.4.02.5101,1717,Alienação de Bens do Acusado,"Crimes de &quot;Lavagem&quot; ou Ocultação de Bens, Direitos ou Valores",2020-09-10,2024-07-05T22:50:20.127000Z,9,G1,Eletrônico,https://eproc.jfrj.jus.br/eproc/externo_controlador.php?acao=processo_consulta_publica
50622995520204025101,5062299-55.2020.4.02.5101,327,Embargos de Terceiro Criminal,"Crimes de &quot;Lavagem&quot; ou Ocultação de Bens, Direitos ou Valores",2020-09-11,2025-03-13T20:22:18.541000Z,12,G1,Eletrônico,https://eproc.jfrj.jus.br/eproc/externo_controlador.php?acao=processo_consulta_publica
50627351420204025101,5062735-14.2020.4.02.5101,329,Seqüestro,Crimes contra a Ordem Tributária,2020-09-11,2025-04-14T14:28:49.198000Z,47,G1,Eletrônico,https://eproc.jfrj.jus.br/eproc/externo_controlador.php?acao=processo_consulta_publica
50637874520204025101,5063787-45.2020.4.02.5101,327,Embargos de Terceiro Criminal,"""Lavagem"" ou Ocultação de Bens, Direitos ou Valores Oriundos de Corrupção",2020-09-16,2024-07-05T22:48:50.334000Z,7,G1,Eletrônico,https://eproc.jfrj.jus.br/eproc/externo_controlador.php?acao=processo_consulta_publica
50638697620204025101,5063869-76.2020.4.02.5101,327,Embargos de Terceiro Criminal,"""Lavagem"" ou Ocultação de Bens, Direitos ou Valores Oriundos de Corrupção",2020-09-16,2024-07-05T22:50:00.961000Z,10,G1,Eletrônico,https://eproc.jfrj.jus.br/eproc/externo_controlador.php?acao=processo_consulta_publica
50642274120204025101,5064227-41.2020.4.02.5101,327,Embargos de Terceiro Criminal,"""Lavagem"" ou Ocultação de Bens, Direitos ou Valores Oriundos de Corrupção",2020-09-17,2024-07-05T22:50:15.084000Z,5,G1,Eletrônico,https://eproc.jfrj.jus.br/eproc/externo_controlador.php?acao=processo_consulta_publica
50642404020204025101,5064240-40.2020.4.02.5101,327,Embargos de Terceiro Criminal,"""Lavagem"" ou Ocultação de Bens, Direitos ou Valores Oriundos de Corrupção",2020-09-17,2024-07-05T22:49:43.982000Z,14,G1,Eletrônico,https://eproc.jfrj.jus.br/eproc/externo_controlador.php?acao=processo_consulta_publica
50018225120204025106,5001822-51.2020.4.02.5106,279,Inquérito Policial,Peculato,2020-09-17,2024-07-05T20:27:14.606000Z,6,G1,Eletrônico,https://eproc.jfrj.jus.br/eproc/externo_controlador.php?acao=processo_consulta_publica
50649600720204025101,5064960-07.2020.4.02.5101,309,Pedido de Busca e Apreensão Criminal,Corrupção passiva ,2020-09-18,2026-09-15T22:54:23.504000Z,36,G1,Eletrônico,https://eproc.jfrj.jus.br/eproc/externo_controlador.php?acao=processo_consulta_publica
50651896420204025101,5065189-64.2020.4.02.5101,309,Pedido de Busca e Apreensão Criminal,Corrupção ativa ; Corrupção passiva ,2020-09-21,2024-07-05T22:50:41.089000Z,6,G1,Eletrônico,https://eproc.jfrj.jus.br/eproc/externo_controlador.php?acao=processo_consulta_publica
50652814220204025101,5065281-42.2020.4.02.5101,279,Inquérito Policial,Crimes contra a Ordem Tributária,2020-09-21,2024-07-05T22:50:02.872000Z,7,G1,Eletrônico,https://eproc.jfrj.jus.br/eproc/externo_controlador.php?acao=processo_consulta_publica
50656019220204025101,5065601-92.2020.4.02.5101,37,Embargos de Terceiro Cível,Indisponibilidade de Bens,2020-09-21,2024-07-05T22:20:18.334000Z,6,G1,Eletrônico,https://eproc.jfrj.jus.br/eproc/externo_controlador.php?acao=processo_consulta_publica
50656339720204025101,5065633-97.2020.4.02.5101,283,Ação Penal - Procedimento Ordinário,"Corrupção ativa ; Corrupção passiva ; Crimes de &quot;Lavagem&quot; ou Ocultação de Bens, Direitos ou Valores",2020-09-22,2026-09-15T22:54:40.712000Z,48,G1,Eletrônico,https://eproc.jfrj.jus.br/eproc/externo_controlador.php?acao=processo_consulta_publica
50661024620204025101,5066102-46.2020.4.02.5101,37,Embargos de Terceiro Cível,Propriedade,2020-09-23,2024-07-05T22:49:42.895000Z,19,G1,Eletrônico,https://eproc.jfrj.jus.br/eproc/externo_controlador.php?acao=processo_consulta_publica
50664012320204025101,5066401-23.2020.4.02.5101,241,Petição Cível,"Crimes de &quot;Lavagem&quot; ou Ocultação de Bens, Direitos ou Valores; Indisponibilidade / Seqüestro de Bens",2020-09-23,2024-07-05T22:49:12.013000Z,6,G1,Eletrônico,https://eproc.jfrj.jus.br/eproc/externo_controlador.php?acao=processo_consulta_publica
50664133720204025101,5066413-37.2020.4.02.5101,326,Restituição de Coisas Apreendidas,"Busca e Apreensão de Bens; Corrupção ativa ; Crimes de &quot;Lavagem&quot; ou Ocultação de Bens, Direitos ou Valores",2020-09-23,2024-07-05T22:49:13.109000Z,8,G1,Eletrônico,https://eproc.jfrj.jus.br/eproc/externo_controlador.php?acao=processo_consulta_publica
50664402020204025101,5066440-20.2020.4.02.5101,327,Embargos de Terceiro Criminal,Corrupção passiva ; Indisponibilidade / Seqüestro de Bens,2020-09-23,2024-07-05T22:50:27.675000Z,12,G1,Eletrônico,https://eproc.jfrj.jus.br/eproc/externo_controlador.php?acao=processo_consulta_publica
50669226520204025101,5066922-65.2020.4.02.5101,283,Ação Penal - Procedimento Ordinário,"""Lavagem"" ou Ocultação de Bens, Direitos ou Valores Oriundos de Corrupção; Peculato",2020-09-25,2024-07-05T22:50:25.315000Z,11,G1,Eletrônico,https://eproc.jfrj.jus.br/eproc/externo_controlador.php?acao=processo_consulta_publica
50669425620204025101,5066942-56.2020.4.02.5101,278,Termo Circunstanciado,Injúria,2020-09-25,2024-06-17T23:14:26.621000Z,9,JE,Eletrônico,https://eproc.jfrj.jus.br/eproc/externo_controlador.php?acao=processo_consulta_publica
50670343420204025101,5067034-34.2020.4.02.5101,241,Petição Cível,"Crimes de &quot;Lavagem&quot; ou Ocultação de Bens, Direitos ou Valores",2020-09-25,2024-07-05T22:51:02.703000Z,6,G1,Eletrônico,https://eproc.jfrj.jus.br/eproc/externo_controlador.php?acao=processo_consulta_publica
50670906720204025101,5067090-67.2020.4.02.5101,241,Petição Cível,"Crimes de &quot;Lavagem&quot; ou Ocultação de Bens, Direitos ou Valores; Exploração de prestígio ; Peculato",2020-09-25,2024-07-05T22:51:15.482000Z,6,G1,Eletrônico,https://eproc.jfrj.jus.br/eproc/externo_controlador.php?acao=processo_consulta_publica
50670915220204025101,5067091-52.2020.4.02.5101,241,Petição Cível,"Crimes de &quot;Lavagem&quot; ou Ocultação de Bens, Direitos ou Valores",2020-09-25,2024-07-05T22:51:15.598000Z,10,G1,Eletrônico,https://eproc.jfrj.jus.br/eproc/externo_controlador.php?acao=processo_consulta_publica
50670940720204025101,5067094-07.2020.4.02.5101,241,Petição Cível,"Crimes de &quot;Lavagem&quot; ou Ocultação de Bens, Direitos ou Valores; Exploração de prestígio ; Peculato",2020-09-25,2024-07-05T22:20:14.632000Z,10,G1,Eletrônico,https://eproc.jfrj.jus.br/eproc/externo_controlador.php?acao=processo_consulta_publica
50670967420204025101,5067096-74.2020.4.02.5101,241,Petição Cível,"Crimes de &quot;Lavagem&quot; ou Ocultação de Bens, Direitos ou Valores",2020-09-25,2024-07-05T22:50:21.270000Z,10,G1,Eletrônico,https://eproc.jfrj.jus.br/eproc/externo_controlador.php?acao=processo_consulta_publica
50670975920204025101,5067097-59.2020.4.02.5101,241,Petição Cível,Peculato,2020-09-25,2024-07-05T22:19:49.306000Z,6,G1,Eletrônico,https://eproc.jfrj.jus.br/eproc/externo_controlador.php?acao=processo_consulta_publica
50671097320204025101,5067109-73.2020.4.02.5101,241,Petição Cível,"Crimes de &quot;Lavagem&quot; ou Ocultação de Bens, Direitos ou Valores",2020-09-25,2024-07-05T23:24:56.445000Z,6,G1,Eletrônico,https://eproc.jfrj.jus.br/eproc/externo_controlador.php?acao=processo_consulta_publica
50671149520204025101,5067114-95.2020.4.02.5101,241,Petição Cível,"Crimes de &quot;Lavagem&quot; ou Ocultação de Bens, Direitos ou Valores",2020-09-25,2024-07-05T22:49:43.013000Z,6,G1,Eletrônico,https://eproc.jfrj.jus.br/eproc/externo_controlador.php?acao=processo_consulta_publica
50671192020204025101,5067119-20.2020.4.02.5101,241,Petição Cível,"Crimes de &quot;Lavagem&quot; ou Ocultação de Bens, Direitos ou Valores",2020-09-25,2024-07-05T22:50:54.737000Z,10,G1,Eletrônico,https://eproc.jfrj.jus.br/eproc/externo_controlador.php?acao=processo_consulta_publica
50671200520204025101,5067120-05.2020.4.02.5101,241,Petição Cível,"Crimes de &quot;Lavagem&quot; ou Ocultação de Bens, Direitos ou Valores",2020-09-25,2024-07-05T22:49:44.029000Z,6,G1,Eletrônico,https://eproc.jfrj.jus.br/eproc/externo_controlador.php?acao=processo_consulta_publica
50671244220204025101,5067124-42.2020.4.02.5101,241,Petição Cível,"Crimes de &quot;Lavagem&quot; ou Ocultação de Bens, Direitos ou Valores",2020-09-25,2024-07-05T22:50:56.192000Z,10,G1,Eletrônico,https://eproc.jfrj.jus.br/eproc/externo_controlador.php?acao=processo_consulta_publica
50674985820204025101,5067498-58.2020.4.02.5101,241,Petição Cível,"Crimes de &quot;Lavagem&quot; ou Ocultação de Bens, Direitos ou Valores",2020-09-28,2024-07-05T22:51:24.615000Z,10,G1,Eletrônico,https://eproc.jfrj.jus.br/eproc/externo_controlador.php?acao=processo_consulta_publica
50675063520204025101,5067506-35.2020.4.02.5101,241,Petição Cível,"Crimes de &quot;Lavagem&quot; ou Ocultação de Bens, Direitos ou Valores",2020-09-28,2024-07-05T22:19:48.986000Z,6,G1,Eletrônico,https://eproc.jfrj.jus.br/eproc/externo_controlador.php?acao=processo_consulta_publica
50675184920204025101,5067518-49.2020.4.02.5101,241,Petição Cível,"Crimes de &quot;Lavagem&quot; ou Ocultação de Bens, Direitos ou Valores",2020-09-28,2024-07-05T22:19:50.866000Z,6,G1,Eletrônico,https://eproc.jfrj.jus.br/eproc/externo_controlador.php?acao=processo_consulta_publica
50675583120204025101,5067558-31.2020.4.02.5101,1727,Petição Criminal,Corrupção passiva ; Indisponibilidade / Seqüestro de Bens,2020-09-28,2024-07-05T22:50:00.650000Z,8,G1,Eletrônico,https://eproc.jfrj.jus.br/eproc/externo_controlador.php?acao=processo_consulta_publica
50675773720204025101,5067577-37.2020.4.02.5101,241,Petição Cível,"Crimes de &quot;Lavagem&quot; ou Ocultação de Bens, Direitos ou Valores",2020-09-28,2024-07-05T22:50:47.832000Z,6,G1,Eletrônico,https://eproc.jfrj.jus.br/eproc/externo_controlador.php?acao=processo_consulta_publica
50675912120204025101,5067591-21.2020.4.02.5101,241,Petição Cível,"Crimes de &quot;Lavagem&quot; ou Ocultação de Bens, Direitos ou Valores",2020-09-28,2024-07-05T22:50:41.794000Z,6,G1,Eletrônico,https://eproc.jfrj.jus.br/eproc/externo_controlador.php?acao=processo_consulta_publica
50676293320204025101,5067629-33.2020.4.02.5101,241,Petição Cível,"Crimes de &quot;Lavagem&quot; ou Ocultação de Bens, Direitos ou Valores",2020-09-28,2024-07-05T22:51:36.461000Z,10,G1,Eletrônico,https://eproc.jfrj.jus.br/eproc/externo_controlador.php?acao=processo_consulta_publica
50676310320204025101,5067631-03.2020.4.02.5101,309,Pedido de Busca e Apreensão Criminal,Corrupção ativa ; Corrupção passiva ,2020-09-29,2024-10-18T10:02:50.238000Z,32,G1,Eletrônico,https://eproc.jfrj.jus.br/eproc/externo_controlador.php?acao=processo_consulta_publica
50688808620204025101,5068880-86.2020.4.02.5101,241,Petição Cível,"Crimes de &quot;Lavagem&quot; ou Ocultação de Bens, Direitos ou Valores",2020-10-01,2024-07-05T22:20:01.142000Z,6,G1,Eletrônico,https://eproc.jfrj.jus.br/eproc/externo_controlador.php?acao=processo_consulta_publica
50693562720204025101,5069356-27.2020.4.02.5101,309,Pedido de Busca e Apreensão Criminal,"""Lavagem"" ou Ocultação de Bens, Direitos ou Valores Oriundos de Corrupção; Corrupção ativa ; Corrupção passiva ",2020-10-04,2024-07-05T22:51:21.706000Z,28,G1,Eletrônico,https://eproc.jfrj.jus.br/eproc/externo_controlador.php?acao=processo_consulta_publica
50693805520204025101,5069380-55.2020.4.02.5101,329,Seqüestro,"""Lavagem"" ou Ocultação de Bens, Direitos ou Valores Oriundos de Corrupção; Corrupção ativa ; Corrupção passiva ; Indisponibilidade / Seqüestro de Bens",2020-10-04,2026-07-15T01:49:40.934000Z,79,G1,Eletrônico,https://eproc.jfrj.jus.br/eproc/externo_controlador.php?acao=processo_consulta_publica
50693849220204025101,5069384-92.2020.4.02.5101,329,Seqüestro,"""Lavagem"" ou Ocultação de Bens, Direitos ou Valores Oriundos de Corrupção; Corrupção ativa ; Corrupção passiva ; Indisponibilidade / Seqüestro de Bens",2020-10-04,2026-06-13T14:15:10.874000Z,57,G1,Eletrônico,https://eproc.jfrj.jus.br/eproc/externo_controlador.php?acao=processo_consulta_publica
50693883220204025101,5069388-32.2020.4.02.5101,329,Seqüestro,Corrupção passiva ; Indisponibilidade / Seqüestro de Bens,2020-10-05,2025-10-14T07:54:43.113000Z,41,G1,Eletrônico,https://eproc.jfrj.jus.br/eproc/externo_controlador.php?acao=processo_consulta_publica
50698716220204025101,5069871-62.2020.4.02.5101,319,Exceção de Incompetência de Juízo,"Crimes de &quot;Lavagem&quot; ou Ocultação de Bens, Direitos ou Valores",2020-10-06,2024-07-05T22:20:17.822000Z,4,G1,Eletrônico,https://eproc.jfrj.jus.br/eproc/externo_controlador.php?acao=processo_consulta_publica
50700750920204025101,5070075-09.2020.4.02.5101,37,Embargos de Terceiro Cível,Corrupção passiva ; Indisponibilidade / Seqüestro de Bens,2020-10-06,2024-07-05T22:50:29.336000Z,5,G1,Eletrônico,https://eproc.jfrj.jus.br/eproc/externo_controlador.php?acao=processo_consulta_publica
50702673920204025101,5070267-39.2020.4.02.5101,283,Ação Penal - Procedimento Ordinário,"Crimes de &quot;Lavagem&quot; ou Ocultação de Bens, Direitos ou Valores",2020-10-07,2025-07-15T19:22:28.914000Z,28,G1,Eletrônico,https://eproc.jfrj.jus.br/eproc/externo_controlador.php?acao=processo_consulta_publica
50703600220204025101,5070360-02.2020.4.02.5101,1727,Petição Criminal,"""Lavagem"" ou Ocultação de Bens, Direitos ou Valores Oriundos de Corrupção",2020-10-07,2024-07-05T22:20:06.917000Z,7,G1,Eletrônico,https://eproc.jfrj.jus.br/eproc/externo_controlador.php?acao=processo_consulta_publica
50703687620204025101,5070368-76.2020.4.02.5101,309,Pedido de Busca e Apreensão Criminal,Busca e Apreensão de Bens; Corrupção ativa ; Corrupção passiva ,2020-10-07,2024-07-05T22:20:39.573000Z,33,G1,Eletrônico,https://eproc.jfrj.jus.br/eproc/externo_controlador.php?acao=processo_consulta_publica
50707930620204025101,5070793-06.2020.4.02.5101,279,Inquérito Policial,Crimes contra a Ordem Econômica,2020-10-09,2024-07-05T22:20:12.238000Z,7,G1,Eletrônico,https://eproc.jfrj.jus.br/eproc/externo_controlador.php?acao=processo_consulta_publica
50708338520204025101,5070833-85.2020.4.02.5101,326,Restituição de Coisas Apreendidas,Corrupção passiva ,2020-10-09,2024-07-05T22:49:27.483000Z,22,G1,Eletrônico,https://eproc.jfrj.jus.br/eproc/externo_controlador.php?acao=processo_consulta_publica
50708347020204025101,5070834-70.2020.4.02.5101,1733,Procedimento Investigatório Criminal (PIC-MP) ,Falsificação de documento público,2020-10-09,2024-07-05T22:50:55.902000Z,3,G1,Eletrônico,https://eproc.jfrj.jus.br/eproc/externo_controlador.php?acao=processo_consulta_publica
50708399220204025101,5070839-92.2020.4.02.5101,283,Ação Penal - Procedimento Ordinário,Falsificação de documento público,2020-10-09,2024-07-05T22:51:19.790000Z,11,G1,Eletrônico,https://eproc.jfrj.jus.br/eproc/externo_controlador.php?acao=processo_consulta_publica
50708493920204025101,5070849-39.2020.4.02.5101,327,Embargos de Terceiro Criminal,"""Lavagem"" ou Ocultação de Bens, Direitos ou Valores Oriundos de Corrupção",2020-10-09,2024-11-13T21:23:33.955000Z,11,G1,Eletrônico,https://eproc.jfrj.jus.br/eproc/externo_controlador.php?acao=processo_consulta_publica
50709732220204025101,5070973-22.2020.4.02.5101,313,Pedido de Prisão Preventiva,Corrupção ativa ; Corrupção passiva ,2020-10-10,2026-09-15T22:54:43.767000Z,80,G1,Eletrônico,https://eproc.jfrj.jus.br/eproc/externo_controlador.php?acao=processo_consulta_publica
50711022720204025101,5071102-27.2020.4.02.5101,329,Seqüestro,Corrupção ativa ; Corrupção passiva ; Indisponibilidade / Seqüestro de Bens,2020-10-13,2026-08-20T23:32:17.593000Z,93,G1,Eletrônico,https://eproc.jfrj.jus.br/eproc/externo_controlador.php?acao=processo_consulta_publica
50713465320204025101,5071346-53.2020.4.02.5101,329,Seqüestro,Corrupção ativa ; Corrupção passiva ; Indisponibilidade / Seqüestro de Bens,2020-10-13,2026-08-20T23:29:33.132000Z,69,G1,Eletrônico,https://eproc.jfrj.jus.br/eproc/externo_controlador.php?acao=processo_consulta_publica
50715708820204025101,5071570-88.2020.4.02.5101,327,Embargos de Terceiro Criminal,"""Lavagem"" ou Ocultação de Bens, Direitos ou Valores Oriundos de Corrupção",2020-10-14,2024-07-05T22:50:46.818000Z,9,G1,Eletrônico,https://eproc.jfrj.jus.br/eproc/externo_controlador.php?acao=processo_consulta_publica
50718895620204025101,5071889-56.2020.4.02.5101,241,Petição Cível,"""Lavagem"" ou Ocultação de Bens, Direitos ou Valores Oriundos de Corrupção; Corrupção passiva ",2020-10-15,2024-07-05T22:20:20.689000Z,6,G1,Eletrônico,https://eproc.jfrj.jus.br/eproc/externo_controlador.php?acao=processo_consulta_publica
50720108420204025101,5072010-84.2020.4.02.5101,327,Embargos de Terceiro Criminal,Fato Atípico; Indisponibilidade / Seqüestro de Bens,2020-10-16,2024-07-05T23:24:06.507000Z,11,G1,Eletrônico,https://eproc.jfrj.jus.br/eproc/externo_controlador.php?acao=processo_consulta_publica
50724135320204025101,5072413-53.2020.4.02.5101,1733,Procedimento Investigatório Criminal (PIC-MP) ,Crimes da Lei de licitações,2020-10-16,2024-07-05T22:20:22.490000Z,3,G1,Eletrônico,https://eproc.jfrj.jus.br/eproc/externo_controlador.php?acao=processo_consulta_publica
50726014620204025101,5072601-46.2020.4.02.5101,322,Exceção de Coisa Julgada,Inserção de dados falsos em sistema de informações ,2020-10-19,2024-07-05T22:19:59.968000Z,5,G1,Eletrônico,https://eproc.jfrj.jus.br/eproc/externo_controlador.php?acao=processo_consulta_publica
50011658820204025113,5001165-88.2020.4.02.5113,283,Ação Penal - Procedimento Ordinário,Estelionato Majorado ,2020-10-21,2024-07-05T20:20:45.316000Z,20,G1,Eletrônico,https://eproc.jfrj.jus.br/eproc/externo_controlador.php?acao=processo_consulta_publica
50013904020224025113,5001390-40.2022.4.02.5113,283,Ação Penal - Procedimento Ordinário,Estelionato Majorado ,2020-10-21,2024-07-05T23:23:10.791000Z,4,G1,Eletrônico,https://eproc.jfrj.jus.br/eproc/externo_controlador.php?acao=processo_consulta_publica
50735212020204025101,5073521-20.2020.4.02.5101,309,Pedido de Busca e Apreensão Criminal,"Corrupção passiva ; Crimes de &quot;Lavagem&quot; ou Ocultação de Bens, Direitos ou Valores",2020-10-21,2026-08-21T00:09:10.116000Z,77,G1,Eletrônico,https://eproc.jfrj.jus.br/eproc/externo_controlador.php?acao=processo_consulta_publica
50736502520204025101,5073650-25.2020.4.02.5101,279,Inquérito Policial,Uso de documento falso ,2020-10-22,2024-07-05T22:51:34.307000Z,3,G1,Eletrônico,https://eproc.jfrj.jus.br/eproc/externo_controlador.php?acao=processo_consulta_publica
50736753820204025101,5073675-38.2020.4.02.5101,1733,Procedimento Investigatório Criminal (PIC-MP) ,Estelionato Majorado ,2020-10-22,2024-07-05T22:49:55.826000Z,3,G1,Eletrônico,https://eproc.jfrj.jus.br/eproc/externo_controlador.php?acao=processo_consulta_publica
50738381820204025101,5073838-18.2020.4.02.5101,313,Pedido de Prisão Preventiva,"Corrupção passiva ; Crimes de &quot;Lavagem&quot; ou Ocultação de Bens, Direitos ou Valores",2020-10-22,2026-06-13T13:57:48.863000Z,45,G1,Eletrônico,https://eproc.jfrj.jus.br/eproc/externo_controlador.php?acao=processo_consulta_publica
50029386220204025116,5002938-62.2020.4.02.5116,1727,Petição Criminal,Uso de documento falso ,2020-10-26,2024-02-29T03:23:17.098000Z,3,G1,Eletrônico,https://eproc.jfrj.jus.br/eproc/externo_controlador.php?acao=processo_consulta_publica
50746939420204025101,5074693-94.2020.4.02.5101,309,Pedido de Busca e Apreensão Criminal,"""Lavagem"" ou Ocultação de Bens, Direitos ou Valores Oriundos de Corrupção",2020-10-26,2024-07-05T22:51:12.624000Z,24,G1,Eletrônico,https://eproc.jfrj.jus.br/eproc/externo_controlador.php?acao=processo_consulta_publica
50749250920204025101,5074925-09.2020.4.02.5101,1733,Procedimento Investigatório Criminal (PIC-MP) ,Patrocínio infiel ,2020-10-27,2024-07-05T22:48:10.493000Z,3,G1,Eletrônico,https://eproc.jfrj.jus.br/eproc/externo_controlador.php?acao=processo_consulta_publica
50750030320204025101,5075003-03.2020.4.02.5101,1727,Petição Criminal,"Crimes de &quot;Lavagem&quot; ou Ocultação de Bens, Direitos ou Valores",2020-10-27,2025-07-15T19:22:32.924000Z,6,G1,Eletrônico,https://eproc.jfrj.jus.br/eproc/externo_controlador.php?acao=processo_consulta_publica
50750819420204025101,5075081-94.2020.4.02.5101,241,Petição Cível,"""Lavagem"" ou Ocultação de Bens, Direitos ou Valores Oriundos de Corrupção; Corrupção passiva ",2020-10-27,2024-07-05T22:50:46.990000Z,6,G1,Eletrônico,https://eproc.jfrj.jus.br/eproc/externo_controlador.php?acao=processo_consulta_publica
50750861920204025101,5075086-19.2020.4.02.5101,241,Petição Cível,"""Lavagem"" ou Ocultação de Bens, Direitos ou Valores Oriundos de Corrupção; Corrupção passiva ",2020-10-27,2024-07-05T22:51:09.263000Z,6,G1,Eletrônico,https://eproc.jfrj.jus.br/eproc/externo_controlador.php?acao=processo_consulta_publica
50750870420204025101,5075087-04.2020.4.02.5101,241,Petição Cível,"""Lavagem"" ou Ocultação de Bens, Direitos ou Valores Oriundos de Corrupção; Corrupção passiva ",2020-10-27,2024-07-05T23:24:37.367000Z,6,G1,Eletrônico,https://eproc.jfrj.jus.br/eproc/externo_controlador.php?acao=processo_consulta_publica
50835892920204025101,5083589-29.2020.4.02.5101,329,Seqüestro,Corrupção passiva ,2020-10-29,2026-08-20T23:12:41.186000Z,18,G1,Eletrônico,https://eproc.jfrj.jus.br/eproc/externo_controlador.php?acao=processo_consulta_publica
50763325020204025101,5076332-50.2020.4.02.5101,241,Petição Cível,"Crimes de &quot;Lavagem&quot; ou Ocultação de Bens, Direitos ou Valores",2020-11-03,2024-07-05T23:24:47.041000Z,3,G1,Eletrônico,https://eproc.jfrj.jus.br/eproc/externo_controlador.php?acao=processo_consulta_publica
50764953020204025101,5076495-30.2020.4.02.5101,1727,Petição Criminal,Corrupção ativa ; Corrupção passiva ,2020-11-03,2025-04-14T14:28:18.800000Z,6,G1,Eletrônico,https://eproc.jfrj.jus.br/eproc/externo_controlador.php?acao=processo_consulta_publica
50765819820204025101,5076581-98.2020.4.02.5101,329,Seqüestro,"Corrupção passiva ; Crimes de &quot;Lavagem&quot; ou Ocultação de Bens, Direitos ou Valores",2020-11-03,2026-08-20T23:13:32.322000Z,223,G1,Eletrônico,https://eproc.jfrj.jus.br/eproc/externo_controlador.php?acao=processo_consulta_publica
50765949720204025101,5076594-97.2020.4.02.5101,241,Petição Cível,"Crimes de &quot;Lavagem&quot; ou Ocultação de Bens, Direitos ou Valores",2020-11-03,2024-07-05T22:50:10.628000Z,3,G1,Eletrônico,https://eproc.jfrj.jus.br/eproc/externo_controlador.php?acao=processo_consulta_publica
50765983720204025101,5076598-37.2020.4.02.5101,283,Ação Penal - Procedimento Ordinário,Uso de documento falso ,2020-11-03,2024-07-05T23:24:28.984000Z,15,G1,Eletrônico,https://eproc.jfrj.jus.br/eproc/externo_controlador.php?acao=processo_consulta_publica
50769673120204025101,5076967-31.2020.4.02.5101,1727,Petição Criminal,"Crimes de &quot;Lavagem&quot; ou Ocultação de Bens, Direitos ou Valores",2020-11-05,2024-07-05T22:50:13.158000Z,6,G1,Eletrônico,https://eproc.jfrj.jus.br/eproc/externo_controlador.php?acao=processo_consulta_publica
50773284820204025101,5077328-48.2020.4.02.5101,329,Seqüestro,"""Lavagem"" ou Ocultação de Bens, Direitos ou Valores Oriundos de Corrupção",2020-11-06,2025-04-14T14:33:15.947000Z,37,G1,Eletrônico,https://eproc.jfrj.jus.br/eproc/externo_controlador.php?acao=processo_consulta_publica
50067571820214025101,5006757-18.2021.4.02.5101,283,Ação Penal - Procedimento Ordinário,"""Lavagem"" ou Ocultação de Bens, Direitos ou Valores Oriundos de Corrupção; Corrupção ativa ; Corrupção passiva ",2020-11-09,2024-07-05T21:07:00.681000Z,15,G1,Eletrônico,https://eproc.jfrj.jus.br/eproc/externo_controlador.php?acao=processo_consulta_publica
50824669320204025101,5082466-93.2020.4.02.5101,283,Ação Penal - Procedimento Ordinário,"""Lavagem"" ou Ocultação de Bens, Direitos ou Valores Oriundos de Corrupção; Corrupção ativa ; Corrupção passiva ",2020-11-09,2024-07-05T22:51:55.954000Z,12,G1,Eletrônico,https://eproc.jfrj.jus.br/eproc/externo_controlador.php?acao=processo_consulta_publica
50778134820204025101,5077813-48.2020.4.02.5101,283,Ação Penal - Procedimento Ordinário,"""Lavagem"" ou Ocultação de Bens, Direitos ou Valores Oriundos de Corrupção; Corrupção ativa ; Corrupção passiva ",2020-11-09,2026-09-15T22:54:31.813000Z,87,G1,Eletrônico,https://eproc.jfrj.jus.br/eproc/externo_controlador.php?acao=processo_consulta_publica
50781183220204025101,5078118-32.2020.4.02.5101,326,Restituição de Coisas Apreendidas,"""Lavagem"" ou Ocultação de Bens, Direitos ou Valores Oriundos de Corrupção; Crimes de &quot;Lavagem&quot; ou Ocultação de Bens, Direitos ou Valores",2020-11-10,2024-07-05T22:52:00.998000Z,16,G1,Eletrônico,https://eproc.jfrj.jus.br/eproc/externo_controlador.php?acao=processo_consulta_publica
50781469720204025101,5078146-97.2020.4.02.5101,1727,Petição Criminal,"Crimes de &quot;Lavagem&quot; ou Ocultação de Bens, Direitos ou Valores; Indisponibilidade / Seqüestro de Bens",2020-11-10,2024-07-05T22:49:48.145000Z,6,G1,Eletrônico,https://eproc.jfrj.jus.br/eproc/externo_controlador.php?acao=processo_consulta_publica
50788475820204025101,5078847-58.2020.4.02.5101,326,Restituição de Coisas Apreendidas,Corrupção passiva ,2020-11-12,2024-07-05T22:52:07.915000Z,8,G1,Eletrônico,https://eproc.jfrj.jus.br/eproc/externo_controlador.php?acao=processo_consulta_publica
50788501320204025101,5078850-13.2020.4.02.5101,1717,Alienação de Bens do Acusado,"Crimes de &quot;Lavagem&quot; ou Ocultação de Bens, Direitos ou Valores",2020-11-12,2025-09-13T17:50:57.666000Z,86,G1,Eletrônico,https://eproc.jfrj.jus.br/eproc/externo_controlador.php?acao=processo_consulta_publica
50792338820204025101,5079233-88.2020.4.02.5101,319,Exceção de Incompetência de Juízo,"Crimes de &quot;Lavagem&quot; ou Ocultação de Bens, Direitos ou Valores",2020-11-13,2024-07-05T22:48:52.315000Z,4,G1,Eletrônico,https://eproc.jfrj.jus.br/eproc/externo_controlador.php?acao=processo_consulta_publica
50792450520204025101,5079245-05.2020.4.02.5101,320,Exceção de Litispendência,"Crimes de &quot;Lavagem&quot; ou Ocultação de Bens, Direitos ou Valores",2020-11-13,2024-07-05T22:50:46.238000Z,5,G1,Eletrônico,https://eproc.jfrj.jus.br/eproc/externo_controlador.php?acao=processo_consulta_publica
50805502420204025101,5080550-24.2020.4.02.5101,278,Termo Circunstanciado,Fato Atípico,2020-11-18,2024-06-17T22:54:08.722000Z,4,JE,Eletrônico,https://eproc.jfrj.jus.br/eproc/externo_controlador.php?acao=processo_consulta_publica
50807234820204025101,5080723-48.2020.4.02.5101,1717,Alienação de Bens do Acusado,"Crimes de &quot;Lavagem&quot; ou Ocultação de Bens, Direitos ou Valores",2020-11-18,2026-08-20T23:13:19.186000Z,156,G1,Eletrônico,https://eproc.jfrj.jus.br/eproc/externo_controlador.php?acao=processo_consulta_publica
50813245420204025101,5081324-54.2020.4.02.5101,1733,Procedimento Investigatório Criminal (PIC-MP) ,Estelionato,2020-11-23,2024-07-05T22:49:30.001000Z,3,G1,Eletrônico,https://eproc.jfrj.jus.br/eproc/externo_controlador.php?acao=processo_consulta_publica
50822824020204025101,5082282-40.2020.4.02.5101,1727,Petição Criminal,"Crimes de &quot;Lavagem&quot; ou Ocultação de Bens, Direitos ou Valores",2020-11-25,2026-06-13T13:55:21.492000Z,6,G1,Eletrônico,https://eproc.jfrj.jus.br/eproc/externo_controlador.php?acao=processo_consulta_publica
50824418020204025101,5082441-80.2020.4.02.5101,1727,Petição Criminal,"Crimes de &quot;Lavagem&quot; ou Ocultação de Bens, Direitos ou Valores",2020-11-25,2026-06-13T14:14:04.289000Z,6,G1,Eletrônico,https://eproc.jfrj.jus.br/eproc/externo_controlador.php?acao=processo_consulta_publica
50824608620204025101,5082460-86.2020.4.02.5101,1733,Procedimento Investigatório Criminal (PIC-MP) ,Estelionato Majorado ,2020-11-25,2024-07-05T22:51:30.806000Z,3,G1,Eletrônico,https://eproc.jfrj.jus.br/eproc/externo_controlador.php?acao=processo_consulta_publica
50826609320204025101,5082660-93.2020.4.02.5101,37,Embargos de Terceiro Cível,Corrupção passiva ; Indisponibilidade / Seqüestro de Bens,2020-11-26,2024-07-05T22:51:48.492000Z,4,G1,Eletrônico,https://eproc.jfrj.jus.br/eproc/externo_controlador.php?acao=processo_consulta_publica
50829804620204025101,5082980-46.2020.4.02.5101,326,Restituição de Coisas Apreendidas,Busca e Apreensão; Corrupção passiva ,2020-11-26,2024-07-05T22:52:06.944000Z,5,G1,Eletrônico,https://eproc.jfrj.jus.br/eproc/externo_controlador.php?acao=processo_consulta_publica
50829986720204025101,5082998-67.2020.4.02.5101,1727,Petição Criminal,Corrupção ativa ,2020-11-26,2024-07-05T22:49:10.717000Z,6,G1,Eletrônico,https://eproc.jfrj.jus.br/eproc/externo_controlador.php?acao=processo_consulta_publica
50830826820204025101,5083082-68.2020.4.02.5101,283,Ação Penal - Procedimento Ordinário,"""Lavagem"" ou Ocultação de Bens, Direitos ou Valores Oriundos de Corrupção; Corrupção ativa ; Corrupção passiva ",2020-11-27,2026-08-20T23:43:26.507000Z,70,G1,Eletrônico,https://eproc.jfrj.jus.br/eproc/externo_controlador.php?acao=processo_consulta_publica
50784248820264025101,5078424-88.2026.4.02.5101,283,Ação Penal - Procedimento Ordinário,"""Lavagem"" ou Ocultação de Bens, Direitos ou Valores Oriundos de Corrupção; Corrupção ativa ; Corrupção passiva ",2020-11-27,2026-09-15T22:56:46.273000Z,4,G1,Eletrônico,https://eproc.jfrj.jus.br/eproc/externo_controlador.php?acao=processo_consulta_publica
50835546920204025101,5083554-69.2020.4.02.5101,241,Petição Cível,Corrupção ativa ,2020-11-30,2024-07-05T23:25:03.884000Z,6,G1,Eletrônico,https://eproc.jfrj.jus.br/eproc/externo_controlador.php?acao=processo_consulta_publica
50838119420204025101,5083811-94.2020.4.02.5101,1727,Petição Criminal,"Crimes de &quot;Lavagem&quot; ou Ocultação de Bens, Direitos ou Valores",2020-11-30,2024-07-05T22:50:11.922000Z,6,G1,Eletrônico,https://eproc.jfrj.jus.br/eproc/externo_controlador.php?acao=processo_consulta_publica
50838136420204025101,5083813-64.2020.4.02.5101,1727,Petição Criminal,"Crimes de &quot;Lavagem&quot; ou Ocultação de Bens, Direitos ou Valores",2020-11-30,2024-07-05T22:52:26.619000Z,6,G1,Eletrônico,https://eproc.jfrj.jus.br/eproc/externo_controlador.php?acao=processo_consulta_publica
50838153420204025101,5083815-34.2020.4.02.5101,1727,Petição Criminal,"Crimes de &quot;Lavagem&quot; ou Ocultação de Bens, Direitos ou Valores",2020-11-30,2024-07-05T22:52:26.934000Z,7,G1,Eletrônico,https://eproc.jfrj.jus.br/eproc/externo_controlador.php?acao=processo_consulta_publica
50838197120204025101,5083819-71.2020.4.02.5101,1727,Petição Criminal,"Crimes de &quot;Lavagem&quot; ou Ocultação de Bens, Direitos ou Valores",2020-11-30,2024-07-05T22:52:24.167000Z,7,G1,Eletrônico,https://eproc.jfrj.jus.br/eproc/externo_controlador.php?acao=processo_consulta_publica
50838421720204025101,5083842-17.2020.4.02.5101,1727,Petição Criminal,"Crimes de &quot;Lavagem&quot; ou Ocultação de Bens, Direitos ou Valores",2020-11-30,2024-07-05T22:50:54.318000Z,6,G1,Eletrônico,https://eproc.jfrj.jus.br/eproc/externo_controlador.php?acao=processo_consulta_publica
50842163320204025101,5084216-33.2020.4.02.5101,1727,Petição Criminal,"Crimes de &quot;Lavagem&quot; ou Ocultação de Bens, Direitos ou Valores",2020-12-01,2024-07-05T22:50:37.311000Z,7,G1,Eletrônico,https://eproc.jfrj.jus.br/eproc/externo_controlador.php?acao=processo_consulta_publica
50845800520204025101,5084580-05.2020.4.02.5101,1727,Petição Criminal,"Crimes de &quot;Lavagem&quot; ou Ocultação de Bens, Direitos ou Valores",2020-12-02,2025-04-14T14:34:03.713000Z,6,G1,Eletrônico,https://eproc.jfrj.jus.br/eproc/externo_controlador.php?acao=processo_consulta_publica
50851586520204025101,5085158-65.2020.4.02.5101,326,Restituição de Coisas Apreendidas,"Crimes de &quot;Lavagem&quot; ou Ocultação de Bens, Direitos ou Valores",2020-12-04,2024-07-05T22:51:36.185000Z,7,G1,Eletrônico,https://eproc.jfrj.jus.br/eproc/externo_controlador.php?acao=processo_consulta_publica
50854375120204025101,5085437-51.2020.4.02.5101,1727,Petição Criminal,"Crimes de &quot;Lavagem&quot; ou Ocultação de Bens, Direitos ou Valores",2020-12-07,2024-07-05T22:52:19.276000Z,22,G1,Eletrônico,https://eproc.jfrj.jus.br/eproc/externo_controlador.php?acao=processo_consulta_publica
50857527920204025101,5085752-79.2020.4.02.5101,327,Embargos de Terceiro Criminal,Crimes contra o Sistema Financeiro Nacional; Indisponibilidade / Seqüestro de Bens,2020-12-07,2024-07-05T22:50:53.273000Z,7,G1,Eletrônico,https://eproc.jfrj.jus.br/eproc/externo_controlador.php?acao=processo_consulta_publica
50858133720204025101,5085813-37.2020.4.02.5101,241,Petição Cível,"Crimes de &quot;Lavagem&quot; ou Ocultação de Bens, Direitos ou Valores",2020-12-07,2024-07-05T22:51:00.718000Z,6,G1,Eletrônico,https://eproc.jfrj.jus.br/eproc/externo_controlador.php?acao=processo_consulta_publica
50862005220204025101,5086200-52.2020.4.02.5101,1727,Petição Criminal,"Promoção, constituição, financiamento ou integração de Organização Criminosa",2020-12-08,2024-07-05T22:50:37.729000Z,8,G1,Eletrônico,https://eproc.jfrj.jus.br/eproc/externo_controlador.php?acao=processo_consulta_publica
50869384020204025101,5086938-40.2020.4.02.5101,1727,Petição Criminal,"Busca e Apreensão; Crimes de &quot;Lavagem&quot; ou Ocultação de Bens, Direitos ou Valores",2020-12-10,2024-07-05T23:25:07.303000Z,12,G1,Eletrônico,https://eproc.jfrj.jus.br/eproc/externo_controlador.php?acao=processo_consulta_publica
50934227120204025101,5093422-71.2020.4.02.5101,1727,Petição Criminal,"Corrupção passiva ; Crimes de &quot;Lavagem&quot; ou Ocultação de Bens, Direitos ou Valores",2020-12-17,2024-07-05T22:52:19.521000Z,7,G1,Eletrônico,https://eproc.jfrj.jus.br/eproc/externo_controlador.php?acao=processo_consulta_publica
50940618920204025101,5094061-89.2020.4.02.5101,283,Ação Penal - Procedimento Ordinário,"""Lavagem"" ou Ocultação de Bens, Direitos ou Valores Oriundos de Corrupção; Exploração de prestígio ; Organização Terrorista; Tráfico de influência ",2020-12-18,2026-09-15T22:55:47.416000Z,32,G1,Eletrônico,https://eproc.jfrj.jus.br/eproc/externo_controlador.php?acao=processo_consulta_publica
50944021820204025101,5094402-18.2020.4.02.5101,327,Embargos de Terceiro Criminal,"""Lavagem"" ou Ocultação de Bens, Direitos ou Valores Oriundos de Corrupção",2020-12-18,2024-07-05T22:51:39.515000Z,6,G1,Eletrônico,https://eproc.jfrj.jus.br/eproc/externo_controlador.php?acao=processo_consulta_publica
50946265320204025101,5094626-53.2020.4.02.5101,1733,Procedimento Investigatório Criminal (PIC-MP) ,Fato Atípico,2020-12-18,2024-07-05T22:52:05.387000Z,3,G1,Eletrônico,https://eproc.jfrj.jus.br/eproc/externo_controlador.php?acao=processo_consulta_publica
50950023920204025101,5095002-39.2020.4.02.5101,283,Ação Penal - Procedimento Ordinário,"Crimes de &quot;Lavagem&quot; ou Ocultação de Bens, Direitos ou Valores",2020-12-18,2026-09-15T22:56:46.253000Z,22,G1,Eletrônico,https://eproc.jfrj.jus.br/eproc/externo_controlador.php?acao=processo_consulta_publica
50950405120204025101,5095040-51.2020.4.02.5101,283,Ação Penal - Procedimento Ordinário,"Corrupção passiva ; Crimes de &quot;Lavagem&quot; ou Ocultação de Bens, Direitos ou Valores",2020-12-19,2026-06-13T14:16:14.959000Z,49,G1,Eletrônico,https://eproc.jfrj.jus.br/eproc/externo_controlador.php?acao=processo_consulta_publica
50698057720234025101,5069805-77.2023.4.02.5101,283,Ação Penal - Procedimento Ordinário,"Corrupção passiva ; Crimes de &quot;Lavagem&quot; ou Ocultação de Bens, Direitos ou Valores",2020-12-19,2026-07-15T01:52:05.463000Z,33,G1,Eletrônico,https://eproc.jfrj.jus.br/eproc/externo_controlador.php?acao=processo_consulta_publica
50959845320204025101,5095984-53.2020.4.02.5101,1727,Petição Criminal,"Crimes de &quot;Lavagem&quot; ou Ocultação de Bens, Direitos ou Valores",2020-12-23,2024-07-05T22:50:41.143000Z,7,G1,Eletrônico,https://eproc.jfrj.jus.br/eproc/externo_controlador.php?acao=processo_consulta_publica
50005587720214025101,5000558-77.2021.4.02.5101,1727,Petição Criminal,"Crimes de &quot;Lavagem&quot; ou Ocultação de Bens, Direitos ou Valores",2021-01-07,2024-07-06T01:00:59.868000Z,5,G1,Eletrônico,https://eproc.jfrj.jus.br/eproc/externo_controlador.php?acao=processo_consulta_publica
50010532420214025101,5001053-24.2021.4.02.5101,1727,Petição Criminal,"Crimes de &quot;Lavagem&quot; ou Ocultação de Bens, Direitos ou Valores",2021-01-11,2024-07-06T01:01:18.506000Z,9,G1,Eletrônico,https://eproc.jfrj.jus.br/eproc/externo_controlador.php?acao=processo_consulta_publica
50012403220214025101,5001240-32.2021.4.02.5101,1727,Petição Criminal,"Crimes de &quot;Lavagem&quot; ou Ocultação de Bens, Direitos ou Valores",2021-01-12,2024-07-05T20:26:05.110000Z,4,G1,Eletrônico,https://eproc.jfrj.jus.br/eproc/externo_controlador.php?acao=processo_consulta_publica
50012438420214025101,5001243-84.2021.4.02.5101,241,Petição Cível,"Crimes de &quot;Lavagem&quot; ou Ocultação de Bens, Direitos ou Valores",2021-01-12,2024-07-05T20:23:35.702000Z,6,G1,Eletrônico,https://eproc.jfrj.jus.br/eproc/externo_controlador.php?acao=processo_consulta_publica
50012472420214025101,5001247-24.2021.4.02.5101,241,Petição Cível,"Crimes de &quot;Lavagem&quot; ou Ocultação de Bens, Direitos ou Valores",2021-01-12,2024-07-05T20:30:36.734000Z,6,G1,Eletrônico,https://eproc.jfrj.jus.br/eproc/externo_controlador.php?acao=processo_consulta_publica
50012507620214025101,5001250-76.2021.4.02.5101,1727,Petição Criminal,"Crimes de &quot;Lavagem&quot; ou Ocultação de Bens, Direitos ou Valores",2021-01-12,2024-07-05T20:23:01.354000Z,7,G1,Eletrônico,https://eproc.jfrj.jus.br/eproc/externo_controlador.php?acao=processo_consulta_publica
50012524620214025101,5001252-46.2021.4.02.5101,1727,Petição Criminal,"Crimes de &quot;Lavagem&quot; ou Ocultação de Bens, Direitos ou Valores",2021-01-12,2024-07-05T20:23:37.466000Z,7,G1,Eletrônico,https://eproc.jfrj.jus.br/eproc/externo_controlador.php?acao=processo_consulta_publica
50012559820214025101,5001255-98.2021.4.02.5101,1727,Petição Criminal,"Crimes de &quot;Lavagem&quot; ou Ocultação de Bens, Direitos ou Valores",2021-01-12,2024-07-05T20:21:57.626000Z,7,G1,Eletrônico,https://eproc.jfrj.jus.br/eproc/externo_controlador.php?acao=processo_consulta_publica
50012568320214025101,5001256-83.2021.4.02.5101,1727,Petição Criminal,"Crimes de &quot;Lavagem&quot; ou Ocultação de Bens, Direitos ou Valores",2021-01-12,2024-07-05T20:27:53.077000Z,7,G1,Eletrônico,https://eproc.jfrj.jus.br/eproc/externo_controlador.php?acao=processo_consulta_publica
50012654520214025101,5001265-45.2021.4.02.5101,327,Embargos de Terceiro Criminal,Corrupção ativa ,2021-01-12,2024-07-05T20:30:09.163000Z,6,G1,Eletrônico,https://eproc.jfrj.jus.br/eproc/externo_controlador.php?acao=processo_consulta_publica
50015122620214025101,5001512-26.2021.4.02.5101,327,Embargos de Terceiro Criminal,"Crimes de &quot;Lavagem&quot; ou Ocultação de Bens, Direitos ou Valores",2021-01-13,2024-07-05T20:20:15.188000Z,4,G1,Eletrônico,https://eproc.jfrj.jus.br/eproc/externo_controlador.php?acao=processo_consulta_publica
50017131820214025101,5001713-18.2021.4.02.5101,326,Restituição de Coisas Apreendidas,Crimes Previstos na Legislação Extravagante,2021-01-15,2024-07-05T20:33:04.805000Z,5,G1,Eletrônico,https://eproc.jfrj.jus.br/eproc/externo_controlador.php?acao=processo_consulta_publica
50024927020214025101,5002492-70.2021.4.02.5101,319,Exceção de Incompetência de Juízo,"Corrupção ativa ; Crimes de &quot;Lavagem&quot; ou Ocultação de Bens, Direitos ou Valores; Rejeição",2021-01-19,2024-07-05T20:31:27.381000Z,4,G1,Eletrônico,https://eproc.jfrj.jus.br/eproc/externo_controlador.php?acao=processo_consulta_publica
50037623220214025101,5003762-32.2021.4.02.5101,1733,Procedimento Investigatório Criminal (PIC-MP) ,Estelionato,2021-01-26,2024-07-05T20:25:50.072000Z,3,G1,Eletrônico,https://eproc.jfrj.jus.br/eproc/externo_controlador.php?acao=processo_consulta_publica
50037813820214025101,5003781-38.2021.4.02.5101,241,Petição Cível,"Crimes de &quot;Lavagem&quot; ou Ocultação de Bens, Direitos ou Valores",2021-01-26,2024-07-05T20:26:16.188000Z,6,G1,Eletrônico,https://eproc.jfrj.jus.br/eproc/externo_controlador.php?acao=processo_consulta_publica
50041676820214025101,5004167-68.2021.4.02.5101,1727,Petição Criminal,"Crimes de &quot;Lavagem&quot; ou Ocultação de Bens, Direitos ou Valores",2021-01-27,2024-07-05T21:04:13.433000Z,6,G1,Eletrônico,https://eproc.jfrj.jus.br/eproc/externo_controlador.php?acao=processo_consulta_publica
50043832920214025101,5004383-29.2021.4.02.5101,309,Pedido de Busca e Apreensão Criminal,Crimes da Lei de licitações; Peculato,2021-01-28,2025-06-14T05:24:28.054000Z,29,G1,Eletrônico,https://eproc.jfrj.jus.br/eproc/externo_controlador.php?acao=processo_consulta_publica
50046267020214025101,5004626-70.2021.4.02.5101,283,Ação Penal - Procedimento Ordinário,Crimes contra a Ordem Tributária,2021-01-29,2026-08-21T00:06:46.345000Z,46,G1,Eletrônico,https://eproc.jfrj.jus.br/eproc/externo_controlador.php?acao=processo_consulta_publica
50048544520214025101,5004854-45.2021.4.02.5101,283,Ação Penal - Procedimento Ordinário,"Crimes contra o Sistema Financeiro Nacional; Crimes de &quot;Lavagem&quot; ou Ocultação de Bens, Direitos ou Valores",2021-02-01,2026-09-15T22:51:26.976000Z,55,G1,Eletrônico,https://eproc.jfrj.jus.br/eproc/externo_controlador.php?acao=processo_consulta_publica
50049904220214025101,5004990-42.2021.4.02.5101,1727,Petição Criminal,"Crimes de &quot;Lavagem&quot; ou Ocultação de Bens, Direitos ou Valores",2021-02-01,2024-07-05T21:05:40.304000Z,6,G1,Eletrônico,https://eproc.jfrj.jus.br/eproc/externo_controlador.php?acao=processo_consulta_publica
50052891920214025101,5005289-19.2021.4.02.5101,327,Embargos de Terceiro Criminal,"Crimes de &quot;Lavagem&quot; ou Ocultação de Bens, Direitos ou Valores; Indisponibilidade / Seqüestro de Bens",2021-02-02,2025-10-14T04:04:48.288000Z,9,G1,Eletrônico,https://eproc.jfrj.jus.br/eproc/externo_controlador.php?acao=processo_consulta_publica
50056122420214025101,5005612-24.2021.4.02.5101,326,Restituição de Coisas Apreendidas,"Crimes de &quot;Lavagem&quot; ou Ocultação de Bens, Direitos ou Valores",2021-02-03,2026-06-13T13:53:03.291000Z,11,G1,Eletrônico,https://eproc.jfrj.jus.br/eproc/externo_controlador.php?acao=processo_consulta_publica
50058219020214025101,5005821-90.2021.4.02.5101,241,Petição Cível,"Crimes de &quot;Lavagem&quot; ou Ocultação de Bens, Direitos ou Valores",2021-02-04,2024-07-05T21:06:28.291000Z,7,G1,Eletrônico,https://eproc.jfrj.jus.br/eproc/externo_controlador.php?acao=processo_consulta_publica
50060427320214025101,5006042-73.2021.4.02.5101,326,Restituição de Coisas Apreendidas,Busca e Apreensão de Bens; Corrupção ativa ,2021-02-05,2024-07-05T21:05:45.338000Z,7,G1,Eletrônico,https://eproc.jfrj.jus.br/eproc/externo_controlador.php?acao=processo_consulta_publica
50061085320214025101,5006108-53.2021.4.02.5101,1733,Procedimento Investigatório Criminal (PIC-MP) ,Crimes contra o Sistema Financeiro Nacional,2021-02-05,2024-07-05T21:06:51.404000Z,3,G1,Eletrônico,https://eproc.jfrj.jus.br/eproc/externo_controlador.php?acao=processo_consulta_publica
50067208820214025101,5006720-88.2021.4.02.5101,1733,Procedimento Investigatório Criminal (PIC-MP) ,Estelionato Majorado ,2021-02-09,2024-07-05T21:05:04.665000Z,3,G1,Eletrônico,https://eproc.jfrj.jus.br/eproc/externo_controlador.php?acao=processo_consulta_publica
50070213520214025101,5007021-35.2021.4.02.5101,326,Restituição de Coisas Apreendidas,"Crimes de &quot;Lavagem&quot; ou Ocultação de Bens, Direitos ou Valores",2021-02-10,2024-07-05T21:06:49.573000Z,5,G1,Eletrônico,https://eproc.jfrj.jus.br/eproc/externo_controlador.php?acao=processo_consulta_publica
50074076520214025101,5007407-65.2021.4.02.5101,283,Ação Penal - Procedimento Ordinário,"""Lavagem"" ou Ocultação de Bens, Direitos ou Valores Oriundos de Corrupção; Promoção, constituição, financiamento ou integração de Organização Criminosa",2021-02-11,2024-10-18T10:03:24.621000Z,17,G1,Eletrônico,https://eproc.jfrj.jus.br/eproc/externo_controlador.php?acao=processo_consulta_publica
50075011320214025101,5007501-13.2021.4.02.5101,1727,Petição Criminal,"Crimes de &quot;Lavagem&quot; ou Ocultação de Bens, Direitos ou Valores",2021-02-11,2024-07-05T21:07:35.909000Z,8,G1,Eletrônico,https://eproc.jfrj.jus.br/eproc/externo_controlador.php?acao=processo_consulta_publica
50080858020214025101,5008085-80.2021.4.02.5101,1733,Procedimento Investigatório Criminal (PIC-MP) ,Desobediência ,2021-02-17,2024-07-05T21:08:47.684000Z,3,G1,Eletrônico,https://eproc.jfrj.jus.br/eproc/externo_controlador.php?acao=processo_consulta_publica
50080927220214025101,5008092-72.2021.4.02.5101,1733,Procedimento Investigatório Criminal (PIC-MP) ,Uso de documento falso ,2021-02-17,2024-07-05T21:07:06.885000Z,3,G1,Eletrônico,https://eproc.jfrj.jus.br/eproc/externo_controlador.php?acao=processo_consulta_publica
50081117820214025101,5008111-78.2021.4.02.5101,1733,Procedimento Investigatório Criminal (PIC-MP) ,Desobediência ,2021-02-17,2024-07-05T21:07:31.703000Z,3,G1,Eletrônico,https://eproc.jfrj.jus.br/eproc/externo_controlador.php?acao=processo_consulta_publica
50081134820214025101,5008113-48.2021.4.02.5101,1733,Procedimento Investigatório Criminal (PIC-MP) ,Estelionato Majorado ,2021-02-17,2024-07-05T21:08:31.355000Z,3,G1,Eletrônico,https://eproc.jfrj.jus.br/eproc/externo_controlador.php?acao=processo_consulta_publica
50081143320214025101,5008114-33.2021.4.02.5101,1733,Procedimento Investigatório Criminal (PIC-MP) ,Sonegação de contribuição previdenciária ,2021-02-17,2024-07-05T23:23:57.228000Z,3,G1,Eletrônico,https://eproc.jfrj.jus.br/eproc/externo_controlador.php?acao=processo_consulta_publica
50081178520214025101,5008117-85.2021.4.02.5101,1733,Procedimento Investigatório Criminal (PIC-MP) ,Desobediência ,2021-02-17,2024-07-05T21:07:23.465000Z,3,G1,Eletrônico,https://eproc.jfrj.jus.br/eproc/externo_controlador.php?acao=processo_consulta_publica
50083672120214025101,5008367-21.2021.4.02.5101,293,Crimes Ambientais,Crimes contra o Meio Ambiente e o Patrimônio Genético,2021-02-18,2024-06-17T20:03:00.376000Z,23,JE,Eletrônico,https://eproc.jfrj.jus.br/eproc/externo_controlador.php?acao=processo_consulta_publica
50083931920214025101,5008393-19.2021.4.02.5101,293,Crimes Ambientais,Crimes contra o Meio Ambiente e o Patrimônio Genético,2021-02-18,2024-06-17T18:44:34.642000Z,13,JE,Eletrônico,https://eproc.jfrj.jus.br/eproc/externo_controlador.php?acao=processo_consulta_publica
50084339820214025101,5008433-98.2021.4.02.5101,283,Ação Penal - Procedimento Ordinário,"Crimes de &quot;Lavagem&quot; ou Ocultação de Bens, Direitos ou Valores; Peculato; Quadrilha ou Bando",2021-02-18,2026-09-15T22:51:59.152000Z,84,G1,Eletrônico,https://eproc.jfrj.jus.br/eproc/externo_controlador.php?acao=processo_consulta_publica
50084443020214025101,5008444-30.2021.4.02.5101,1727,Petição Criminal,Crimes de Tráfico Ilícito e Uso Indevido de Drogas,2021-02-18,2024-07-05T21:07:20.554000Z,19,G1,Eletrônico,https://eproc.jfrj.jus.br/eproc/externo_controlador.php?acao=processo_consulta_publica
50085014820214025101,5008501-48.2021.4.02.5101,1733,Procedimento Investigatório Criminal (PIC-MP) ,Calúnia,2021-02-19,2024-07-05T21:36:56.373000Z,3,G1,Eletrônico,https://eproc.jfrj.jus.br/eproc/externo_controlador.php?acao=processo_consulta_publica
50086686520214025101,5008668-65.2021.4.02.5101,283,Ação Penal - Procedimento Ordinário,Falsificação de documento público; Uso de documento falso ,2021-02-19,2024-07-05T23:23:54.948000Z,3,G1,Eletrônico,https://eproc.jfrj.jus.br/eproc/externo_controlador.php?acao=processo_consulta_publica
50089085420214025101,5008908-54.2021.4.02.5101,1733,Procedimento Investigatório Criminal (PIC-MP) ,Roubo ,2021-02-22,2024-07-05T21:07:44.606000Z,3,G1,Eletrônico,https://eproc.jfrj.jus.br/eproc/externo_controlador.php?acao=processo_consulta_publica
50091406620214025101,5009140-66.2021.4.02.5101,1733,Procedimento Investigatório Criminal (PIC-MP) ,Calúnia,2021-02-22,2024-07-05T23:23:39.014000Z,3,G1,Eletrônico,https://eproc.jfrj.jus.br/eproc/externo_controlador.php?acao=processo_consulta_publica
50091415120214025101,5009141-51.2021.4.02.5101,1733,Procedimento Investigatório Criminal (PIC-MP) ,Desobediência ,2021-02-22,2024-07-05T21:09:04.606000Z,3,G1,Eletrônico,https://eproc.jfrj.jus.br/eproc/externo_controlador.php?acao=processo_consulta_publica
50091458820214025101,5009145-88.2021.4.02.5101,1733,Procedimento Investigatório Criminal (PIC-MP) ,Difamação,2021-02-22,2024-07-05T21:09:01.938000Z,3,G1,Eletrônico,https://eproc.jfrj.jus.br/eproc/externo_controlador.php?acao=processo_consulta_publica
50094402820214025101,5009440-28.2021.4.02.5101,1733,Procedimento Investigatório Criminal (PIC-MP) ,Estelionato Majorado ,2021-02-23,2024-07-05T21:34:59.314000Z,3,G1,Eletrônico,https://eproc.jfrj.jus.br/eproc/externo_controlador.php?acao=processo_consulta_publica
50094411320214025101,5009441-13.2021.4.02.5101,327,Embargos de Terceiro Criminal,"""Lavagem"" ou Ocultação de Bens, Direitos ou Valores Oriundos de Corrupção",2021-02-23,2024-07-05T21:35:00.198000Z,5,G1,Eletrônico,https://eproc.jfrj.jus.br/eproc/externo_controlador.php?acao=processo_consulta_publica
50094844720214025101,5009484-47.2021.4.02.5101,1733,Procedimento Investigatório Criminal (PIC-MP) ,Crimes do Sistema Nacional de Armas; Estelionato,2021-02-23,2024-07-05T21:15:31.775000Z,3,G1,Eletrônico,https://eproc.jfrj.jus.br/eproc/externo_controlador.php?acao=processo_consulta_publica
50096126720214025101,5009612-67.2021.4.02.5101,1727,Petição Criminal,Falsidade ideológica ,2021-02-24,2024-07-05T21:08:07.946000Z,4,G1,Eletrônico,https://eproc.jfrj.jus.br/eproc/externo_controlador.php?acao=processo_consulta_publica
50097477920214025101,5009747-79.2021.4.02.5101,327,Embargos de Terceiro Criminal,"""Lavagem"" ou Ocultação de Bens, Direitos ou Valores Oriundos de Corrupção",2021-02-24,2024-07-05T21:07:46.298000Z,4,G1,Eletrônico,https://eproc.jfrj.jus.br/eproc/externo_controlador.php?acao=processo_consulta_publica
50098118920214025101,5009811-89.2021.4.02.5101,1733,Procedimento Investigatório Criminal (PIC-MP) ,Estelionato Majorado ,2021-02-24,2024-07-05T23:24:25.429000Z,3,G1,Eletrônico,https://eproc.jfrj.jus.br/eproc/externo_controlador.php?acao=processo_consulta_publica
50099564820214025101,5009956-48.2021.4.02.5101,1733,Procedimento Investigatório Criminal (PIC-MP) ,Tráfico de Drogas e Condutas Afins,2021-02-25,2024-07-05T21:36:27.068000Z,3,G1,Eletrônico,https://eproc.jfrj.jus.br/eproc/externo_controlador.php?acao=processo_consulta_publica
50099590320214025101,5009959-03.2021.4.02.5101,1733,Procedimento Investigatório Criminal (PIC-MP) ,Estelionato,2021-02-25,2024-07-05T21:37:43.968000Z,3,G1,Eletrônico,https://eproc.jfrj.jus.br/eproc/externo_controlador.php?acao=processo_consulta_publica
50101192820214025101,5010119-28.2021.4.02.5101,1733,Procedimento Investigatório Criminal (PIC-MP) ,Estelionato,2021-02-25,2024-07-05T21:08:13.806000Z,3,G1,Eletrônico,https://eproc.jfrj.jus.br/eproc/externo_controlador.php?acao=processo_consulta_publica
50102803820214025101,5010280-38.2021.4.02.5101,1727,Petição Criminal,Estelionato Majorado ,2021-02-26,2024-07-05T21:37:31.831000Z,4,G1,Eletrônico,https://eproc.jfrj.jus.br/eproc/externo_controlador.php?acao=processo_consulta_publica
50103358620214025101,5010335-86.2021.4.02.5101,1733,Procedimento Investigatório Criminal (PIC-MP) ,Estelionato Majorado ,2021-02-26,2024-07-05T21:36:57.782000Z,3,G1,Eletrônico,https://eproc.jfrj.jus.br/eproc/externo_controlador.php?acao=processo_consulta_publica
50103947420214025101,5010394-74.2021.4.02.5101,1733,Procedimento Investigatório Criminal (PIC-MP) ,Desobediência ,2021-02-26,2024-07-05T21:09:00.421000Z,3,G1,Eletrônico,https://eproc.jfrj.jus.br/eproc/externo_controlador.php?acao=processo_consulta_publica
50107766720214025101,5010776-67.2021.4.02.5101,1727,Petição Criminal,Crimes contra o Sistema Financeiro Nacional,2021-02-26,2024-07-05T21:37:58.574000Z,13,G1,Eletrônico,https://eproc.jfrj.jus.br/eproc/externo_controlador.php?acao=processo_consulta_publica
50107783720214025101,5010778-37.2021.4.02.5101,1733,Procedimento Investigatório Criminal (PIC-MP) ,Crimes contra a Ordem Tributária,2021-02-26,2024-07-05T21:37:31.422000Z,3,G1,Eletrônico,https://eproc.jfrj.jus.br/eproc/externo_controlador.php?acao=processo_consulta_publica
50108762220214025101,5010876-22.2021.4.02.5101,1727,Petição Criminal,Condescendência criminosa; Denunciação caluniosa ; Emprego irregular de verbas ou rendas públicas ; Exercício arbitrário ou abuso de poder ; Prestação de Alimentos,2021-02-28,2024-07-05T21:37:18.540000Z,8,G1,Eletrônico,https://eproc.jfrj.jus.br/eproc/externo_controlador.php?acao=processo_consulta_publica
50111845820214025101,5011184-58.2021.4.02.5101,1733,Procedimento Investigatório Criminal (PIC-MP) ,Desobediência ,2021-03-01,2024-07-05T21:38:55.356000Z,3,G1,Eletrônico,https://eproc.jfrj.jus.br/eproc/externo_controlador.php?acao=processo_consulta_publica
50111984220214025101,5011198-42.2021.4.02.5101,1733,Procedimento Investigatório Criminal (PIC-MP) ,Estelionato Majorado ,2021-03-01,2024-07-05T21:37:16.945000Z,3,G1,Eletrônico,https://eproc.jfrj.jus.br/eproc/externo_controlador.php?acao=processo_consulta_publica
50113023420214025101,5011302-34.2021.4.02.5101,1733,Procedimento Investigatório Criminal (PIC-MP) ,Crimes contra o Sistema Financeiro Nacional,2021-03-01,2024-07-05T21:38:54.225000Z,3,G1,Eletrônico,https://eproc.jfrj.jus.br/eproc/externo_controlador.php?acao=processo_consulta_publica
50113448320214025101,5011344-83.2021.4.02.5101,1733,Procedimento Investigatório Criminal (PIC-MP) ,Estelionato Majorado ,2021-03-01,2024-07-05T21:37:06.967000Z,3,G1,Eletrônico,https://eproc.jfrj.jus.br/eproc/externo_controlador.php?acao=processo_consulta_publica
50113612220214025101,5011361-22.2021.4.02.5101,1733,Procedimento Investigatório Criminal (PIC-MP) ,Estelionato Majorado ,2021-03-01,2024-07-05T23:24:14.024000Z,3,G1,Eletrônico,https://eproc.jfrj.jus.br/eproc/externo_controlador.php?acao=processo_consulta_publica
50113664420214025101,5011366-44.2021.4.02.5101,1733,Procedimento Investigatório Criminal (PIC-MP) ,Crimes contra a Ordem Tributária,2021-03-01,2024-07-05T21:37:55.789000Z,3,G1,Eletrônico,https://eproc.jfrj.jus.br/eproc/externo_controlador.php?acao=processo_consulta_publica
50113681420214025101,5011368-14.2021.4.02.5101,1733,Procedimento Investigatório Criminal (PIC-MP) ,Furto Qualificado ,2021-03-01,2024-07-05T21:37:58.515000Z,3,G1,Eletrônico,https://eproc.jfrj.jus.br/eproc/externo_controlador.php?acao=processo_consulta_publica
50114028620214025101,5011402-86.2021.4.02.5101,1733,Procedimento Investigatório Criminal (PIC-MP) ,Desobediência ,2021-03-02,2024-07-05T21:38:03.595000Z,3,G1,Eletrônico,https://eproc.jfrj.jus.br/eproc/externo_controlador.php?acao=processo_consulta_publica
50115838720214025101,5011583-87.2021.4.02.5101,1733,Procedimento Investigatório Criminal (PIC-MP) ,Apropriação indébita Previdenciária ; Sonegação de contribuição previdenciária ,2021-03-02,2024-07-05T21:39:20.884000Z,3,G1,Eletrônico,https://eproc.jfrj.jus.br/eproc/externo_controlador.php?acao=processo_consulta_publica
50115924920214025101,5011592-49.2021.4.02.5101,1733,Procedimento Investigatório Criminal (PIC-MP) ,Estelionato Majorado ,2021-03-02,2024-07-05T21:37:34.233000Z,3,G1,Eletrônico,https://eproc.jfrj.jus.br/eproc/externo_controlador.php?acao=processo_consulta_publica
50116011120214025101,5011601-11.2021.4.02.5101,1733,Procedimento Investigatório Criminal (PIC-MP) ,Estelionato Majorado ,2021-03-02,2024-07-05T21:36:51.064000Z,3,G1,Eletrônico,https://eproc.jfrj.jus.br/eproc/externo_controlador.php?acao=processo_consulta_publica
50116107020214025101,5011610-70.2021.4.02.5101,1733,Procedimento Investigatório Criminal (PIC-MP) ,Desobediência ,2021-03-02,2024-07-05T21:37:37.631000Z,3,G1,Eletrônico,https://eproc.jfrj.jus.br/eproc/externo_controlador.php?acao=processo_consulta_publica
50116141020214025101,5011614-10.2021.4.02.5101,1733,Procedimento Investigatório Criminal (PIC-MP) ,Contrabando ou descaminho ,2021-03-02,2024-07-05T21:39:15.390000Z,3,G1,Eletrônico,https://eproc.jfrj.jus.br/eproc/externo_controlador.php?acao=processo_consulta_publica
50116314620214025101,5011631-46.2021.4.02.5101,307,Habeas Corpus Criminal,Crimes de Abuso de Autoridade,2021-03-02,2024-07-05T21:37:47.113000Z,7,G1,Eletrônico,https://eproc.jfrj.jus.br/eproc/externo_controlador.php?acao=processo_consulta_publica
50116349820214025101,5011634-98.2021.4.02.5101,1733,Procedimento Investigatório Criminal (PIC-MP) ,Estelionato Majorado ,2021-03-02,2024-07-05T21:38:36.500000Z,3,G1,Eletrônico,https://eproc.jfrj.jus.br/eproc/externo_controlador.php?acao=processo_consulta_publica
50116522220214025101,5011652-22.2021.4.02.5101,1733,Procedimento Investigatório Criminal (PIC-MP) ,Estelionato Majorado ,2021-03-02,2024-07-05T21:37:31.358000Z,3,G1,Eletrônico,https://eproc.jfrj.jus.br/eproc/externo_controlador.php?acao=processo_consulta_publica
50116557420214025101,5011655-74.2021.4.02.5101,327,Embargos de Terceiro Criminal,"Indisponibilidade / Seqüestro de Bens; Promoção, constituição, financiamento ou integração de Organização Criminosa",2021-03-02,2024-07-05T23:24:09.858000Z,7,G1,Eletrônico,https://eproc.jfrj.jus.br/eproc/externo_controlador.php?acao=processo_consulta_publica
50116565920214025101,5011656-59.2021.4.02.5101,1733,Procedimento Investigatório Criminal (PIC-MP) ,Desobediência ,2021-03-02,2024-07-05T21:39:55.309000Z,3,G1,Eletrônico,https://eproc.jfrj.jus.br/eproc/externo_controlador.php?acao=processo_consulta_publica
50116574420214025101,5011657-44.2021.4.02.5101,280,Auto de Prisão em Flagrante,Poluição,2021-03-02,2024-07-05T21:39:56.282000Z,6,G1,Eletrônico,https://eproc.jfrj.jus.br/eproc/externo_controlador.php?acao=processo_consulta_publica
50117024820214025101,5011702-48.2021.4.02.5101,307,Habeas Corpus Criminal,Crimes de Abuso de Autoridade,2021-03-03,2024-07-05T21:37:30.697000Z,6,G1,Eletrônico,https://eproc.jfrj.jus.br/eproc/externo_controlador.php?acao=processo_consulta_publica
50118133220214025101,5011813-32.2021.4.02.5101,1733,Procedimento Investigatório Criminal (PIC-MP) ,Estelionato Majorado ,2021-03-03,2024-07-05T21:37:23.376000Z,3,G1,Eletrônico,https://eproc.jfrj.jus.br/eproc/externo_controlador.php?acao=processo_consulta_publica
50118887120214025101,5011888-71.2021.4.02.5101,1733,Procedimento Investigatório Criminal (PIC-MP) ,Fato Atípico,2021-03-03,2024-07-05T21:37:35.553000Z,3,G1,Eletrônico,https://eproc.jfrj.jus.br/eproc/externo_controlador.php?acao=processo_consulta_publica
50119302320214025101,5011930-23.2021.4.02.5101,1733,Procedimento Investigatório Criminal (PIC-MP) ,Uso de documento falso ,2021-03-03,2024-07-05T21:37:51.265000Z,3,G1,Eletrônico,https://eproc.jfrj.jus.br/eproc/externo_controlador.php?acao=processo_consulta_publica
50119423720214025101,5011942-37.2021.4.02.5101,1733,Procedimento Investigatório Criminal (PIC-MP) ,Estelionato Majorado ,2021-03-03,2024-07-05T21:39:51.510000Z,3,G1,Eletrônico,https://eproc.jfrj.jus.br/eproc/externo_controlador.php?acao=processo_consulta_publica
50119458920214025101,5011945-89.2021.4.02.5101,1733,Procedimento Investigatório Criminal (PIC-MP) ,Estelionato Majorado ,2021-03-03,2024-07-05T21:37:27.628000Z,3,G1,Eletrônico,https://eproc.jfrj.jus.br/eproc/externo_controlador.php?acao=processo_consulta_publica
50119796420214025101,5011979-64.2021.4.02.5101,279,Inquérito Policial,Contrabando ou descaminho ,2021-03-03,2026-09-15T22:52:57.139000Z,11,G1,Eletrônico,https://eproc.jfrj.jus.br/eproc/externo_controlador.php?acao=processo_consulta_publica
50122897020214025101,5012289-70.2021.4.02.5101,1733,Procedimento Investigatório Criminal (PIC-MP) ,"Crimes de &quot;Lavagem&quot; ou Ocultação de Bens, Direitos ou Valores",2021-03-04,2024-07-05T21:37:55.868000Z,3,G1,Eletrônico,https://eproc.jfrj.jus.br/eproc/externo_controlador.php?acao=processo_consulta_publica
50123303720214025101,5012330-37.2021.4.02.5101,1733,Procedimento Investigatório Criminal (PIC-MP) ,Estelionato Majorado ,2021-03-04,2024-07-05T21:39:59.631000Z,3,G1,Eletrônico,https://eproc.jfrj.jus.br/eproc/externo_controlador.php?acao=processo_consulta_publica
50123684920214025101,5012368-49.2021.4.02.5101,1733,Procedimento Investigatório Criminal (PIC-MP) ,Estelionato Majorado ,2021-03-04,2024-07-05T21:38:55.721000Z,3,G1,Eletrônico,https://eproc.jfrj.jus.br/eproc/externo_controlador.php?acao=processo_consulta_publica
50124481320214025101,5012448-13.2021.4.02.5101,1733,Procedimento Investigatório Criminal (PIC-MP) ,Calúnia,2021-03-04,2024-07-05T23:23:58.826000Z,3,G1,Eletrônico,https://eproc.jfrj.jus.br/eproc/externo_controlador.php?acao=processo_consulta_publica
50124525020214025101,5012452-50.2021.4.02.5101,1733,Procedimento Investigatório Criminal (PIC-MP) ,Estelionato,2021-03-04,2024-07-05T21:39:15.473000Z,3,G1,Eletrônico,https://eproc.jfrj.jus.br/eproc/externo_controlador.php?acao=processo_consulta_publica
50124533520214025101,5012453-35.2021.4.02.5101,1733,Procedimento Investigatório Criminal (PIC-MP) ,Estelionato Majorado ,2021-03-04,2024-07-05T21:37:37.299000Z,3,G1,Eletrônico,https://eproc.jfrj.jus.br/eproc/externo_controlador.php?acao=processo_consulta_publica
50124568720214025101,5012456-87.2021.4.02.5101,1733,Procedimento Investigatório Criminal (PIC-MP) ,Estelionato Majorado ,2021-03-04,2024-07-05T21:37:30.186000Z,3,G1,Eletrônico,https://eproc.jfrj.jus.br/eproc/externo_controlador.php?acao=processo_consulta_publica
50124585720214025101,5012458-57.2021.4.02.5101,1733,Procedimento Investigatório Criminal (PIC-MP) ,Tráfico Interno de Pessoas,2021-03-04,2024-02-29T21:14:38.350000Z,3,G1,Eletrônico,https://eproc.jfrj.jus.br/eproc/externo_controlador.php?acao=processo_consulta_publica
50126222220214025101,5012622-22.2021.4.02.5101,1733,Procedimento Investigatório Criminal (PIC-MP) ,Inserção de dados falsos em sistema de informações ,2021-03-05,2024-07-05T21:39:02.615000Z,3,G1,Eletrônico,https://eproc.jfrj.jus.br/eproc/externo_controlador.php?acao=processo_consulta_publica
50003080820214025113,5000308-08.2021.4.02.5113,330,Arresto / Hipoteca Legal,Estelionato Majorado ; Indisponibilidade / Seqüestro de Bens,2021-03-08,2024-07-06T01:00:19.458000Z,26,G1,Eletrônico,https://eproc.jfrj.jus.br/eproc/externo_controlador.php?acao=processo_consulta_publica
50005119120214025105,5000511-91.2021.4.02.5105,279,Inquérito Policial,Estelionato Majorado ,2021-03-08,2026-09-15T22:53:14.011000Z,31,G1,Eletrônico,https://eproc.jfrj.jus.br/eproc/externo_controlador.php?acao=processo_consulta_publica
50144972720214025101,5014497-27.2021.4.02.5101,1733,Procedimento Investigatório Criminal (PIC-MP) ,Fato Atípico,2021-03-08,2024-07-05T21:38:34.618000Z,3,G1,Eletrônico,https://eproc.jfrj.jus.br/eproc/externo_controlador.php?acao=processo_consulta_publica
50145068620214025101,5014506-86.2021.4.02.5101,280,Auto de Prisão em Flagrante,Receptação,2021-03-08,2024-07-05T21:38:04.195000Z,6,G1,Eletrônico,https://eproc.jfrj.jus.br/eproc/externo_controlador.php?acao=processo_consulta_publica
50146843520214025101,5014684-35.2021.4.02.5101,1733,Procedimento Investigatório Criminal (PIC-MP) ,Sonegação de contribuição previdenciária ,2021-03-09,2024-07-05T21:39:29.760000Z,3,G1,Eletrônico,https://eproc.jfrj.jus.br/eproc/externo_controlador.php?acao=processo_consulta_publica
50148280920214025101,5014828-09.2021.4.02.5101,1733,Procedimento Investigatório Criminal (PIC-MP) ,Injúria,2021-03-09,2024-07-05T21:41:36.464000Z,3,G1,Eletrônico,https://eproc.jfrj.jus.br/eproc/externo_controlador.php?acao=processo_consulta_publica
50149026320214025101,5014902-63.2021.4.02.5101,283,Ação Penal - Procedimento Ordinário,"""Lavagem"" ou Ocultação de Bens, Direitos ou Valores Oriundos de Corrupção; Corrupção passiva ; Promoção, constituição, financiamento ou integração de Organização Criminosa",2021-03-09,2024-07-05T21:40:19.207000Z,12,G1,Eletrônico,https://eproc.jfrj.jus.br/eproc/externo_controlador.php?acao=processo_consulta_publica
50149164720214025101,5014916-47.2021.4.02.5101,283,Ação Penal - Procedimento Ordinário,"""Lavagem"" ou Ocultação de Bens, Direitos ou Valores Oriundos de Corrupção; Corrupção passiva ; Promoção, constituição, financiamento ou integração de Organização Criminosa",2021-03-09,2026-09-15T22:53:07.057000Z,25,G1,Eletrônico,https://eproc.jfrj.jus.br/eproc/externo_controlador.php?acao=processo_consulta_publica
50151018520214025101,5015101-85.2021.4.02.5101,327,Embargos de Terceiro Criminal,"Promoção, constituição, financiamento ou integração de Organização Criminosa",2021-03-10,2024-07-05T21:39:08.082000Z,8,G1,Eletrônico,https://eproc.jfrj.jus.br/eproc/externo_controlador.php?acao=processo_consulta_publica
50151096220214025101,5015109-62.2021.4.02.5101,283,Ação Penal - Procedimento Ordinário,Crimes Eleitorais,2021-03-10,2024-07-05T21:39:30.452000Z,6,G1,Eletrônico,https://eproc.jfrj.jus.br/eproc/externo_controlador.php?acao=processo_consulta_publica
50151408220214025101,5015140-82.2021.4.02.5101,326,Restituição de Coisas Apreendidas,Corrupção passiva ,2021-03-10,2024-07-05T21:38:41.701000Z,22,G1,Eletrônico,https://eproc.jfrj.jus.br/eproc/externo_controlador.php?acao=processo_consulta_publica
50151529620214025101,5015152-96.2021.4.02.5101,283,Ação Penal - Procedimento Ordinário,Falsificação de documento particular ; Uso de documento falso ,2021-03-10,2024-07-05T21:38:27.818000Z,29,G1,Eletrônico,https://eproc.jfrj.jus.br/eproc/externo_controlador.php?acao=processo_consulta_publica
50151572120214025101,5015157-21.2021.4.02.5101,1733,Procedimento Investigatório Criminal (PIC-MP) ,Desobediência ,2021-03-10,2024-07-05T21:38:44.189000Z,3,G1,Eletrônico,https://eproc.jfrj.jus.br/eproc/externo_controlador.php?acao=processo_consulta_publica
50151676520214025101,5015167-65.2021.4.02.5101,1733,Procedimento Investigatório Criminal (PIC-MP) ,Estelionato,2021-03-10,2024-07-05T21:40:03.560000Z,3,G1,Eletrônico,https://eproc.jfrj.jus.br/eproc/externo_controlador.php?acao=processo_consulta_publica
50152378220214025101,5015237-82.2021.4.02.5101,1733,Procedimento Investigatório Criminal (PIC-MP) ,Estelionato Majorado ,2021-03-10,2024-07-05T21:39:37.657000Z,3,G1,Eletrônico,https://eproc.jfrj.jus.br/eproc/externo_controlador.php?acao=processo_consulta_publica
50152862620214025101,5015286-26.2021.4.02.5101,1733,Procedimento Investigatório Criminal (PIC-MP) ,Estelionato Majorado ,2021-03-10,2024-07-05T21:37:50.153000Z,3,G1,Eletrônico,https://eproc.jfrj.jus.br/eproc/externo_controlador.php?acao=processo_consulta_publica
50152897820214025101,5015289-78.2021.4.02.5101,1733,Procedimento Investigatório Criminal (PIC-MP) ,Falsificação de documento público,2021-03-10,2024-07-05T21:38:38.327000Z,3,G1,Eletrônico,https://eproc.jfrj.jus.br/eproc/externo_controlador.php?acao=processo_consulta_publica
50155305220214025101,5015530-52.2021.4.02.5101,1733,Procedimento Investigatório Criminal (PIC-MP) ,Fato Atípico,2021-03-11,2024-07-05T21:39:22.099000Z,3,G1,Eletrônico,https://eproc.jfrj.jus.br/eproc/externo_controlador.php?acao=processo_consulta_publica
50155686420214025101,5015568-64.2021.4.02.5101,37,Embargos de Terceiro Cível,"""Lavagem"" ou Ocultação de Bens, Direitos ou Valores Oriundos de Corrupção",2021-03-11,2024-07-05T21:39:34.591000Z,4,G1,Eletrônico,https://eproc.jfrj.jus.br/eproc/externo_controlador.php?acao=processo_consulta_publica
50155694920214025101,5015569-49.2021.4.02.5101,327,Embargos de Terceiro Criminal,"""Lavagem"" ou Ocultação de Bens, Direitos ou Valores Oriundos de Corrupção",2021-03-11,2024-07-05T21:39:50.218000Z,4,G1,Eletrônico,https://eproc.jfrj.jus.br/eproc/externo_controlador.php?acao=processo_consulta_publica
50156145320214025101,5015614-53.2021.4.02.5101,1733,Procedimento Investigatório Criminal (PIC-MP) ,Estelionato Majorado ,2021-03-11,2024-07-05T21:38:21.022000Z,3,G1,Eletrônico,https://eproc.jfrj.jus.br/eproc/externo_controlador.php?acao=processo_consulta_publica
50156604220214025101,5015660-42.2021.4.02.5101,1727,Petição Criminal,"Promoção, constituição, financiamento ou integração de Organização Criminosa",2021-03-11,2024-07-05T21:39:42.808000Z,4,G1,Eletrônico,https://eproc.jfrj.jus.br/eproc/externo_controlador.php?acao=processo_consulta_publica
50160163720214025101,5016016-37.2021.4.02.5101,279,Inquérito Policial,Contrabando ou descaminho ,2021-03-12,2025-03-13T20:31:11.729000Z,6,G1,Eletrônico,https://eproc.jfrj.jus.br/eproc/externo_controlador.php?acao=processo_consulta_publica
50162311320214025101,5016231-13.2021.4.02.5101,1727,Petição Criminal,Estelionato Majorado ,2021-03-15,2024-07-05T21:39:26.905000Z,4,G1,Eletrônico,https://eproc.jfrj.jus.br/eproc/externo_controlador.php?acao=processo_consulta_publica
50164433420214025101,5016443-34.2021.4.02.5101,326,Restituição de Coisas Apreendidas,Corrupção ativa ,2021-03-15,2025-04-14T14:34:32.536000Z,47,G1,Eletrônico,https://eproc.jfrj.jus.br/eproc/externo_controlador.php?acao=processo_consulta_publica
50165958220214025101,5016595-82.2021.4.02.5101,1727,Petição Criminal,Cerceamento de Defesa,2021-03-15,2024-07-05T21:38:56.306000Z,5,G1,Eletrônico,https://eproc.jfrj.jus.br/eproc/externo_controlador.php?acao=processo_consulta_publica
50170244920214025101,5017024-49.2021.4.02.5101,283,Ação Penal - Procedimento Ordinário,Contrabando ou descaminho ,2021-03-16,2026-09-15T22:53:07.934000Z,25,G1,Eletrônico,https://eproc.jfrj.jus.br/eproc/externo_controlador.php?acao=processo_consulta_publica
50170678320214025101,5017067-83.2021.4.02.5101,1733,Procedimento Investigatório Criminal (PIC-MP) ,"Crimes contra a Segurança Nacional, a Ordem Política e Social",2021-03-16,2024-07-05T21:40:07.931000Z,3,G1,Eletrônico,https://eproc.jfrj.jus.br/eproc/externo_controlador.php?acao=processo_consulta_publica
50175805120214025101,5017580-51.2021.4.02.5101,319,Exceção de Incompetência de Juízo,"Promoção, constituição, financiamento ou integração de Organização Criminosa",2021-03-17,2024-07-05T21:39:39.137000Z,4,G1,Eletrônico,https://eproc.jfrj.jus.br/eproc/externo_controlador.php?acao=processo_consulta_publica
50179373120214025101,5017937-31.2021.4.02.5101,283,Ação Penal - Procedimento Ordinário,Abuso de Incapazes; Estelionato,2021-03-18,2026-08-20T23:42:23.347000Z,24,G1,Eletrônico,https://eproc.jfrj.jus.br/eproc/externo_controlador.php?acao=processo_consulta_publica
50180732820214025101,5018073-28.2021.4.02.5101,283,Ação Penal - Procedimento Ordinário,Falsificação de documento público; Uso de documento falso ,2021-03-19,2024-07-05T21:45:00.412000Z,22,G1,Eletrônico,https://eproc.jfrj.jus.br/eproc/externo_controlador.php?acao=processo_consulta_publica
50182777220214025101,5018277-72.2021.4.02.5101,1717,Alienação de Bens do Acusado,Corrupção ativa ,2021-03-19,2025-03-13T20:30:26.526000Z,47,G1,Eletrônico,https://eproc.jfrj.jus.br/eproc/externo_controlador.php?acao=processo_consulta_publica
50184379720214025101,5018437-97.2021.4.02.5101,307,Habeas Corpus Criminal,Fato Atípico,2021-03-20,2024-07-05T21:41:34.785000Z,6,G1,Eletrônico,https://eproc.jfrj.jus.br/eproc/externo_controlador.php?acao=processo_consulta_publica
50185626520214025101,5018562-65.2021.4.02.5101,1733,Procedimento Investigatório Criminal (PIC-MP) ,Moeda Falsa / Assimilados,2021-03-22,2024-07-05T21:46:03.482000Z,3,G1,Eletrônico,https://eproc.jfrj.jus.br/eproc/externo_controlador.php?acao=processo_consulta_publica
50187990220214025101,5018799-02.2021.4.02.5101,283,Ação Penal - Procedimento Ordinário,Falsa identidade ; Roubo Majorado,2021-03-22,2024-07-05T21:39:31.706000Z,25,G1,Eletrônico,https://eproc.jfrj.jus.br/eproc/externo_controlador.php?acao=processo_consulta_publica
50188691920214025101,5018869-19.2021.4.02.5101,283,Ação Penal - Procedimento Ordinário,Crimes da Lei de licitações,2021-03-22,2024-07-05T21:45:24.794000Z,20,G1,Eletrônico,https://eproc.jfrj.jus.br/eproc/externo_controlador.php?acao=processo_consulta_publica
50188830320214025101,5018883-03.2021.4.02.5101,1733,Procedimento Investigatório Criminal (PIC-MP) ,"""Lavagem"" ou Ocultação de Bens, Direitos ou Valores Oriundos de Corrupção; Peculato",2021-03-22,2024-07-05T21:39:51.741000Z,3,G1,Eletrônico,https://eproc.jfrj.jus.br/eproc/externo_controlador.php?acao=processo_consulta_publica
50200999620214025101,5020099-96.2021.4.02.5101,1733,Procedimento Investigatório Criminal (PIC-MP) ,Estelionato; Inserção de dados falsos em sistema de informações ,2021-03-23,2024-07-05T22:15:51.666000Z,3,G1,Eletrônico,https://eproc.jfrj.jus.br/eproc/externo_controlador.php?acao=processo_consulta_publica
50201267920214025101,5020126-79.2021.4.02.5101,1733,Procedimento Investigatório Criminal (PIC-MP) ,Estelionato Majorado ,2021-03-23,2024-07-05T22:13:41.708000Z,3,G1,Eletrônico,https://eproc.jfrj.jus.br/eproc/externo_controlador.php?acao=processo_consulta_publica
50201561720214025101,5020156-17.2021.4.02.5101,1733,Procedimento Investigatório Criminal (PIC-MP) ,Fato Atípico,2021-03-23,2024-07-05T21:41:35.334000Z,3,G1,Eletrônico,https://eproc.jfrj.jus.br/eproc/externo_controlador.php?acao=processo_consulta_publica
50201622420214025101,5020162-24.2021.4.02.5101,1733,Procedimento Investigatório Criminal (PIC-MP) ,Contrabando ou descaminho ,2021-03-23,2024-07-05T21:41:59.391000Z,3,G1,Eletrônico,https://eproc.jfrj.jus.br/eproc/externo_controlador.php?acao=processo_consulta_publica
50202766020214025101,5020276-60.2021.4.02.5101,279,Inquérito Policial,Crimes do Sistema Nacional de Armas; Resistência ,2021-03-23,2024-07-05T21:39:50.097000Z,9,G1,Eletrônico,https://eproc.jfrj.jus.br/eproc/externo_controlador.php?acao=processo_consulta_publica
50203788220214025101,5020378-82.2021.4.02.5101,37,Embargos de Terceiro Cível,"Crimes de &quot;Lavagem&quot; ou Ocultação de Bens, Direitos ou Valores",2021-03-24,2025-07-15T19:08:08.728000Z,14,G1,Eletrônico,https://eproc.jfrj.jus.br/eproc/externo_controlador.php?acao=processo_consulta_publica
50210067120214025101,5021006-71.2021.4.02.5101,1727,Petição Criminal,"Promoção, constituição, financiamento ou integração de Organização Criminosa",2021-03-25,2024-07-05T21:45:34.834000Z,3,G1,Eletrônico,https://eproc.jfrj.jus.br/eproc/externo_controlador.php?acao=processo_consulta_publica
50238136420214025101,5023813-64.2021.4.02.5101,1727,Petição Criminal,"Crimes de &quot;Lavagem&quot; ou Ocultação de Bens, Direitos ou Valores",2021-04-05,2024-07-05T21:40:14.003000Z,6,G1,Eletrônico,https://eproc.jfrj.jus.br/eproc/externo_controlador.php?acao=processo_consulta_publica
50238664520214025101,5023866-45.2021.4.02.5101,1727,Petição Criminal,"""Lavagem"" ou Ocultação de Bens, Direitos ou Valores Oriundos de Corrupção; Corrupção ativa ",2021-04-05,2024-07-05T22:14:22.993000Z,6,G1,Eletrônico,https://eproc.jfrj.jus.br/eproc/externo_controlador.php?acao=processo_consulta_publica
50239366220214025101,5023936-62.2021.4.02.5101,283,Ação Penal - Procedimento Ordinário,Falsificação de documento público; Uso de documento falso ,2021-04-05,2024-09-26T20:52:50.143000Z,19,G1,Eletrônico,https://eproc.jfrj.jus.br/eproc/externo_controlador.php?acao=processo_consulta_publica
50241842820214025101,5024184-28.2021.4.02.5101,327,Embargos de Terceiro Criminal,"""Lavagem"" ou Ocultação de Bens, Direitos ou Valores Oriundos de Corrupção",2021-04-06,2024-07-05T22:15:08.486000Z,4,G1,Eletrônico,https://eproc.jfrj.jus.br/eproc/externo_controlador.php?acao=processo_consulta_publica
50245324620214025101,5024532-46.2021.4.02.5101,279,Inquérito Policial,Falsidade ideológica praticada por Funcionário Público,2021-04-07,2024-07-05T21:42:22.208000Z,3,G1,Eletrônico,https://eproc.jfrj.jus.br/eproc/externo_controlador.php?acao=processo_consulta_publica
50246026320214025101,5024602-63.2021.4.02.5101,326,Restituição de Coisas Apreendidas,"Crimes de &quot;Lavagem&quot; ou Ocultação de Bens, Direitos ou Valores",2021-04-07,2024-07-05T21:41:13.003000Z,18,G1,Eletrônico,https://eproc.jfrj.jus.br/eproc/externo_controlador.php?acao=processo_consulta_publica
50250677220214025101,5025067-72.2021.4.02.5101,1727,Petição Criminal,"Crimes de &quot;Lavagem&quot; ou Ocultação de Bens, Direitos ou Valores",2021-04-09,2024-07-05T22:17:17.166000Z,6,G1,Eletrônico,https://eproc.jfrj.jus.br/eproc/externo_controlador.php?acao=processo_consulta_publica
50256557920214025101,5025655-79.2021.4.02.5101,319,Exceção de Incompetência de Juízo,"Crimes de &quot;Lavagem&quot; ou Ocultação de Bens, Direitos ou Valores",2021-04-12,2024-07-05T23:24:35.029000Z,4,G1,Eletrônico,https://eproc.jfrj.jus.br/eproc/externo_controlador.php?acao=processo_consulta_publica
50256600420214025101,5025660-04.2021.4.02.5101,319,Exceção de Incompetência de Juízo,"Crimes de &quot;Lavagem&quot; ou Ocultação de Bens, Direitos ou Valores",2021-04-12,2024-07-05T22:14:52.321000Z,4,G1,Eletrônico,https://eproc.jfrj.jus.br/eproc/externo_controlador.php?acao=processo_consulta_publica
50258489420214025101,5025848-94.2021.4.02.5101,1727,Petição Criminal,"Crimes de &quot;Lavagem&quot; ou Ocultação de Bens, Direitos ou Valores",2021-04-12,2024-07-05T21:45:47.517000Z,6,G1,Eletrônico,https://eproc.jfrj.jus.br/eproc/externo_controlador.php?acao=processo_consulta_publica
50258774720214025101,5025877-47.2021.4.02.5101,1727,Petição Criminal,"Crimes de &quot;Lavagem&quot; ou Ocultação de Bens, Direitos ou Valores",2021-04-12,2024-07-05T22:16:48.797000Z,8,G1,Eletrônico,https://eproc.jfrj.jus.br/eproc/externo_controlador.php?acao=processo_consulta_publica
50260949020214025101,5026094-90.2021.4.02.5101,283,Ação Penal - Procedimento Ordinário,Estelionato Majorado ,2021-04-13,2024-07-05T23:24:35.331000Z,32,G1,Eletrônico,https://eproc.jfrj.jus.br/eproc/externo_controlador.php?acao=processo_consulta_publica
50261684720214025101,5026168-47.2021.4.02.5101,327,Embargos de Terceiro Criminal,"""Lavagem"" ou Ocultação de Bens, Direitos ou Valores Oriundos de Corrupção",2021-04-13,2024-07-05T22:17:10.360000Z,5,G1,Eletrônico,https://eproc.jfrj.jus.br/eproc/externo_controlador.php?acao=processo_consulta_publica
50261814620214025101,5026181-46.2021.4.02.5101,327,Embargos de Terceiro Criminal,"""Lavagem"" ou Ocultação de Bens, Direitos ou Valores Oriundos de Corrupção",2021-04-13,2024-07-05T21:47:01.463000Z,5,G1,Eletrônico,https://eproc.jfrj.jus.br/eproc/externo_controlador.php?acao=processo_consulta_publica
50263165820214025101,5026316-58.2021.4.02.5101,326,Restituição de Coisas Apreendidas,Patrocínio simultâneo ou tergiversação ,2021-04-14,2024-09-26T20:41:13.408000Z,16,G1,Eletrônico,https://eproc.jfrj.jus.br/eproc/externo_controlador.php?acao=processo_consulta_publica
50264958920214025101,5026495-89.2021.4.02.5101,1727,Petição Criminal,"Crimes de &quot;Lavagem&quot; ou Ocultação de Bens, Direitos ou Valores",2021-04-14,2024-07-05T22:17:25.938000Z,6,G1,Eletrônico,https://eproc.jfrj.jus.br/eproc/externo_controlador.php?acao=processo_consulta_publica
50265711620214025101,5026571-16.2021.4.02.5101,326,Restituição de Coisas Apreendidas,Busca e Apreensão de Bens; Corrupção ativa ,2021-04-14,2024-07-05T22:18:32.227000Z,15,G1,Eletrônico,https://eproc.jfrj.jus.br/eproc/externo_controlador.php?acao=processo_consulta_publica
50269098720214025101,5026909-87.2021.4.02.5101,241,Petição Cível,"Crimes de &quot;Lavagem&quot; ou Ocultação de Bens, Direitos ou Valores",2021-04-15,2024-07-05T21:47:20.591000Z,7,G1,Eletrônico,https://eproc.jfrj.jus.br/eproc/externo_controlador.php?acao=processo_consulta_publica
50279907120214025101,5027990-71.2021.4.02.5101,326,Restituição de Coisas Apreendidas,"Crimes de &quot;Lavagem&quot; ou Ocultação de Bens, Direitos ou Valores",2021-04-19,2024-07-05T22:17:01.664000Z,12,G1,Eletrônico,https://eproc.jfrj.jus.br/eproc/externo_controlador.php?acao=processo_consulta_publica
50281916320214025101,5028191-63.2021.4.02.5101,283,Ação Penal - Procedimento Ordinário,Corrupção ativa ; Corrupção passiva ,2021-04-20,2026-09-15T22:54:11.081000Z,54,G1,Eletrônico,https://eproc.jfrj.jus.br/eproc/externo_controlador.php?acao=processo_consulta_publica
50471031120214025101,5047103-11.2021.4.02.5101,329,Seqüestro,"Crimes de &quot;Lavagem&quot; ou Ocultação de Bens, Direitos ou Valores; Crimes do Sistema Nacional de Armas; Promoção, constituição, financiamento ou integração de Organização Criminosa",2021-04-20,2025-01-13T18:41:17.760000Z,34,G1,Eletrônico,https://eproc.jfrj.jus.br/eproc/externo_controlador.php?acao=processo_consulta_publica
50285163820214025101,5028516-38.2021.4.02.5101,313,Pedido de Prisão Preventiva,"Crimes de &quot;Lavagem&quot; ou Ocultação de Bens, Direitos ou Valores; Crimes do Sistema Nacional de Armas; Promoção, constituição, financiamento ou integração de Organização Criminosa",2021-04-20,2026-09-15T22:53:12.100000Z,116,G1,Eletrônico,https://eproc.jfrj.jus.br/eproc/externo_controlador.php?acao=processo_consulta_publica
50291564120214025101,5029156-41.2021.4.02.5101,283,Ação Penal - Procedimento Ordinário,Contrabando ou descaminho ,2021-04-22,2026-06-13T13:52:03.327000Z,16,G1,Eletrônico,https://eproc.jfrj.jus.br/eproc/externo_controlador.php?acao=processo_consulta_publica
50293279520214025101,5029327-95.2021.4.02.5101,1727,Petição Criminal,"Crimes de &quot;Lavagem&quot; ou Ocultação de Bens, Direitos ou Valores",2021-04-23,2024-07-05T22:17:08.550000Z,7,G1,Eletrônico,https://eproc.jfrj.jus.br/eproc/externo_controlador.php?acao=processo_consulta_publica
50293252820214025101,5029325-28.2021.4.02.5101,326,Restituição de Coisas Apreendidas,"Crimes de &quot;Lavagem&quot; ou Ocultação de Bens, Direitos ou Valores",2021-04-23,2024-09-26T20:54:36.494000Z,29,G1,Eletrônico,https://eproc.jfrj.jus.br/eproc/externo_controlador.php?acao=processo_consulta_publica
50306885020214025101,5030688-50.2021.4.02.5101,1727,Petição Criminal,Corrupção ativa ,2021-04-27,2024-07-05T22:16:43.765000Z,35,G1,Eletrônico,https://eproc.jfrj.jus.br/eproc/externo_controlador.php?acao=processo_consulta_publica
50313224620214025101,5031322-46.2021.4.02.5101,326,Restituição de Coisas Apreendidas,"Crimes de &quot;Lavagem&quot; ou Ocultação de Bens, Direitos ou Valores",2021-04-29,2024-07-05T22:17:09.916000Z,18,G1,Eletrônico,https://eproc.jfrj.jus.br/eproc/externo_controlador.php?acao=processo_consulta_publica
50313570620214025101,5031357-06.2021.4.02.5101,326,Restituição de Coisas Apreendidas,"Crimes de &quot;Lavagem&quot; ou Ocultação de Bens, Direitos ou Valores",2021-04-29,2024-07-05T22:13:02.640000Z,7,G1,Eletrônico,https://eproc.jfrj.jus.br/eproc/externo_controlador.php?acao=processo_consulta_publica
50327401920214025101,5032740-19.2021.4.02.5101,1727,Petição Criminal,"Crimes de &quot;Lavagem&quot; ou Ocultação de Bens, Direitos ou Valores",2021-05-04,2024-07-05T22:16:27.878000Z,6,G1,Eletrônico,https://eproc.jfrj.jus.br/eproc/externo_controlador.php?acao=processo_consulta_publica
50339180320214025101,5033918-03.2021.4.02.5101,1733,Procedimento Investigatório Criminal (PIC-MP) ,Uso de documento falso ,2021-05-05,2024-07-05T22:17:14.680000Z,9,G1,Eletrônico,https://eproc.jfrj.jus.br/eproc/externo_controlador.php?acao=processo_consulta_publica
50414814820214025101,5041481-48.2021.4.02.5101,327,Embargos de Terceiro Criminal,"""Lavagem"" ou Ocultação de Bens, Direitos ou Valores Oriundos de Corrupção",2021-05-13,2024-07-05T22:18:28.526000Z,3,G1,Eletrônico,https://eproc.jfrj.jus.br/eproc/externo_controlador.php?acao=processo_consulta_publica
50428135020214025101,5042813-50.2021.4.02.5101,327,Embargos de Terceiro Criminal,"""Lavagem"" ou Ocultação de Bens, Direitos ou Valores Oriundos de Corrupção; Corrupção passiva ; Indisponibilidade / Seqüestro de Bens",2021-05-14,2024-07-05T22:20:03.316000Z,6,G1,Eletrônico,https://eproc.jfrj.jus.br/eproc/externo_controlador.php?acao=processo_consulta_publica
50428455520214025101,5042845-55.2021.4.02.5101,327,Embargos de Terceiro Criminal,"Crimes de &quot;Lavagem&quot; ou Ocultação de Bens, Direitos ou Valores",2021-05-14,2024-07-05T22:17:48.226000Z,9,G1,Eletrônico,https://eproc.jfrj.jus.br/eproc/externo_controlador.php?acao=processo_consulta_publica
50434751420214025101,5043475-14.2021.4.02.5101,283,Ação Penal - Procedimento Ordinário,"Corrupção ativa ; Corrupção passiva ; Crimes de &quot;Lavagem&quot; ou Ocultação de Bens, Direitos ou Valores",2021-05-16,2026-09-15T22:54:45.808000Z,47,G1,Eletrônico,https://eproc.jfrj.jus.br/eproc/externo_controlador.php?acao=processo_consulta_publica
50440156220214025101,5044015-62.2021.4.02.5101,426,Recurso em Sentido Estrito,Corrupção passiva ; Recurso,2021-05-17,2024-07-05T22:20:20.997000Z,8,G1,Eletrônico,https://eproc.jfrj.jus.br/eproc/externo_controlador.php?acao=processo_consulta_publica
50442018520214025101,5044201-85.2021.4.02.5101,327,Embargos de Terceiro Criminal,"""Lavagem"" ou Ocultação de Bens, Direitos ou Valores Oriundos de Corrupção",2021-05-17,2024-07-05T22:20:14.772000Z,2,G1,Eletrônico,https://eproc.jfrj.jus.br/eproc/externo_controlador.php?acao=processo_consulta_publica
50442659520214025101,5044265-95.2021.4.02.5101,319,Exceção de Incompetência de Juízo,Corrupção ativa ,2021-05-17,2024-07-05T22:18:54.062000Z,4,G1,Eletrônico,https://eproc.jfrj.jus.br/eproc/externo_controlador.php?acao=processo_consulta_publica
50450453520214025101,5045045-35.2021.4.02.5101,1727,Petição Criminal,Falsificação de documento público; Uso de documento falso ,2021-05-18,2024-07-05T22:17:58.388000Z,23,G1,Eletrônico,https://eproc.jfrj.jus.br/eproc/externo_controlador.php?acao=processo_consulta_publica
50462560920214025101,5046256-09.2021.4.02.5101,241,Petição Cível,Proteção da Intimidade e Sigilo de Dados,2021-05-20,2024-07-05T22:49:44.596000Z,4,G1,Eletrônico,https://eproc.jfrj.jus.br/eproc/externo_controlador.php?acao=processo_consulta_publica
50471386820214025101,5047138-68.2021.4.02.5101,283,Ação Penal - Procedimento Ordinário,Crimes ocorridos na investigação da prova,2021-05-21,2026-06-13T13:59:40.816000Z,41,G1,Eletrônico,https://eproc.jfrj.jus.br/eproc/externo_controlador.php?acao=processo_consulta_publica
50472884920214025101,5047288-49.2021.4.02.5101,327,Embargos de Terceiro Criminal,Dano Qualificado; Indisponibilidade / Seqüestro de Bens,2021-05-21,2024-07-05T22:18:09.774000Z,2,G1,Eletrônico,https://eproc.jfrj.jus.br/eproc/externo_controlador.php?acao=processo_consulta_publica
50508645020214025101,5050864-50.2021.4.02.5101,279,Inquérito Policial,Peculato,2021-05-28,2024-07-05T22:19:09.678000Z,3,G1,Eletrônico,https://eproc.jfrj.jus.br/eproc/externo_controlador.php?acao=processo_consulta_publica
50511667920214025101,5051166-79.2021.4.02.5101,319,Exceção de Incompetência de Juízo,"""Lavagem"" ou Ocultação de Bens, Direitos ou Valores Oriundos de Corrupção; Crimes ocorridos na investigação da prova",2021-05-28,2024-07-05T22:48:16.100000Z,8,G1,Eletrônico,https://eproc.jfrj.jus.br/eproc/externo_controlador.php?acao=processo_consulta_publica
50521202820214025101,5052120-28.2021.4.02.5101,279,Inquérito Policial,Falsificação de documento público; Uso de documento falso ,2021-05-31,2024-07-05T22:43:29.321000Z,4,G1,Eletrônico,https://eproc.jfrj.jus.br/eproc/externo_controlador.php?acao=processo_consulta_publica
50522796820214025101,5052279-68.2021.4.02.5101,1727,Petição Criminal,"Crimes de &quot;Lavagem&quot; ou Ocultação de Bens, Direitos ou Valores",2021-05-31,2024-07-05T22:19:11.355000Z,7,G1,Eletrônico,https://eproc.jfrj.jus.br/eproc/externo_controlador.php?acao=processo_consulta_publica
50543504320214025101,5054350-43.2021.4.02.5101,37,Embargos de Terceiro Cível,Corrupção passiva ,2021-06-02,2024-07-05T22:18:41.832000Z,8,G1,Eletrônico,https://eproc.jfrj.jus.br/eproc/externo_controlador.php?acao=processo_consulta_publica
50552485620214025101,5055248-56.2021.4.02.5101,37,Embargos de Terceiro Cível,"Corrupção passiva ; Crimes de &quot;Lavagem&quot; ou Ocultação de Bens, Direitos ou Valores",2021-06-04,2024-07-05T22:19:01.944000Z,5,G1,Eletrônico,https://eproc.jfrj.jus.br/eproc/externo_controlador.php?acao=processo_consulta_publica
50560748220214025101,5056074-82.2021.4.02.5101,326,Restituição de Coisas Apreendidas,"Busca e Apreensão; Corrupção passiva ; Crimes de &quot;Lavagem&quot; ou Ocultação de Bens, Direitos ou Valores",2021-06-07,2024-07-05T22:18:51.441000Z,10,G1,Eletrônico,https://eproc.jfrj.jus.br/eproc/externo_controlador.php?acao=processo_consulta_publica
50562315520214025101,5056231-55.2021.4.02.5101,327,Embargos de Terceiro Criminal,"Crimes de &quot;Lavagem&quot; ou Ocultação de Bens, Direitos ou Valores; Recurso",2021-06-07,2025-04-14T14:26:25.026000Z,13,G1,Eletrônico,https://eproc.jfrj.jus.br/eproc/externo_controlador.php?acao=processo_consulta_publica
50573011020214025101,5057301-10.2021.4.02.5101,309,Pedido de Busca e Apreensão Criminal,Crimes da Lei de licitações; Peculato,2021-06-09,2024-07-05T22:43:29.477000Z,9,G1,Eletrônico,https://eproc.jfrj.jus.br/eproc/externo_controlador.php?acao=processo_consulta_publica
50574137620214025101,5057413-76.2021.4.02.5101,426,Recurso em Sentido Estrito,"Crimes de &quot;Lavagem&quot; ou Ocultação de Bens, Direitos ou Valores",2021-06-09,2024-07-05T22:19:18.047000Z,7,G1,Eletrônico,https://eproc.jfrj.jus.br/eproc/externo_controlador.php?acao=processo_consulta_publica
50603688020214025101,5060368-80.2021.4.02.5101,318,Exceção de Suspeição,"Crimes de &quot;Lavagem&quot; ou Ocultação de Bens, Direitos ou Valores",2021-06-15,2024-09-26T20:42:04.501000Z,6,G1,Eletrônico,https://eproc.jfrj.jus.br/eproc/externo_controlador.php?acao=processo_consulta_publica
50621770820214025101,5062177-08.2021.4.02.5101,37,Embargos de Terceiro Cível,"""Lavagem"" ou Ocultação de Bens, Direitos ou Valores Oriundos de Corrupção",2021-06-18,2024-07-05T22:20:06.346000Z,3,G1,Eletrônico,https://eproc.jfrj.jus.br/eproc/externo_controlador.php?acao=processo_consulta_publica
50624291120214025101,5062429-11.2021.4.02.5101,283,Ação Penal - Procedimento Ordinário,Crimes contra a Ordem Tributária; Sonegação de contribuição previdenciária ,2021-06-18,2024-07-05T22:19:11.649000Z,37,G1,Eletrônico,https://eproc.jfrj.jus.br/eproc/externo_controlador.php?acao=processo_consulta_publica
50624871420214025101,5062487-14.2021.4.02.5101,318,Exceção de Suspeição,Suspeição,2021-06-18,2024-07-05T22:50:25.210000Z,18,G1,Eletrônico,https://eproc.jfrj.jus.br/eproc/externo_controlador.php?acao=processo_consulta_publica
50625028020214025101,5062502-80.2021.4.02.5101,318,Exceção de Suspeição,Suspeição,2021-06-18,2024-09-26T20:53:12.758000Z,13,G1,Eletrônico,https://eproc.jfrj.jus.br/eproc/externo_controlador.php?acao=processo_consulta_publica
50641067620214025101,5064106-76.2021.4.02.5101,283,Ação Penal - Procedimento Ordinário,Suspensão,2021-06-22,2024-07-05T23:24:56.604000Z,8,G1,Eletrônico,https://eproc.jfrj.jus.br/eproc/externo_controlador.php?acao=processo_consulta_publica
50643787020214025101,5064378-70.2021.4.02.5101,283,Ação Penal - Procedimento Ordinário,Contrabando ou descaminho ,2021-06-22,2024-12-13T17:30:48.730000Z,11,G1,Eletrônico,https://eproc.jfrj.jus.br/eproc/externo_controlador.php?acao=processo_consulta_publica
50654699820214025101,5065469-98.2021.4.02.5101,1727,Petição Criminal,"Crimes de &quot;Lavagem&quot; ou Ocultação de Bens, Direitos ou Valores",2021-06-24,2024-07-05T23:24:44.342000Z,7,G1,Eletrônico,https://eproc.jfrj.jus.br/eproc/externo_controlador.php?acao=processo_consulta_publica
50688978820214025101,5068897-88.2021.4.02.5101,279,Inquérito Policial,Tráfico de Drogas e Condutas Afins,2021-07-01,2024-07-05T22:50:14.115000Z,14,G1,Eletrônico,https://eproc.jfrj.jus.br/eproc/externo_controlador.php?acao=processo_consulta_publica
50690745220214025101,5069074-52.2021.4.02.5101,326,Restituição de Coisas Apreendidas,"Crimes de &quot;Lavagem&quot; ou Ocultação de Bens, Direitos ou Valores",2021-07-01,2024-07-05T22:49:38.711000Z,10,G1,Eletrônico,https://eproc.jfrj.jus.br/eproc/externo_controlador.php?acao=processo_consulta_publica
50712171420214025101,5071217-14.2021.4.02.5101,241,Petição Cível,"Crimes de &quot;Lavagem&quot; ou Ocultação de Bens, Direitos ou Valores",2021-07-06,2024-07-05T22:49:33.470000Z,3,G1,Eletrônico,https://eproc.jfrj.jus.br/eproc/externo_controlador.php?acao=processo_consulta_publica
50730316120214025101,5073031-61.2021.4.02.5101,1727,Petição Criminal,Corrupção ativa ,2021-07-09,2024-07-05T22:50:36.536000Z,6,G1,Eletrônico,https://eproc.jfrj.jus.br/eproc/externo_controlador.php?acao=processo_consulta_publica
50736534320214025101,5073653-43.2021.4.02.5101,1717,Alienação de Bens do Acusado,"Crimes de &quot;Lavagem&quot; ou Ocultação de Bens, Direitos ou Valores",2021-07-12,2026-08-20T23:12:34.328000Z,51,G1,Eletrônico,https://eproc.jfrj.jus.br/eproc/externo_controlador.php?acao=processo_consulta_publica
50736647220214025101,5073664-72.2021.4.02.5101,327,Embargos de Terceiro Criminal,"Corrupção passiva ; Crimes de &quot;Lavagem&quot; ou Ocultação de Bens, Direitos ou Valores",2021-07-12,2024-07-05T22:51:09.562000Z,15,G1,Eletrônico,https://eproc.jfrj.jus.br/eproc/externo_controlador.php?acao=processo_consulta_publica
50068917420234025101,5006891-74.2023.4.02.5101,283,Ação Penal - Procedimento Ordinário,"Crimes contra o Sistema Financeiro Nacional; Crimes de &quot;Lavagem&quot; ou Ocultação de Bens, Direitos ou Valores; Crimes do Sistema Nacional de Armas; Promoção, constituição, financiamento ou integração de Organização Criminosa",2021-07-13,2024-07-05T21:06:02.816000Z,7,G1,Eletrônico,https://eproc.jfrj.jus.br/eproc/externo_controlador.php?acao=processo_consulta_publica
50123551620224025101,5012355-16.2022.4.02.5101,283,Ação Penal - Procedimento Ordinário,"Crimes contra o Sistema Financeiro Nacional; Crimes de &quot;Lavagem&quot; ou Ocultação de Bens, Direitos ou Valores; Crimes do Sistema Nacional de Armas; Promoção, constituição, financiamento ou integração de Organização Criminosa",2021-07-13,2024-10-18T10:06:07.658000Z,25,G1,Eletrônico,https://eproc.jfrj.jus.br/eproc/externo_controlador.php?acao=processo_consulta_publica
50418299020264025101,5041829-90.2026.4.02.5101,283,Ação Penal - Procedimento Ordinário,"Crimes contra o Sistema Financeiro Nacional; Crimes de &quot;Lavagem&quot; ou Ocultação de Bens, Direitos ou Valores; Crimes do Sistema Nacional de Armas; Promoção, constituição, financiamento ou integração de Organização Criminosa",2021-07-13,2026-06-13T14:15:20.714000Z,2,G1,Eletrônico,https://eproc.jfrj.jus.br/eproc/externo_controlador.php?acao=processo_consulta_publica
50746953020214025101,5074695-30.2021.4.02.5101,283,Ação Penal - Procedimento Ordinário,"Crimes contra o Sistema Financeiro Nacional; Crimes de &quot;Lavagem&quot; ou Ocultação de Bens, Direitos ou Valores; Crimes do Sistema Nacional de Armas; Promoção, constituição, financiamento ou integração de Organização Criminosa",2021-07-13,2026-08-21T00:07:11.025000Z,75,G1,Eletrônico,https://eproc.jfrj.jus.br/eproc/externo_controlador.php?acao=processo_consulta_publica
50753587620214025101,5075358-76.2021.4.02.5101,283,Ação Penal - Procedimento Ordinário,Desobediência ; Resistência ,2021-07-14,2025-07-15T19:19:52.718000Z,38,G1,Eletrônico,https://eproc.jfrj.jus.br/eproc/externo_controlador.php?acao=processo_consulta_publica
50759987920214025101,5075998-79.2021.4.02.5101,1727,Petição Criminal,"Crimes de &quot;Lavagem&quot; ou Ocultação de Bens, Direitos ou Valores",2021-07-15,2024-07-05T22:50:02.880000Z,8,G1,Eletrônico,https://eproc.jfrj.jus.br/eproc/externo_controlador.php?acao=processo_consulta_publica
50791633720214025101,5079163-37.2021.4.02.5101,1717,Alienação de Bens do Acusado,"""Lavagem"" ou Ocultação de Bens, Direitos ou Valores Oriundos de Corrupção; Crimes do Sistema Nacional de Armas",2021-07-22,2026-08-20T23:39:21.705000Z,85,G1,Eletrônico,https://eproc.jfrj.jus.br/eproc/externo_controlador.php?acao=processo_consulta_publica
50812670220214025101,5081267-02.2021.4.02.5101,307,Habeas Corpus Criminal,Estelionato,2021-07-28,2024-07-05T22:49:41.689000Z,3,G1,Eletrônico,https://eproc.jfrj.jus.br/eproc/externo_controlador.php?acao=processo_consulta_publica
50824665920214025101,5082466-59.2021.4.02.5101,1727,Petição Criminal,"Crimes de &quot;Lavagem&quot; ou Ocultação de Bens, Direitos ou Valores",2021-07-30,2024-07-05T22:49:39.363000Z,7,G1,Eletrônico,https://eproc.jfrj.jus.br/eproc/externo_controlador.php?acao=processo_consulta_publica
50824709620214025101,5082470-96.2021.4.02.5101,1727,Petição Criminal,"Crimes de &quot;Lavagem&quot; ou Ocultação de Bens, Direitos ou Valores",2021-07-30,2024-07-05T22:51:33.086000Z,5,G1,Eletrônico,https://eproc.jfrj.jus.br/eproc/externo_controlador.php?acao=processo_consulta_publica
50048161220214025108,5004816-12.2021.4.02.5108,333,Insanidade Mental do Acusado,Crimes contra o Meio Ambiente e o Patrimônio Genético,2021-07-30,2024-07-05T21:06:54.431000Z,8,G1,Eletrônico,https://eproc.jfrj.jus.br/eproc/externo_controlador.php?acao=processo_consulta_publica
50828762020214025101,5082876-20.2021.4.02.5101,327,Embargos de Terceiro Criminal,"Crimes de &quot;Lavagem&quot; ou Ocultação de Bens, Direitos ou Valores; Indisponibilidade / Seqüestro de Bens",2021-08-02,2024-07-05T22:52:10.097000Z,2,G1,Eletrônico,https://eproc.jfrj.jus.br/eproc/externo_controlador.php?acao=processo_consulta_publica
50829472220214025101,5082947-22.2021.4.02.5101,1727,Petição Criminal,"Crimes de &quot;Lavagem&quot; ou Ocultação de Bens, Direitos ou Valores",2021-08-02,2025-11-13T17:59:56.370000Z,6,G1,Eletrônico,https://eproc.jfrj.jus.br/eproc/externo_controlador.php?acao=processo_consulta_publica
50866323720214025101,5086632-37.2021.4.02.5101,37,Embargos de Terceiro Cível,"Corrupção passiva ; Crimes de &quot;Lavagem&quot; ou Ocultação de Bens, Direitos ou Valores; Indisponibilidade / Seqüestro de Bens",2021-08-10,2024-07-05T22:51:17.886000Z,4,G1,Eletrônico,https://eproc.jfrj.jus.br/eproc/externo_controlador.php?acao=processo_consulta_publica
50872412020214025101,5087241-20.2021.4.02.5101,307,Habeas Corpus Criminal,Uso de documento falso ,2021-08-11,2024-07-05T22:52:57.710000Z,3,G1,Eletrônico,https://eproc.jfrj.jus.br/eproc/externo_controlador.php?acao=processo_consulta_publica
50886599020214025101,5088659-90.2021.4.02.5101,1727,Petição Criminal,"Crimes de &quot;Lavagem&quot; ou Ocultação de Bens, Direitos ou Valores",2021-08-16,2026-06-13T14:15:05.757000Z,73,G1,Eletrônico,https://eproc.jfrj.jus.br/eproc/externo_controlador.php?acao=processo_consulta_publica
50886892820214025101,5088689-28.2021.4.02.5101,1727,Petição Criminal,"Crimes de &quot;Lavagem&quot; ou Ocultação de Bens, Direitos ou Valores",2021-08-16,2024-07-05T22:51:59.297000Z,8,G1,Eletrônico,https://eproc.jfrj.jus.br/eproc/externo_controlador.php?acao=processo_consulta_publica
50896601320214025101,5089660-13.2021.4.02.5101,327,Embargos de Terceiro Criminal,"Crimes de &quot;Lavagem&quot; ou Ocultação de Bens, Direitos ou Valores; Indisponibilidade / Seqüestro de Bens",2021-08-18,2024-07-05T23:24:42.143000Z,6,G1,Eletrônico,https://eproc.jfrj.jus.br/eproc/externo_controlador.php?acao=processo_consulta_publica
50896714220214025101,5089671-42.2021.4.02.5101,283,Ação Penal - Procedimento Ordinário,Estelionato Majorado ,2021-08-18,2026-09-15T22:55:28.227000Z,56,G1,Eletrônico,https://eproc.jfrj.jus.br/eproc/externo_controlador.php?acao=processo_consulta_publica
50907375720214025101,5090737-57.2021.4.02.5101,327,Embargos de Terceiro Criminal,"Corrupção passiva ; Crimes de &quot;Lavagem&quot; ou Ocultação de Bens, Direitos ou Valores; Indisponibilidade / Seqüestro de Bens",2021-08-20,2024-07-05T22:52:28.470000Z,10,G1,Eletrônico,https://eproc.jfrj.jus.br/eproc/externo_controlador.php?acao=processo_consulta_publica
50915257120214025101,5091525-71.2021.4.02.5101,327,Embargos de Terceiro Criminal,Outras fraudes,2021-08-23,2024-07-05T22:50:55.699000Z,11,G1,Eletrônico,https://eproc.jfrj.jus.br/eproc/externo_controlador.php?acao=processo_consulta_publica
50952559020214025101,5095255-90.2021.4.02.5101,327,Embargos de Terceiro Criminal,"Crimes de &quot;Lavagem&quot; ou Ocultação de Bens, Direitos ou Valores",2021-08-31,2024-09-26T21:01:42.423000Z,8,G1,Eletrônico,https://eproc.jfrj.jus.br/eproc/externo_controlador.php?acao=processo_consulta_publica
50952619720214025101,5095261-97.2021.4.02.5101,327,Embargos de Terceiro Criminal,"Crimes de &quot;Lavagem&quot; ou Ocultação de Bens, Direitos ou Valores",2021-08-31,2024-11-13T21:31:49.441000Z,8,G1,Eletrônico,https://eproc.jfrj.jus.br/eproc/externo_controlador.php?acao=processo_consulta_publica
50955121820214025101,5095512-18.2021.4.02.5101,305,Liberdade Provisória com ou sem fiança,Crimes ocorridos na investigação da prova,2021-09-01,2024-07-05T22:50:12.785000Z,3,G1,Eletrônico,https://eproc.jfrj.jus.br/eproc/externo_controlador.php?acao=processo_consulta_publica
51005631020214025101,5100563-10.2021.4.02.5101,327,Embargos de Terceiro Criminal,"Crimes de &quot;Lavagem&quot; ou Ocultação de Bens, Direitos ou Valores; Indisponibilidade / Seqüestro de Bens",2021-09-15,2024-07-05T22:53:11.454000Z,6,G1,Eletrônico,https://eproc.jfrj.jus.br/eproc/externo_controlador.php?acao=processo_consulta_publica
51007095120214025101,5100709-51.2021.4.02.5101,1733,Procedimento Investigatório Criminal (PIC-MP) ,"Crimes de &quot;Lavagem&quot; ou Ocultação de Bens, Direitos ou Valores",2021-09-16,2024-07-05T22:51:56.676000Z,3,G1,Eletrônico,https://eproc.jfrj.jus.br/eproc/externo_controlador.php?acao=processo_consulta_publica
51010637620214025101,5101063-76.2021.4.02.5101,14678,Acordo de Não Persecução Penal,Acordo de Não Persecução Penal; Falsificação de documento particular ,2021-09-16,2024-07-05T22:52:25.704000Z,7,G1,Eletrônico,https://eproc.jfrj.jus.br/eproc/externo_controlador.php?acao=processo_consulta_publica
51034835420214025101,5103483-54.2021.4.02.5101,1727,Petição Criminal,"Crimes de &quot;Lavagem&quot; ou Ocultação de Bens, Direitos ou Valores",2021-09-22,2025-09-13T15:00:47.690000Z,6,G1,Eletrônico,https://eproc.jfrj.jus.br/eproc/externo_controlador.php?acao=processo_consulta_publica
51040793820214025101,5104079-38.2021.4.02.5101,327,Embargos de Terceiro Criminal,"Crimes de &quot;Lavagem&quot; ou Ocultação de Bens, Direitos ou Valores; Indisponibilidade / Seqüestro de Bens",2021-09-23,2024-07-05T22:52:42.728000Z,5,G1,Eletrônico,https://eproc.jfrj.jus.br/eproc/externo_controlador.php?acao=processo_consulta_publica
51044284120214025101,5104428-41.2021.4.02.5101,37,Embargos de Terceiro Cível,Penhora / Depósito/ Avaliação ; Propriedade,2021-09-24,2024-07-05T22:52:21.119000Z,6,G1,Eletrônico,https://eproc.jfrj.jus.br/eproc/externo_controlador.php?acao=processo_consulta_publica
51045817420214025101,5104581-74.2021.4.02.5101,326,Restituição de Coisas Apreendidas,"Crimes de &quot;Lavagem&quot; ou Ocultação de Bens, Direitos ou Valores",2021-09-24,2024-07-05T22:52:24.541000Z,5,G1,Eletrônico,https://eproc.jfrj.jus.br/eproc/externo_controlador.php?acao=processo_consulta_publica
51051507520214025101,5105150-75.2021.4.02.5101,327,Embargos de Terceiro Criminal,"Crimes de &quot;Lavagem&quot; ou Ocultação de Bens, Direitos ou Valores",2021-09-27,2026-06-13T14:09:28.104000Z,20,G1,Eletrônico,https://eproc.jfrj.jus.br/eproc/externo_controlador.php?acao=processo_consulta_publica
50062677220214025108,5006267-72.2021.4.02.5108,278,Termo Circunstanciado,Crimes contra a Fauna,2021-09-28,2024-09-26T20:43:20.402000Z,20,JE,Eletrônico,https://eproc.jfrj.jus.br/eproc/externo_controlador.php?acao=processo_consulta_publica
51053854220214025101,5105385-42.2021.4.02.5101,37,Embargos de Terceiro Cível,Indisponibilidade / Seqüestro de Bens; Indisponibilidade de Bens; Penhora / Depósito/ Avaliação ,2021-09-28,2024-07-05T22:53:06.637000Z,6,G1,Eletrônico,https://eproc.jfrj.jus.br/eproc/externo_controlador.php?acao=processo_consulta_publica
51054478220214025101,5105447-82.2021.4.02.5101,279,Inquérito Policial,Estelionato Majorado ,2021-09-28,2026-06-13T14:09:49.394000Z,19,G1,Eletrônico,https://eproc.jfrj.jus.br/eproc/externo_controlador.php?acao=processo_consulta_publica
50098958420214025103,5009895-84.2021.4.02.5103,279,Inquérito Policial,Corrupção ativa ,2021-09-28,2024-07-05T23:23:51.871000Z,16,G1,Eletrônico,https://eproc.jfrj.jus.br/eproc/externo_controlador.php?acao=processo_consulta_publica
51062177520214025101,5106217-75.2021.4.02.5101,327,Embargos de Terceiro Criminal,"Crimes de &quot;Lavagem&quot; ou Ocultação de Bens, Direitos ou Valores; Indisponibilidade / Seqüestro de Bens",2021-09-29,2024-07-05T23:24:50.965000Z,5,G1,Eletrônico,https://eproc.jfrj.jus.br/eproc/externo_controlador.php?acao=processo_consulta_publica
51074146520214025101,5107414-65.2021.4.02.5101,326,Restituição de Coisas Apreendidas,"Crimes de &quot;Lavagem&quot; ou Ocultação de Bens, Direitos ou Valores",2021-10-04,2024-07-05T22:53:02.848000Z,9,G1,Eletrônico,https://eproc.jfrj.jus.br/eproc/externo_controlador.php?acao=processo_consulta_publica
51086419020214025101,5108641-90.2021.4.02.5101,326,Restituição de Coisas Apreendidas,Fato Atípico,2021-10-06,2024-07-05T22:52:02.055000Z,6,G1,Eletrônico,https://eproc.jfrj.jus.br/eproc/externo_controlador.php?acao=processo_consulta_publica
51093806320214025101,5109380-63.2021.4.02.5101,1727,Petição Criminal,Roubo ,2021-10-08,2024-07-05T22:52:26.720000Z,13,G1,Eletrônico,https://eproc.jfrj.jus.br/eproc/externo_controlador.php?acao=processo_consulta_publica
51095538720214025101,5109553-87.2021.4.02.5101,1727,Petição Criminal,"Crimes de &quot;Lavagem&quot; ou Ocultação de Bens, Direitos ou Valores",2021-10-09,2024-07-05T22:53:12.983000Z,7,G1,Eletrônico,https://eproc.jfrj.jus.br/eproc/externo_controlador.php?acao=processo_consulta_publica
51097929120214025101,5109792-91.2021.4.02.5101,283,Ação Penal - Procedimento Ordinário,Difamação,2021-10-11,2024-07-05T22:52:26.147000Z,16,G1,Eletrônico,https://eproc.jfrj.jus.br/eproc/externo_controlador.php?acao=processo_consulta_publica
51103185820214025101,5110318-58.2021.4.02.5101,37,Embargos de Terceiro Cível,Efeito Suspensivo / Impugnação / Embargos à Execução; Propriedade,2021-10-13,2024-07-05T22:52:07.367000Z,4,G1,Eletrônico,https://eproc.jfrj.jus.br/eproc/externo_controlador.php?acao=processo_consulta_publica
51103722420214025101,5110372-24.2021.4.02.5101,283,Ação Penal - Procedimento Ordinário,Associação para a Produção e Tráfico e Condutas Afins; Crimes do Sistema Nacional de Armas; Tráfico de Drogas e Condutas Afins,2021-10-13,2024-07-05T22:53:17.033000Z,35,G1,Eletrônico,https://eproc.jfrj.jus.br/eproc/externo_controlador.php?acao=processo_consulta_publica
51107689820214025101,5110768-98.2021.4.02.5101,326,Restituição de Coisas Apreendidas,"Crimes de &quot;Lavagem&quot; ou Ocultação de Bens, Direitos ou Valores",2021-10-14,2024-07-05T22:53:40.686000Z,5,G1,Eletrônico,https://eproc.jfrj.jus.br/eproc/externo_controlador.php?acao=processo_consulta_publica
51110495420214025101,5111049-54.2021.4.02.5101,307,Habeas Corpus Criminal,"Crimes de &quot;Lavagem&quot; ou Ocultação de Bens, Direitos ou Valores",2021-10-15,2024-07-05T22:52:42.977000Z,3,G1,Eletrônico,https://eproc.jfrj.jus.br/eproc/externo_controlador.php?acao=processo_consulta_publica
51134477120214025101,5113447-71.2021.4.02.5101,307,Habeas Corpus Criminal,Constrangimento ilegal ,2021-10-23,2024-07-05T22:51:31.777000Z,8,G1,Eletrônico,https://eproc.jfrj.jus.br/eproc/externo_controlador.php?acao=processo_consulta_publica
51138816020214025101,5113881-60.2021.4.02.5101,1733,Procedimento Investigatório Criminal (PIC-MP) ,Tráfico de Drogas e Condutas Afins,2021-10-25,2024-07-05T22:53:41.127000Z,4,G1,Eletrônico,https://eproc.jfrj.jus.br/eproc/externo_controlador.php?acao=processo_consulta_publica
51142713020214025101,5114271-30.2021.4.02.5101,1733,Procedimento Investigatório Criminal (PIC-MP) ,Estelionato Majorado ,2021-10-26,2024-07-05T22:51:19.322000Z,3,G1,Eletrônico,https://eproc.jfrj.jus.br/eproc/externo_controlador.php?acao=processo_consulta_publica
51149113320214025101,5114911-33.2021.4.02.5101,1727,Petição Criminal,"Crimes de &quot;Lavagem&quot; ou Ocultação de Bens, Direitos ou Valores",2021-10-27,2024-07-05T22:51:59.139000Z,3,G1,Eletrônico,https://eproc.jfrj.jus.br/eproc/externo_controlador.php?acao=processo_consulta_publica
51151564420214025101,5115156-44.2021.4.02.5101,1717,Alienação de Bens do Acusado,"Crimes de &quot;Lavagem&quot; ou Ocultação de Bens, Direitos ou Valores",2021-10-28,2024-07-05T23:24:48.237000Z,53,G1,Eletrônico,https://eproc.jfrj.jus.br/eproc/externo_controlador.php?acao=processo_consulta_publica
51152551420214025101,5115255-14.2021.4.02.5101,318,Exceção de Suspeição,Suspeição,2021-10-28,2024-07-05T23:24:51.809000Z,13,G1,Eletrônico,https://eproc.jfrj.jus.br/eproc/externo_controlador.php?acao=processo_consulta_publica
51153617320214025101,5115361-73.2021.4.02.5101,326,Restituição de Coisas Apreendidas,Busca e Apreensão; Crimes contra o Sistema Financeiro Nacional,2021-10-28,2024-07-05T22:52:29.312000Z,5,G1,Eletrônico,https://eproc.jfrj.jus.br/eproc/externo_controlador.php?acao=processo_consulta_publica
51156076920214025101,5115607-69.2021.4.02.5101,1727,Petição Criminal,"Crimes de &quot;Lavagem&quot; ou Ocultação de Bens, Direitos ou Valores",2021-10-29,2024-09-26T21:02:05.491000Z,6,G1,Eletrônico,https://eproc.jfrj.jus.br/eproc/externo_controlador.php?acao=processo_consulta_publica
51174905120214025101,5117490-51.2021.4.02.5101,283,Ação Penal - Procedimento Ordinário,"Crimes de &quot;Lavagem&quot; ou Ocultação de Bens, Direitos ou Valores; Peculato; Quadrilha ou Bando",2021-11-08,2025-02-13T20:54:00.898000Z,48,G1,Eletrônico,https://eproc.jfrj.jus.br/eproc/externo_controlador.php?acao=processo_consulta_publica
50235713720234025101,5023571-37.2023.4.02.5101,283,Ação Penal - Procedimento Ordinário,"Crimes de &quot;Lavagem&quot; ou Ocultação de Bens, Direitos ou Valores; Peculato; Quadrilha ou Bando",2021-11-08,2025-08-16T02:44:32.619000Z,33,G1,Eletrônico,https://eproc.jfrj.jus.br/eproc/externo_controlador.php?acao=processo_consulta_publica
51176480920214025101,5117648-09.2021.4.02.5101,1733,Procedimento Investigatório Criminal (PIC-MP) ,Furto ,2021-11-08,2024-07-05T23:24:55.971000Z,3,G1,Eletrônico,https://eproc.jfrj.jus.br/eproc/externo_controlador.php?acao=processo_consulta_publica
50217659820224025101,5021765-98.2022.4.02.5101,283,Ação Penal - Procedimento Ordinário,Peculato,2021-11-11,2024-07-05T22:16:17.075000Z,9,G1,Eletrônico,https://eproc.jfrj.jus.br/eproc/externo_controlador.php?acao=processo_consulta_publica
51186804920214025101,5118680-49.2021.4.02.5101,283,Ação Penal - Procedimento Ordinário,Peculato,2021-11-11,2024-09-26T21:03:03.066000Z,41,G1,Eletrônico,https://eproc.jfrj.jus.br/eproc/externo_controlador.php?acao=processo_consulta_publica
51205953620214025101,5120595-36.2021.4.02.5101,1727,Petição Criminal,"Busca e Apreensão de Bens; Crimes de &quot;Lavagem&quot; ou Ocultação de Bens, Direitos ou Valores",2021-11-18,2024-07-05T22:53:22.058000Z,24,G1,Eletrônico,https://eproc.jfrj.jus.br/eproc/externo_controlador.php?acao=processo_consulta_publica
51206083520214025101,5120608-35.2021.4.02.5101,327,Embargos de Terceiro Criminal,"Crimes de &quot;Lavagem&quot; ou Ocultação de Bens, Direitos ou Valores",2021-11-18,2024-07-05T22:52:59.387000Z,4,G1,Eletrônico,https://eproc.jfrj.jus.br/eproc/externo_controlador.php?acao=processo_consulta_publica
50026716520214025113,5002671-65.2021.4.02.5113,11955,Cautelar Inominada Criminal,Crimes contra a Ordem Econômica; Liberdade Provisória; Poluição,2021-11-18,2024-09-26T20:42:57.948000Z,11,G1,Eletrônico,https://eproc.jfrj.jus.br/eproc/externo_controlador.php?acao=processo_consulta_publica
51216684320214025101,5121668-43.2021.4.02.5101,319,Exceção de Incompetência de Juízo,Tráfico de Drogas e Condutas Afins,2021-11-22,2024-07-05T22:51:39.073000Z,4,G1,Eletrônico,https://eproc.jfrj.jus.br/eproc/externo_controlador.php?acao=processo_consulta_publica
51229606320214025101,5122960-63.2021.4.02.5101,327,Embargos de Terceiro Criminal,"Crimes de &quot;Lavagem&quot; ou Ocultação de Bens, Direitos ou Valores; Indisponibilidade / Seqüestro de Bens",2021-11-25,2024-07-05T22:53:03.899000Z,5,G1,Eletrônico,https://eproc.jfrj.jus.br/eproc/externo_controlador.php?acao=processo_consulta_publica
51231424920214025101,5123142-49.2021.4.02.5101,1727,Petição Criminal,"Crimes de &quot;Lavagem&quot; ou Ocultação de Bens, Direitos ou Valores",2021-11-26,2024-07-05T22:50:58.889000Z,4,G1,Eletrônico,https://eproc.jfrj.jus.br/eproc/externo_controlador.php?acao=processo_consulta_publica
51231641020214025101,5123164-10.2021.4.02.5101,1733,Procedimento Investigatório Criminal (PIC-MP) ,Infração de Medida Sanitária Preventiva; Perigo para a vida ou saúde de outrem,2021-11-26,2024-07-05T22:52:49.721000Z,3,G1,Eletrônico,https://eproc.jfrj.jus.br/eproc/externo_controlador.php?acao=processo_consulta_publica
51241246320214025101,5124124-63.2021.4.02.5101,1733,Procedimento Investigatório Criminal (PIC-MP) ,Falsificação de papéis públicos ,2021-11-29,2024-07-05T23:24:58.376000Z,3,G1,Eletrônico,https://eproc.jfrj.jus.br/eproc/externo_controlador.php?acao=processo_consulta_publica
51241713720214025101,5124171-37.2021.4.02.5101,283,Ação Penal - Procedimento Ordinário,Crimes do Sistema Nacional de Armas,2021-11-29,2026-08-20T23:22:38.160000Z,48,G1,Eletrônico,https://eproc.jfrj.jus.br/eproc/externo_controlador.php?acao=processo_consulta_publica
51247317620214025101,5124731-76.2021.4.02.5101,326,Restituição de Coisas Apreendidas,"Crimes de &quot;Lavagem&quot; ou Ocultação de Bens, Direitos ou Valores",2021-11-30,2024-07-05T22:52:36.391000Z,11,G1,Eletrônico,https://eproc.jfrj.jus.br/eproc/externo_controlador.php?acao=processo_consulta_publica
51254549520214025101,5125454-95.2021.4.02.5101,1733,Procedimento Investigatório Criminal (PIC-MP) ,Crimes contra o Sistema Financeiro Nacional,2021-12-01,2024-07-05T22:52:26.750000Z,3,G1,Eletrônico,https://eproc.jfrj.jus.br/eproc/externo_controlador.php?acao=processo_consulta_publica
51260325820214025101,5126032-58.2021.4.02.5101,327,Embargos de Terceiro Criminal,"Crimes de &quot;Lavagem&quot; ou Ocultação de Bens, Direitos ou Valores; Indisponibilidade / Seqüestro de Bens",2021-12-02,2024-07-05T22:53:53.983000Z,9,G1,Eletrônico,https://eproc.jfrj.jus.br/eproc/externo_controlador.php?acao=processo_consulta_publica
51265219520214025101,5126521-95.2021.4.02.5101,1733,Procedimento Investigatório Criminal (PIC-MP) ,Tráfico de Drogas e Condutas Afins,2021-12-03,2024-07-05T22:52:07.301000Z,3,G1,Eletrônico,https://eproc.jfrj.jus.br/eproc/externo_controlador.php?acao=processo_consulta_publica
51304149420214025101,5130414-94.2021.4.02.5101,309,Pedido de Busca e Apreensão Criminal,Crimes contra o Sistema Financeiro Nacional,2021-12-13,2026-09-15T22:55:50.344000Z,49,G1,Eletrônico,https://eproc.jfrj.jus.br/eproc/externo_controlador.php?acao=processo_consulta_publica
51318508820214025101,5131850-88.2021.4.02.5101,327,Embargos de Terceiro Criminal,"Crimes de &quot;Lavagem&quot; ou Ocultação de Bens, Direitos ou Valores",2021-12-16,2026-09-15T22:55:48.886000Z,43,G1,Eletrônico,https://eproc.jfrj.jus.br/eproc/externo_controlador.php?acao=processo_consulta_publica
51321704120214025101,5132170-41.2021.4.02.5101,37,Embargos de Terceiro Cível,Imissão,2021-12-16,2024-07-05T22:53:47.473000Z,12,G1,Eletrônico,https://eproc.jfrj.jus.br/eproc/externo_controlador.php?acao=processo_consulta_publica
51324310620214025101,5132431-06.2021.4.02.5101,1733,Procedimento Investigatório Criminal (PIC-MP) ,Moeda Falsa / Assimilados,2021-12-17,2024-07-05T22:51:42.245000Z,3,G1,Eletrônico,https://eproc.jfrj.jus.br/eproc/externo_controlador.php?acao=processo_consulta_publica
51324406520214025101,5132440-65.2021.4.02.5101,1733,Procedimento Investigatório Criminal (PIC-MP) ,Crime Tentado; Estelionato Majorado ,2021-12-17,2024-07-05T22:53:21.342000Z,3,G1,Eletrônico,https://eproc.jfrj.jus.br/eproc/externo_controlador.php?acao=processo_consulta_publica
51329541820214025101,5132954-18.2021.4.02.5101,326,Restituição de Coisas Apreendidas,"Crimes de &quot;Lavagem&quot; ou Ocultação de Bens, Direitos ou Valores",2021-12-17,2024-07-05T22:53:31.404000Z,9,G1,Eletrônico,https://eproc.jfrj.jus.br/eproc/externo_controlador.php?acao=processo_consulta_publica
51329966720214025101,5132996-67.2021.4.02.5101,327,Embargos de Terceiro Criminal,"Crimes de &quot;Lavagem&quot; ou Ocultação de Bens, Direitos ou Valores",2021-12-18,2024-07-05T22:52:50.706000Z,8,G1,Eletrônico,https://eproc.jfrj.jus.br/eproc/externo_controlador.php?acao=processo_consulta_publica
51335769720214025101,5133576-97.2021.4.02.5101,241,Petição Cível,Tráfico de Drogas e Condutas Afins,2021-12-22,2024-07-05T22:52:59.575000Z,9,G1,Eletrônico,https://eproc.jfrj.jus.br/eproc/externo_controlador.php?acao=processo_consulta_publica
50004821920224025101,5000482-19.2022.4.02.5101,1733,Procedimento Investigatório Criminal (PIC-MP) ,Falso testemunho ou falsa perícia ,2022-01-07,2024-07-06T01:00:35.820000Z,3,G1,Eletrônico,https://eproc.jfrj.jus.br/eproc/externo_controlador.php?acao=processo_consulta_publica
50014903120224025101,5001490-31.2022.4.02.5101,307,Habeas Corpus Criminal,Crimes de Tráfico Ilícito e Uso Indevido de Drogas,2022-01-13,2024-07-05T20:32:40.453000Z,9,G1,Eletrônico,https://eproc.jfrj.jus.br/eproc/externo_controlador.php?acao=processo_consulta_publica
50024204920224025101,5002420-49.2022.4.02.5101,283,Ação Penal - Procedimento Ordinário,Crimes contra a Ordem Tributária,2022-01-18,2024-07-05T20:30:32.131000Z,21,G1,Eletrônico,https://eproc.jfrj.jus.br/eproc/externo_controlador.php?acao=processo_consulta_publica
50031843520224025101,5003184-35.2022.4.02.5101,1733,Procedimento Investigatório Criminal (PIC-MP) ,Estelionato,2022-01-21,2024-07-05T20:25:37.386000Z,3,G1,Eletrônico,https://eproc.jfrj.jus.br/eproc/externo_controlador.php?acao=processo_consulta_publica
50033220220224025101,5003322-02.2022.4.02.5101,326,Restituição de Coisas Apreendidas,Corrupção passiva ,2022-01-24,2024-07-05T20:28:22.709000Z,8,G1,Eletrônico,https://eproc.jfrj.jus.br/eproc/externo_controlador.php?acao=processo_consulta_publica
50057184920224025101,5005718-49.2022.4.02.5101,1733,Procedimento Investigatório Criminal (PIC-MP) ,Uso de documento falso ,2022-01-31,2024-07-05T21:05:31.875000Z,3,G1,Eletrônico,https://eproc.jfrj.jus.br/eproc/externo_controlador.php?acao=processo_consulta_publica
50076966120224025101,5007696-61.2022.4.02.5101,326,Restituição de Coisas Apreendidas,"Crimes de &quot;Lavagem&quot; ou Ocultação de Bens, Direitos ou Valores",2022-02-08,2024-07-05T21:08:49.312000Z,7,G1,Eletrônico,https://eproc.jfrj.jus.br/eproc/externo_controlador.php?acao=processo_consulta_publica
50077485720224025101,5007748-57.2022.4.02.5101,283,Ação Penal - Procedimento Ordinário,Associação para a Produção e Tráfico e Condutas Afins; Tráfico de Drogas e Condutas Afins,2022-02-08,2024-07-05T23:23:11.099000Z,12,G1,Eletrônico,https://eproc.jfrj.jus.br/eproc/externo_controlador.php?acao=processo_consulta_publica
50078386520224025101,5007838-65.2022.4.02.5101,327,Embargos de Terceiro Criminal,Esbulho possessório,2022-02-08,2024-07-05T21:08:09.911000Z,3,G1,Eletrônico,https://eproc.jfrj.jus.br/eproc/externo_controlador.php?acao=processo_consulta_publica
50082205820224025101,5008220-58.2022.4.02.5101,1733,Procedimento Investigatório Criminal (PIC-MP) ,Fato Atípico,2022-02-09,2024-07-05T21:08:40.035000Z,3,G1,Eletrônico,https://eproc.jfrj.jus.br/eproc/externo_controlador.php?acao=processo_consulta_publica
50084925220224025101,5008492-52.2022.4.02.5101,1733,Procedimento Investigatório Criminal (PIC-MP) ,Corrupção passiva ,2022-02-10,2024-07-05T21:36:50.826000Z,3,G1,Eletrônico,https://eproc.jfrj.jus.br/eproc/externo_controlador.php?acao=processo_consulta_publica
50089194920224025101,5008919-49.2022.4.02.5101,326,Restituição de Coisas Apreendidas,"Concussão ; Corrupção ativa ; Corrupção passiva ; Promoção, constituição, financiamento ou integração de Organização Criminosa",2022-02-11,2024-07-05T21:08:38.895000Z,13,G1,Eletrônico,https://eproc.jfrj.jus.br/eproc/externo_controlador.php?acao=processo_consulta_publica
50092278520224025101,5009227-85.2022.4.02.5101,1727,Petição Criminal,"Crimes de &quot;Lavagem&quot; ou Ocultação de Bens, Direitos ou Valores",2022-02-14,2024-07-05T23:24:10.947000Z,4,G1,Eletrônico,https://eproc.jfrj.jus.br/eproc/externo_controlador.php?acao=processo_consulta_publica
50098955620224025101,5009895-56.2022.4.02.5101,307,Habeas Corpus Criminal,Tráfico de Drogas e Condutas Afins,2022-02-16,2024-07-05T21:08:24.188000Z,9,G1,Eletrônico,https://eproc.jfrj.jus.br/eproc/externo_controlador.php?acao=processo_consulta_publica
50102081720224025101,5010208-17.2022.4.02.5101,1733,Procedimento Investigatório Criminal (PIC-MP) ,Estelionato,2022-02-17,2024-07-05T21:09:04.597000Z,3,G1,Eletrônico,https://eproc.jfrj.jus.br/eproc/externo_controlador.php?acao=processo_consulta_publica
50103684220224025101,5010368-42.2022.4.02.5101,1733,Procedimento Investigatório Criminal (PIC-MP) ,Moeda Falsa / Assimilados,2022-02-17,2024-07-05T21:37:03.836000Z,3,G1,Eletrônico,https://eproc.jfrj.jus.br/eproc/externo_controlador.php?acao=processo_consulta_publica
50112388720224025101,5011238-87.2022.4.02.5101,1733,Procedimento Investigatório Criminal (PIC-MP) ,Furto ,2022-02-18,2024-07-05T21:36:43.538000Z,3,G1,Eletrônico,https://eproc.jfrj.jus.br/eproc/externo_controlador.php?acao=processo_consulta_publica
50112933820224025101,5011293-38.2022.4.02.5101,1733,Procedimento Investigatório Criminal (PIC-MP) ,Estelionato Majorado ,2022-02-18,2024-07-05T21:36:48.784000Z,3,G1,Eletrônico,https://eproc.jfrj.jus.br/eproc/externo_controlador.php?acao=processo_consulta_publica
50119740820224025101,5011974-08.2022.4.02.5101,279,Inquérito Policial,Crimes contra o Sistema Financeiro Nacional,2022-02-21,2024-11-13T21:25:24.429000Z,5,G1,Eletrônico,https://eproc.jfrj.jus.br/eproc/externo_controlador.php?acao=processo_consulta_publica
50122028020224025101,5012202-80.2022.4.02.5101,1733,Procedimento Investigatório Criminal (PIC-MP) ,Fato Atípico,2022-02-22,2024-07-05T21:39:42.335000Z,3,G1,Eletrônico,https://eproc.jfrj.jus.br/eproc/externo_controlador.php?acao=processo_consulta_publica
50122218620224025101,5012221-86.2022.4.02.5101,1733,Procedimento Investigatório Criminal (PIC-MP) ,Contrabando ou descaminho ,2022-02-22,2024-07-05T21:39:01.605000Z,3,G1,Eletrônico,https://eproc.jfrj.jus.br/eproc/externo_controlador.php?acao=processo_consulta_publica
50125535320224025101,5012553-53.2022.4.02.5101,1733,Procedimento Investigatório Criminal (PIC-MP) ,Estelionato,2022-02-23,2024-07-05T21:37:32.363000Z,3,G1,Eletrônico,https://eproc.jfrj.jus.br/eproc/externo_controlador.php?acao=processo_consulta_publica
50131208420224025101,5013120-84.2022.4.02.5101,283,Ação Penal - Procedimento Ordinário,Pesca ,2022-02-24,2024-07-05T21:38:59.337000Z,11,G1,Eletrônico,https://eproc.jfrj.jus.br/eproc/externo_controlador.php?acao=processo_consulta_publica
50135373720224025101,5013537-37.2022.4.02.5101,283,Ação Penal - Procedimento Ordinário,Crimes de Tráfico Ilícito e Uso Indevido de Drogas,2022-02-25,2024-07-05T21:39:12.501000Z,50,G1,Eletrônico,https://eproc.jfrj.jus.br/eproc/externo_controlador.php?acao=processo_consulta_publica
50144484920224025101,5014448-49.2022.4.02.5101,37,Embargos de Terceiro Cível,Esbulho / Turbação / Ameaça,2022-03-04,2024-07-05T21:38:42.878000Z,10,G1,Eletrônico,https://eproc.jfrj.jus.br/eproc/externo_controlador.php?acao=processo_consulta_publica
50147118120224025101,5014711-81.2022.4.02.5101,279,Inquérito Policial,Furto ,2022-03-06,2024-07-05T21:39:29.024000Z,13,G1,Eletrônico,https://eproc.jfrj.jus.br/eproc/externo_controlador.php?acao=processo_consulta_publica
50153007320224025101,5015300-73.2022.4.02.5101,283,Ação Penal - Procedimento Ordinário,Falsificação de documento público; Uso de documento falso ,2022-03-08,2024-07-05T21:38:10.290000Z,13,G1,Eletrônico,https://eproc.jfrj.jus.br/eproc/externo_controlador.php?acao=processo_consulta_publica
50153743020224025101,5015374-30.2022.4.02.5101,1733,Procedimento Investigatório Criminal (PIC-MP) ,Moeda Falsa / Assimilados,2022-03-08,2024-07-05T21:39:00.662000Z,3,G1,Eletrônico,https://eproc.jfrj.jus.br/eproc/externo_controlador.php?acao=processo_consulta_publica
50154245620224025101,5015424-56.2022.4.02.5101,283,Ação Penal - Procedimento Ordinário,Falsificação de documento público; Uso de documento falso ,2022-03-08,2024-07-05T21:38:46.098000Z,17,G1,Eletrônico,https://eproc.jfrj.jus.br/eproc/externo_controlador.php?acao=processo_consulta_publica
50157891320224025101,5015789-13.2022.4.02.5101,1733,Procedimento Investigatório Criminal (PIC-MP) ,Fato Atípico,2022-03-09,2024-07-05T21:38:52.675000Z,3,G1,Eletrônico,https://eproc.jfrj.jus.br/eproc/externo_controlador.php?acao=processo_consulta_publica
50160593720224025101,5016059-37.2022.4.02.5101,279,Inquérito Policial,Furto ,2022-03-10,2025-05-13T23:08:49.524000Z,16,G1,Eletrônico,https://eproc.jfrj.jus.br/eproc/externo_controlador.php?acao=processo_consulta_publica
50176962320224025101,5017696-23.2022.4.02.5101,326,Restituição de Coisas Apreendidas,Corrupção ativa ,2022-03-16,2024-07-05T21:40:06.300000Z,4,G1,Eletrônico,https://eproc.jfrj.jus.br/eproc/externo_controlador.php?acao=processo_consulta_publica
50188204120224025101,5018820-41.2022.4.02.5101,283,Ação Penal - Procedimento Ordinário,Crimes contra a Ordem Tributária,2022-03-21,2024-09-26T20:52:55.879000Z,17,G1,Eletrônico,https://eproc.jfrj.jus.br/eproc/externo_controlador.php?acao=processo_consulta_publica
50190152620224025101,5019015-26.2022.4.02.5101,283,Ação Penal - Procedimento Ordinário,Moeda Falsa / Assimilados,2022-03-22,2026-07-15T06:40:40.467000Z,28,G1,Eletrônico,https://eproc.jfrj.jus.br/eproc/externo_controlador.php?acao=processo_consulta_publica
50196259120224025101,5019625-91.2022.4.02.5101,1733,Procedimento Investigatório Criminal (PIC-MP) ,Estelionato Majorado ,2022-03-23,2024-07-05T21:42:57.587000Z,3,G1,Eletrônico,https://eproc.jfrj.jus.br/eproc/externo_controlador.php?acao=processo_consulta_publica
50200139120224025101,5020013-91.2022.4.02.5101,1733,Procedimento Investigatório Criminal (PIC-MP) ,Estelionato Majorado ,2022-03-24,2024-07-05T21:47:20.183000Z,3,G1,Eletrônico,https://eproc.jfrj.jus.br/eproc/externo_controlador.php?acao=processo_consulta_publica
50211077420224025101,5021107-74.2022.4.02.5101,1727,Petição Criminal,"Crimes de &quot;Lavagem&quot; ou Ocultação de Bens, Direitos ou Valores",2022-03-25,2025-07-15T19:11:01.107000Z,7,G1,Eletrônico,https://eproc.jfrj.jus.br/eproc/externo_controlador.php?acao=processo_consulta_publica
50211882320224025101,5021188-23.2022.4.02.5101,1733,Procedimento Investigatório Criminal (PIC-MP) ,Fato Atípico,2022-03-25,2024-07-05T21:40:56.627000Z,3,G1,Eletrônico,https://eproc.jfrj.jus.br/eproc/externo_controlador.php?acao=processo_consulta_publica
50212177320224025101,5021217-73.2022.4.02.5101,318,Exceção de Suspeição,Constrangimento ilegal ,2022-03-25,2024-07-05T21:39:47.614000Z,5,G1,Eletrônico,https://eproc.jfrj.jus.br/eproc/externo_controlador.php?acao=processo_consulta_publica
50213346420224025101,5021334-64.2022.4.02.5101,426,Recurso em Sentido Estrito,"Crimes de &quot;Lavagem&quot; ou Ocultação de Bens, Direitos ou Valores; Jurisdição e Competência",2022-03-28,2024-07-05T21:39:44.476000Z,9,G1,Eletrônico,https://eproc.jfrj.jus.br/eproc/externo_controlador.php?acao=processo_consulta_publica
50215623920224025101,5021562-39.2022.4.02.5101,1733,Procedimento Investigatório Criminal (PIC-MP) ,"""Lavagem"" ou Ocultação de Bens, Direitos ou Valores Oriundos de Corrupção; Crimes contra a Ordem Tributária",2022-03-28,2024-07-05T21:40:50.852000Z,3,G1,Eletrônico,https://eproc.jfrj.jus.br/eproc/externo_controlador.php?acao=processo_consulta_publica
50223306220224025101,5022330-62.2022.4.02.5101,327,Embargos de Terceiro Criminal,"""Lavagem"" ou Ocultação de Bens, Direitos ou Valores Oriundos de Corrupção",2022-03-30,2024-07-05T22:16:29.551000Z,5,G1,Eletrônico,https://eproc.jfrj.jus.br/eproc/externo_controlador.php?acao=processo_consulta_publica
50008857020224025106,5000885-70.2022.4.02.5106,279,Inquérito Policial,Maus Tratos,2022-03-30,2026-09-15T22:56:47.345000Z,32,G1,Eletrônico,https://eproc.jfrj.jus.br/eproc/externo_controlador.php?acao=processo_consulta_publica
50229160220224025101,5022916-02.2022.4.02.5101,1727,Petição Criminal,"Crimes de &quot;Lavagem&quot; ou Ocultação de Bens, Direitos ou Valores",2022-03-31,2024-07-05T21:41:37.711000Z,5,G1,Eletrônico,https://eproc.jfrj.jus.br/eproc/externo_controlador.php?acao=processo_consulta_publica
50235405120224025101,5023540-51.2022.4.02.5101,1733,Procedimento Investigatório Criminal (PIC-MP) ,Furto ,2022-04-01,2024-07-05T22:09:35.306000Z,3,G1,Eletrônico,https://eproc.jfrj.jus.br/eproc/externo_controlador.php?acao=processo_consulta_publica
50237353620224025101,5023735-36.2022.4.02.5101,1733,Procedimento Investigatório Criminal (PIC-MP) ,Desobediência ,2022-04-04,2024-07-05T21:40:46.848000Z,3,G1,Eletrônico,https://eproc.jfrj.jus.br/eproc/externo_controlador.php?acao=processo_consulta_publica
50241684020224025101,5024168-40.2022.4.02.5101,1733,Procedimento Investigatório Criminal (PIC-MP) ,Crimes contra o Sistema Financeiro Nacional,2022-04-05,2024-09-26T21:03:44.855000Z,10,G1,Eletrônico,https://eproc.jfrj.jus.br/eproc/externo_controlador.php?acao=processo_consulta_publica
50251002820224025101,5025100-28.2022.4.02.5101,1733,Procedimento Investigatório Criminal (PIC-MP) ,Crimes contra o Sistema Financeiro Nacional,2022-04-08,2024-07-05T22:16:55.120000Z,3,G1,Eletrônico,https://eproc.jfrj.jus.br/eproc/externo_controlador.php?acao=processo_consulta_publica
50271035320224025101,5027103-53.2022.4.02.5101,327,Embargos de Terceiro Criminal,"Crimes de &quot;Lavagem&quot; ou Ocultação de Bens, Direitos ou Valores; Promoção, constituição, financiamento ou integração de Organização Criminosa",2022-04-18,2024-07-05T22:18:12.206000Z,6,G1,Eletrônico,https://eproc.jfrj.jus.br/eproc/externo_controlador.php?acao=processo_consulta_publica
50274810920224025101,5027481-09.2022.4.02.5101,1733,Procedimento Investigatório Criminal (PIC-MP) ,Fato Atípico,2022-04-19,2024-07-05T22:13:41.293000Z,3,G1,Eletrônico,https://eproc.jfrj.jus.br/eproc/externo_controlador.php?acao=processo_consulta_publica
50288114120224025101,5028811-41.2022.4.02.5101,1727,Petição Criminal,"""Lavagem"" ou Ocultação de Bens, Direitos ou Valores Oriundos de Corrupção; Peculato",2022-04-21,2024-07-05T22:16:52.234000Z,5,G1,Eletrônico,https://eproc.jfrj.jus.br/eproc/externo_controlador.php?acao=processo_consulta_publica
50290669620224025101,5029066-96.2022.4.02.5101,279,Inquérito Policial,Crimes de Tráfico Ilícito e Uso Indevido de Drogas,2022-04-23,2026-07-15T06:36:46.524000Z,28,G1,Eletrônico,https://eproc.jfrj.jus.br/eproc/externo_controlador.php?acao=processo_consulta_publica
50296064720224025101,5029606-47.2022.4.02.5101,283,Ação Penal - Procedimento Ordinário,Crime Tentado; Leve; Resistência ,2022-04-26,2026-06-13T13:58:03.113000Z,27,G1,Eletrônico,https://eproc.jfrj.jus.br/eproc/externo_controlador.php?acao=processo_consulta_publica
50305487920224025101,5030548-79.2022.4.02.5101,1733,Procedimento Investigatório Criminal (PIC-MP) ,Estelionato Majorado ,2022-04-29,2024-07-05T22:18:16.677000Z,3,G1,Eletrônico,https://eproc.jfrj.jus.br/eproc/externo_controlador.php?acao=processo_consulta_publica
50310069620224025101,5031006-96.2022.4.02.5101,1733,Procedimento Investigatório Criminal (PIC-MP) ,Crimes contra o Sistema Financeiro Nacional,2022-05-02,2024-07-05T22:18:15.033000Z,3,G1,Eletrônico,https://eproc.jfrj.jus.br/eproc/externo_controlador.php?acao=processo_consulta_publica
50018755520224025108,5001875-55.2022.4.02.5108,279,Inquérito Policial,"Crimes de &quot;Lavagem&quot; ou Ocultação de Bens, Direitos ou Valores",2022-05-02,2024-07-05T20:30:59.510000Z,12,G1,Eletrônico,https://eproc.jfrj.jus.br/eproc/externo_controlador.php?acao=processo_consulta_publica
50018764020224025108,5001876-40.2022.4.02.5108,279,Inquérito Policial,Estelionato; Quadrilha ou Bando,2022-05-02,2024-07-05T20:27:52.628000Z,15,G1,Eletrônico,https://eproc.jfrj.jus.br/eproc/externo_controlador.php?acao=processo_consulta_publica
50312684620224025101,5031268-46.2022.4.02.5101,1733,Procedimento Investigatório Criminal (PIC-MP) ,Uso de documento falso ,2022-05-03,2024-07-05T22:18:10.817000Z,3,G1,Eletrônico,https://eproc.jfrj.jus.br/eproc/externo_controlador.php?acao=processo_consulta_publica
50320756620224025101,5032075-66.2022.4.02.5101,426,Recurso em Sentido Estrito,"Crimes de &quot;Lavagem&quot; ou Ocultação de Bens, Direitos ou Valores",2022-05-05,2024-07-05T22:16:23.769000Z,7,G1,Eletrônico,https://eproc.jfrj.jus.br/eproc/externo_controlador.php?acao=processo_consulta_publica
50354221020224025101,5035422-10.2022.4.02.5101,278,Termo Circunstanciado,Poluição,2022-05-10,2024-06-17T22:04:34.681000Z,5,JE,Eletrônico,https://eproc.jfrj.jus.br/eproc/externo_controlador.php?acao=processo_consulta_publica
50354499020224025101,5035449-90.2022.4.02.5101,283,Ação Penal - Procedimento Ordinário,Crimes do Sistema Nacional de Armas,2022-05-10,2025-10-14T09:10:03.536000Z,23,G1,Eletrônico,https://eproc.jfrj.jus.br/eproc/externo_controlador.php?acao=processo_consulta_publica
50355027120224025101,5035502-71.2022.4.02.5101,1733,Procedimento Investigatório Criminal (PIC-MP) ,Falsidade ideológica ,2022-05-10,2024-07-05T22:18:52.215000Z,3,G1,Eletrônico,https://eproc.jfrj.jus.br/eproc/externo_controlador.php?acao=processo_consulta_publica
50355079320224025101,5035507-93.2022.4.02.5101,283,Ação Penal - Procedimento Ordinário,Falsidade ideológica ,2022-05-10,2025-11-13T18:08:59.342000Z,25,G1,Eletrônico,https://eproc.jfrj.jus.br/eproc/externo_controlador.php?acao=processo_consulta_publica
50356066320224025101,5035606-63.2022.4.02.5101,1733,Procedimento Investigatório Criminal (PIC-MP) ,Crimes contra as Relações de Consumo,2022-05-11,2024-07-05T22:15:58.960000Z,3,G1,Eletrônico,https://eproc.jfrj.jus.br/eproc/externo_controlador.php?acao=processo_consulta_publica
50357356820224025101,5035735-68.2022.4.02.5101,1733,Procedimento Investigatório Criminal (PIC-MP) ,Furto ,2022-05-11,2024-07-05T22:19:07.384000Z,3,G1,Eletrônico,https://eproc.jfrj.jus.br/eproc/externo_controlador.php?acao=processo_consulta_publica
50357417520224025101,5035741-75.2022.4.02.5101,1733,Procedimento Investigatório Criminal (PIC-MP) ,Invasão de Dispositivo Informático,2022-05-11,2024-07-05T22:19:10.831000Z,3,G1,Eletrônico,https://eproc.jfrj.jus.br/eproc/externo_controlador.php?acao=processo_consulta_publica
50357486720224025101,5035748-67.2022.4.02.5101,1733,Procedimento Investigatório Criminal (PIC-MP) ,Crimes de Tráfico Ilícito e Uso Indevido de Drogas,2022-05-11,2024-07-05T22:18:15.842000Z,3,G1,Eletrônico,https://eproc.jfrj.jus.br/eproc/externo_controlador.php?acao=processo_consulta_publica
50362751920224025101,5036275-19.2022.4.02.5101,1733,Procedimento Investigatório Criminal (PIC-MP) ,Extorsão ,2022-05-13,2024-07-05T22:18:20.217000Z,3,G1,Eletrônico,https://eproc.jfrj.jus.br/eproc/externo_controlador.php?acao=processo_consulta_publica
50362873320224025101,5036287-33.2022.4.02.5101,1733,Procedimento Investigatório Criminal (PIC-MP) ,Fato Atípico,2022-05-13,2024-07-05T22:18:04.957000Z,3,G1,Eletrônico,https://eproc.jfrj.jus.br/eproc/externo_controlador.php?acao=processo_consulta_publica
50366562720224025101,5036656-27.2022.4.02.5101,283,Ação Penal - Procedimento Ordinário,Estelionato Majorado ,2022-05-16,2024-10-18T11:08:03.594000Z,27,G1,Eletrônico,https://eproc.jfrj.jus.br/eproc/externo_controlador.php?acao=processo_consulta_publica
50368442020224025101,5036844-20.2022.4.02.5101,313,Pedido de Prisão Preventiva,Tráfico de Drogas e Condutas Afins,2022-05-16,2025-12-13T14:53:45.289000Z,64,G1,Eletrônico,https://eproc.jfrj.jus.br/eproc/externo_controlador.php?acao=processo_consulta_publica
50368485720224025101,5036848-57.2022.4.02.5101,1733,Procedimento Investigatório Criminal (PIC-MP) ,Dano Qualificado,2022-05-16,2024-07-05T22:16:44.457000Z,3,G1,Eletrônico,https://eproc.jfrj.jus.br/eproc/externo_controlador.php?acao=processo_consulta_publica
50371066720224025101,5037106-67.2022.4.02.5101,426,Recurso em Sentido Estrito,"Crimes de &quot;Lavagem&quot; ou Ocultação de Bens, Direitos ou Valores",2022-05-17,2024-07-05T22:16:48.206000Z,7,G1,Eletrônico,https://eproc.jfrj.jus.br/eproc/externo_controlador.php?acao=processo_consulta_publica
50371898320224025101,5037189-83.2022.4.02.5101,283,Ação Penal - Procedimento Ordinário,Crimes contra a Ordem Econômica,2022-05-17,2024-07-05T22:17:10.049000Z,13,G1,Eletrônico,https://eproc.jfrj.jus.br/eproc/externo_controlador.php?acao=processo_consulta_publica
50375795320224025101,5037579-53.2022.4.02.5101,319,Exceção de Incompetência de Juízo,"Crimes de &quot;Lavagem&quot; ou Ocultação de Bens, Direitos ou Valores",2022-05-18,2024-07-05T22:19:02.711000Z,4,G1,Eletrônico,https://eproc.jfrj.jus.br/eproc/externo_controlador.php?acao=processo_consulta_publica
50376600220224025101,5037660-02.2022.4.02.5101,1733,Procedimento Investigatório Criminal (PIC-MP) ,Estelionato Majorado ,2022-05-19,2024-07-05T22:17:44.361000Z,3,G1,Eletrônico,https://eproc.jfrj.jus.br/eproc/externo_controlador.php?acao=processo_consulta_publica
50384005720224025101,5038400-57.2022.4.02.5101,1733,Procedimento Investigatório Criminal (PIC-MP) ,Crimes contra a Ordem Tributária,2022-05-23,2024-07-05T22:16:43.428000Z,3,G1,Eletrônico,https://eproc.jfrj.jus.br/eproc/externo_controlador.php?acao=processo_consulta_publica
50385902020224025101,5038590-20.2022.4.02.5101,1733,Procedimento Investigatório Criminal (PIC-MP) ,Fato Atípico,2022-05-23,2024-07-05T22:18:23.625000Z,3,G1,Eletrônico,https://eproc.jfrj.jus.br/eproc/externo_controlador.php?acao=processo_consulta_publica
50386863520224025101,5038686-35.2022.4.02.5101,1733,Procedimento Investigatório Criminal (PIC-MP) ,Desobediência ,2022-05-24,2024-07-05T22:17:45.252000Z,3,G1,Eletrônico,https://eproc.jfrj.jus.br/eproc/externo_controlador.php?acao=processo_consulta_publica
50387426820224025101,5038742-68.2022.4.02.5101,283,Ação Penal - Procedimento Ordinário,Apropriação indébita Previdenciária ; Sonegação de contribuição previdenciária ,2022-05-24,2025-12-13T14:40:36.163000Z,30,G1,Eletrônico,https://eproc.jfrj.jus.br/eproc/externo_controlador.php?acao=processo_consulta_publica
50388604420224025101,5038860-44.2022.4.02.5101,283,Ação Penal - Procedimento Ordinário,Estelionato; Sonegação de papel ou objeto de valor probatório ,2022-05-24,2026-08-20T23:41:43.722000Z,24,G1,Eletrônico,https://eproc.jfrj.jus.br/eproc/externo_controlador.php?acao=processo_consulta_publica
50408377120224025101,5040837-71.2022.4.02.5101,1733,Procedimento Investigatório Criminal (PIC-MP) ,Falsificação de documento público,2022-05-31,2024-07-05T22:18:57.495000Z,3,G1,Eletrônico,https://eproc.jfrj.jus.br/eproc/externo_controlador.php?acao=processo_consulta_publica
50408610220224025101,5040861-02.2022.4.02.5101,1733,Procedimento Investigatório Criminal (PIC-MP) ,Estelionato Majorado ,2022-05-31,2024-07-05T22:17:57.169000Z,3,G1,Eletrônico,https://eproc.jfrj.jus.br/eproc/externo_controlador.php?acao=processo_consulta_publica
50408827520224025101,5040882-75.2022.4.02.5101,1733,Procedimento Investigatório Criminal (PIC-MP) ,Estelionato Majorado ,2022-05-31,2024-07-05T22:18:41.992000Z,3,G1,Eletrônico,https://eproc.jfrj.jus.br/eproc/externo_controlador.php?acao=processo_consulta_publica
50422554420224025101,5042255-44.2022.4.02.5101,1733,Procedimento Investigatório Criminal (PIC-MP) ,Dano,2022-06-06,2024-07-05T22:18:57.226000Z,3,G1,Eletrônico,https://eproc.jfrj.jus.br/eproc/externo_controlador.php?acao=processo_consulta_publica
50425420720224025101,5042542-07.2022.4.02.5101,1733,Procedimento Investigatório Criminal (PIC-MP) ,Homicídio Simples,2022-06-06,2024-07-05T22:17:30.103000Z,3,G1,Eletrônico,https://eproc.jfrj.jus.br/eproc/externo_controlador.php?acao=processo_consulta_publica
50428288220224025101,5042828-82.2022.4.02.5101,1733,Procedimento Investigatório Criminal (PIC-MP) ,Contrabando ou descaminho ,2022-06-07,2024-07-05T22:20:07.393000Z,3,G1,Eletrônico,https://eproc.jfrj.jus.br/eproc/externo_controlador.php?acao=processo_consulta_publica
50429093120224025101,5042909-31.2022.4.02.5101,1733,Procedimento Investigatório Criminal (PIC-MP) ,Contrabando ou descaminho ,2022-06-07,2024-07-05T22:18:15.823000Z,3,G1,Eletrônico,https://eproc.jfrj.jus.br/eproc/externo_controlador.php?acao=processo_consulta_publica
50430010920224025101,5043001-09.2022.4.02.5101,1733,Procedimento Investigatório Criminal (PIC-MP) ,Desobediência ,2022-06-08,2024-07-05T23:24:42.163000Z,3,G1,Eletrônico,https://eproc.jfrj.jus.br/eproc/externo_controlador.php?acao=processo_consulta_publica
50439052920224025101,5043905-29.2022.4.02.5101,1733,Procedimento Investigatório Criminal (PIC-MP) ,Fato Atípico,2022-06-10,2024-07-05T22:19:44.924000Z,3,G1,Eletrônico,https://eproc.jfrj.jus.br/eproc/externo_controlador.php?acao=processo_consulta_publica
50448094920224025101,5044809-49.2022.4.02.5101,11955,Cautelar Inominada Criminal,Corrupção passiva ; Crimes ocorridos na investigação da prova,2022-06-14,2024-07-05T22:19:16.666000Z,26,G1,Eletrônico,https://eproc.jfrj.jus.br/eproc/externo_controlador.php?acao=processo_consulta_publica
50451974920224025101,5045197-49.2022.4.02.5101,283,Ação Penal - Procedimento Ordinário,Peculato,2022-06-15,2026-07-15T06:26:28.310000Z,22,G1,Eletrônico,https://eproc.jfrj.jus.br/eproc/externo_controlador.php?acao=processo_consulta_publica
50453854220224025101,5045385-42.2022.4.02.5101,1733,Procedimento Investigatório Criminal (PIC-MP) ,Estelionato,2022-06-15,2024-07-05T23:24:28.417000Z,3,G1,Eletrônico,https://eproc.jfrj.jus.br/eproc/externo_controlador.php?acao=processo_consulta_publica
50464983120224025101,5046498-31.2022.4.02.5101,279,Inquérito Policial,Estelionato Majorado ,2022-06-21,2025-08-16T02:39:18.372000Z,5,G1,Eletrônico,https://eproc.jfrj.jus.br/eproc/externo_controlador.php?acao=processo_consulta_publica
50466516420224025101,5046651-64.2022.4.02.5101,279,Inquérito Policial,Estelionato,2022-06-21,2024-07-05T22:19:15.715000Z,4,G1,Eletrônico,https://eproc.jfrj.jus.br/eproc/externo_controlador.php?acao=processo_consulta_publica
50484062620224025101,5048406-26.2022.4.02.5101,283,Ação Penal - Procedimento Ordinário,Uso de documento falso ,2022-06-28,2025-05-13T23:10:31.362000Z,24,G1,Eletrônico,https://eproc.jfrj.jus.br/eproc/externo_controlador.php?acao=processo_consulta_publica
50487050320224025101,5048705-03.2022.4.02.5101,1733,Procedimento Investigatório Criminal (PIC-MP) ,Estelionato Majorado ,2022-06-28,2024-07-05T22:19:45.817000Z,3,G1,Eletrônico,https://eproc.jfrj.jus.br/eproc/externo_controlador.php?acao=processo_consulta_publica
50494992420224025101,5049499-24.2022.4.02.5101,326,Restituição de Coisas Apreendidas,"Crimes de &quot;Lavagem&quot; ou Ocultação de Bens, Direitos ou Valores",2022-06-30,2024-07-05T22:18:47.849000Z,6,G1,Eletrônico,https://eproc.jfrj.jus.br/eproc/externo_controlador.php?acao=processo_consulta_publica
50495451320224025101,5049545-13.2022.4.02.5101,326,Restituição de Coisas Apreendidas,Busca e Apreensão de Bens; Crimes contra o Sistema Financeiro Nacional,2022-06-30,2024-07-05T22:48:06.014000Z,5,G1,Eletrônico,https://eproc.jfrj.jus.br/eproc/externo_controlador.php?acao=processo_consulta_publica
50499496420224025101,5049949-64.2022.4.02.5101,326,Restituição de Coisas Apreendidas,"""Lavagem"" ou Ocultação de Bens, Direitos ou Valores Oriundos de Corrupção; Corrupção passiva ",2022-07-01,2024-07-05T22:20:42.658000Z,7,G1,Eletrônico,https://eproc.jfrj.jus.br/eproc/externo_controlador.php?acao=processo_consulta_publica
50502354220224025101,5050235-42.2022.4.02.5101,1727,Petição Criminal,"Corrupção ativa ; Corrupção passiva ; Crimes de &quot;Lavagem&quot; ou Ocultação de Bens, Direitos ou Valores",2022-07-04,2024-07-05T22:18:49.688000Z,7,G1,Eletrônico,https://eproc.jfrj.jus.br/eproc/externo_controlador.php?acao=processo_consulta_publica
50510330320224025101,5051033-03.2022.4.02.5101,1733,Procedimento Investigatório Criminal (PIC-MP) ,Falso testemunho ou falsa perícia ,2022-07-06,2024-07-05T23:24:32.196000Z,3,G1,Eletrônico,https://eproc.jfrj.jus.br/eproc/externo_controlador.php?acao=processo_consulta_publica
50512089420224025101,5051208-94.2022.4.02.5101,1733,Procedimento Investigatório Criminal (PIC-MP) ,Falsificação de documento público,2022-07-07,2024-07-05T22:48:59.969000Z,3,G1,Eletrônico,https://eproc.jfrj.jus.br/eproc/externo_controlador.php?acao=processo_consulta_publica
50512808120224025101,5051280-81.2022.4.02.5101,283,Ação Penal - Procedimento Ordinário,"Crimes contra o Sistema Financeiro Nacional; Crimes de &quot;Lavagem&quot; ou Ocultação de Bens, Direitos ou Valores; Promoção, constituição, financiamento ou integração de Organização Criminosa",2022-07-07,2026-08-20T23:21:54.508000Z,51,G1,Eletrônico,https://eproc.jfrj.jus.br/eproc/externo_controlador.php?acao=processo_consulta_publica
50514107120224025101,5051410-71.2022.4.02.5101,1733,Procedimento Investigatório Criminal (PIC-MP) ,Estelionato Majorado ,2022-07-07,2024-07-05T22:18:39.652000Z,4,G1,Eletrônico,https://eproc.jfrj.jus.br/eproc/externo_controlador.php?acao=processo_consulta_publica
50522854120224025101,5052285-41.2022.4.02.5101,283,Ação Penal - Procedimento Ordinário,Furto ,2022-07-12,2026-08-20T23:20:18.219000Z,32,G1,Eletrônico,https://eproc.jfrj.jus.br/eproc/externo_controlador.php?acao=processo_consulta_publica
50546974220224025101,5054697-42.2022.4.02.5101,326,Restituição de Coisas Apreendidas,Busca e Apreensão de Bens; Corrupção ativa ; Corrupção passiva ,2022-07-20,2024-07-05T22:19:23.316000Z,7,G1,Eletrônico,https://eproc.jfrj.jus.br/eproc/externo_controlador.php?acao=processo_consulta_publica
50548706620224025101,5054870-66.2022.4.02.5101,1733,Procedimento Investigatório Criminal (PIC-MP) ,Desobediência ,2022-07-21,2024-07-05T22:18:53.726000Z,3,G1,Eletrônico,https://eproc.jfrj.jus.br/eproc/externo_controlador.php?acao=processo_consulta_publica
50548775820224025101,5054877-58.2022.4.02.5101,1733,Procedimento Investigatório Criminal (PIC-MP) ,Crimes de Tortura,2022-07-21,2024-07-05T22:49:44.347000Z,3,G1,Eletrônico,https://eproc.jfrj.jus.br/eproc/externo_controlador.php?acao=processo_consulta_publica
50549486020224025101,5054948-60.2022.4.02.5101,1733,Procedimento Investigatório Criminal (PIC-MP) ,Homicídio Simples,2022-07-21,2024-07-05T22:20:14.867000Z,7,G1,Eletrônico,https://eproc.jfrj.jus.br/eproc/externo_controlador.php?acao=processo_consulta_publica
50550984120224025101,5055098-41.2022.4.02.5101,1733,Procedimento Investigatório Criminal (PIC-MP) ,Desobediência ,2022-07-21,2024-07-05T22:48:55.234000Z,3,G1,Eletrônico,https://eproc.jfrj.jus.br/eproc/externo_controlador.php?acao=processo_consulta_publica
50551547420224025101,5055154-74.2022.4.02.5101,1733,Procedimento Investigatório Criminal (PIC-MP) ,Assédio Sexual,2022-07-21,2024-07-05T22:20:27.402000Z,3,G1,Eletrônico,https://eproc.jfrj.jus.br/eproc/externo_controlador.php?acao=processo_consulta_publica
50551668820224025101,5055166-88.2022.4.02.5101,1733,Procedimento Investigatório Criminal (PIC-MP) ,Fato Atípico,2022-07-21,2024-07-05T22:20:27.913000Z,3,G1,Eletrônico,https://eproc.jfrj.jus.br/eproc/externo_controlador.php?acao=processo_consulta_publica
50552465220224025101,5055246-52.2022.4.02.5101,1733,Procedimento Investigatório Criminal (PIC-MP) ,Crimes contra as Telecomunicações,2022-07-22,2024-07-05T22:18:38.569000Z,3,G1,Eletrônico,https://eproc.jfrj.jus.br/eproc/externo_controlador.php?acao=processo_consulta_publica
50553028520224025101,5055302-85.2022.4.02.5101,37,Embargos de Terceiro Cível,Propriedade,2022-07-22,2024-07-05T22:18:40.026000Z,11,G1,Eletrônico,https://eproc.jfrj.jus.br/eproc/externo_controlador.php?acao=processo_consulta_publica
50553712020224025101,5055371-20.2022.4.02.5101,1733,Procedimento Investigatório Criminal (PIC-MP) ,Falsidade ideológica ,2022-07-22,2024-07-05T22:20:21.600000Z,3,G1,Eletrônico,https://eproc.jfrj.jus.br/eproc/externo_controlador.php?acao=processo_consulta_publica
50553738720224025101,5055373-87.2022.4.02.5101,283,Ação Penal - Procedimento Ordinário,Falsidade ideológica ,2022-07-22,2025-08-16T02:43:36.375000Z,25,G1,Eletrônico,https://eproc.jfrj.jus.br/eproc/externo_controlador.php?acao=processo_consulta_publica
50554145420224025101,5055414-54.2022.4.02.5101,1733,Procedimento Investigatório Criminal (PIC-MP) ,"Crimes contra a Segurança Nacional, a Ordem Política e Social",2022-07-22,2024-07-05T22:19:43.435000Z,3,G1,Eletrônico,https://eproc.jfrj.jus.br/eproc/externo_controlador.php?acao=processo_consulta_publica
50565118920224025101,5056511-89.2022.4.02.5101,1733,Procedimento Investigatório Criminal (PIC-MP) ,Ameaça ,2022-07-26,2024-07-05T22:19:43.458000Z,3,G1,Eletrônico,https://eproc.jfrj.jus.br/eproc/externo_controlador.php?acao=processo_consulta_publica
50567880820224025101,5056788-08.2022.4.02.5101,1727,Petição Criminal,"Crimes de &quot;Lavagem&quot; ou Ocultação de Bens, Direitos ou Valores",2022-07-27,2024-07-05T22:19:36.791000Z,3,G1,Eletrônico,https://eproc.jfrj.jus.br/eproc/externo_controlador.php?acao=processo_consulta_publica
50569007420224025101,5056900-74.2022.4.02.5101,283,Ação Penal - Procedimento Ordinário,Crimes contra o Sistema Financeiro Nacional,2022-07-27,2024-07-05T23:24:10.589000Z,7,G1,Eletrônico,https://eproc.jfrj.jus.br/eproc/externo_controlador.php?acao=processo_consulta_publica
50572012120224025101,5057201-21.2022.4.02.5101,283,Ação Penal - Procedimento Ordinário,Estelionato Majorado ,2022-07-28,2024-07-05T22:34:55.591000Z,16,G1,Eletrônico,https://eproc.jfrj.jus.br/eproc/externo_controlador.php?acao=processo_consulta_publica
50573233420224025101,5057323-34.2022.4.02.5101,1733,Procedimento Investigatório Criminal (PIC-MP) ,Estelionato Majorado ,2022-07-29,2024-07-05T22:48:46.921000Z,3,G1,Eletrônico,https://eproc.jfrj.jus.br/eproc/externo_controlador.php?acao=processo_consulta_publica
50573692320224025101,5057369-23.2022.4.02.5101,326,Restituição de Coisas Apreendidas,"Crimes de &quot;Lavagem&quot; ou Ocultação de Bens, Direitos ou Valores",2022-07-29,2024-07-05T22:49:06.088000Z,6,G1,Eletrônico,https://eproc.jfrj.jus.br/eproc/externo_controlador.php?acao=processo_consulta_publica
50573700820224025101,5057370-08.2022.4.02.5101,326,Restituição de Coisas Apreendidas,"Crimes de &quot;Lavagem&quot; ou Ocultação de Bens, Direitos ou Valores",2022-07-29,2024-07-05T22:49:31.713000Z,10,G1,Eletrônico,https://eproc.jfrj.jus.br/eproc/externo_controlador.php?acao=processo_consulta_publica
50573719020224025101,5057371-90.2022.4.02.5101,1733,Procedimento Investigatório Criminal (PIC-MP) ,Estelionato Majorado ,2022-07-29,2024-07-05T22:49:06.390000Z,6,G1,Eletrônico,https://eproc.jfrj.jus.br/eproc/externo_controlador.php?acao=processo_consulta_publica
50574454720224025101,5057445-47.2022.4.02.5101,37,Embargos de Terceiro Cível,Aquisição,2022-07-29,2024-07-05T22:49:57.075000Z,7,G1,Eletrônico,https://eproc.jfrj.jus.br/eproc/externo_controlador.php?acao=processo_consulta_publica
50580404620224025101,5058040-46.2022.4.02.5101,1733,Procedimento Investigatório Criminal (PIC-MP) ,Crimes de Tráfico Ilícito e Uso Indevido de Drogas,2022-08-01,2024-07-05T22:49:43.371000Z,12,G1,Eletrônico,https://eproc.jfrj.jus.br/eproc/externo_controlador.php?acao=processo_consulta_publica
50582353120224025101,5058235-31.2022.4.02.5101,279,Inquérito Policial,"Crimes contra o Sistema Financeiro Nacional; Promoção, constituição, financiamento ou integração de Organização Criminosa",2022-08-02,2024-07-05T22:35:01.756000Z,11,G1,Eletrônico,https://eproc.jfrj.jus.br/eproc/externo_controlador.php?acao=processo_consulta_publica
50585367520224025101,5058536-75.2022.4.02.5101,279,Inquérito Policial,"Crimes de &quot;Lavagem&quot; ou Ocultação de Bens, Direitos ou Valores",2022-08-03,2024-09-26T20:40:21.268000Z,15,G1,Eletrônico,https://eproc.jfrj.jus.br/eproc/externo_controlador.php?acao=processo_consulta_publica
50588407420224025101,5058840-74.2022.4.02.5101,1733,Procedimento Investigatório Criminal (PIC-MP) ,Desobediência ,2022-08-04,2024-07-05T22:18:49.370000Z,3,G1,Eletrônico,https://eproc.jfrj.jus.br/eproc/externo_controlador.php?acao=processo_consulta_publica
50589541320224025101,5058954-13.2022.4.02.5101,326,Restituição de Coisas Apreendidas,"Crimes de &quot;Lavagem&quot; ou Ocultação de Bens, Direitos ou Valores",2022-08-04,2024-07-05T22:49:37.345000Z,8,G1,Eletrônico,https://eproc.jfrj.jus.br/eproc/externo_controlador.php?acao=processo_consulta_publica
50589628720224025101,5058962-87.2022.4.02.5101,326,Restituição de Coisas Apreendidas,"Crimes de &quot;Lavagem&quot; ou Ocultação de Bens, Direitos ou Valores",2022-08-04,2024-07-05T22:19:04.275000Z,8,G1,Eletrônico,https://eproc.jfrj.jus.br/eproc/externo_controlador.php?acao=processo_consulta_publica
50590182320224025101,5059018-23.2022.4.02.5101,1727,Petição Criminal,"Crimes de &quot;Lavagem&quot; ou Ocultação de Bens, Direitos ou Valores",2022-08-04,2024-07-05T22:20:11.476000Z,6,G1,Eletrônico,https://eproc.jfrj.jus.br/eproc/externo_controlador.php?acao=processo_consulta_publica
50593213720224025101,5059321-37.2022.4.02.5101,1733,Procedimento Investigatório Criminal (PIC-MP) ,Falso testemunho ou falsa perícia ,2022-08-05,2024-07-05T22:19:38.374000Z,3,G1,Eletrônico,https://eproc.jfrj.jus.br/eproc/externo_controlador.php?acao=processo_consulta_publica
50599180620224025101,5059918-06.2022.4.02.5101,1733,Procedimento Investigatório Criminal (PIC-MP) ,Crimes contra o mercado de capitais,2022-08-09,2024-07-05T22:19:22.060000Z,11,G1,Eletrônico,https://eproc.jfrj.jus.br/eproc/externo_controlador.php?acao=processo_consulta_publica
50602610220224025101,5060261-02.2022.4.02.5101,1733,Procedimento Investigatório Criminal (PIC-MP) ,Moeda Falsa / Assimilados,2022-08-10,2024-07-05T22:48:47.761000Z,3,G1,Eletrônico,https://eproc.jfrj.jus.br/eproc/externo_controlador.php?acao=processo_consulta_publica
50603701620224025101,5060370-16.2022.4.02.5101,1733,Procedimento Investigatório Criminal (PIC-MP) ,Falsidade ideológica ,2022-08-10,2024-07-05T22:20:19.283000Z,3,G1,Eletrônico,https://eproc.jfrj.jus.br/eproc/externo_controlador.php?acao=processo_consulta_publica
50610267020224025101,5061026-70.2022.4.02.5101,1733,Procedimento Investigatório Criminal (PIC-MP) ,Crimes contra a Ordem Tributária,2022-08-12,2024-07-05T22:20:05.376000Z,3,G1,Eletrônico,https://eproc.jfrj.jus.br/eproc/externo_controlador.php?acao=processo_consulta_publica
50611366920224025101,5061136-69.2022.4.02.5101,1733,Procedimento Investigatório Criminal (PIC-MP) ,Moeda Falsa / Assimilados,2022-08-12,2024-07-05T22:19:25.090000Z,3,G1,Eletrônico,https://eproc.jfrj.jus.br/eproc/externo_controlador.php?acao=processo_consulta_publica
50615835720224025101,5061583-57.2022.4.02.5101,1733,Procedimento Investigatório Criminal (PIC-MP) ,Crimes contra as Telecomunicações,2022-08-15,2024-07-05T22:49:36.116000Z,3,G1,Eletrônico,https://eproc.jfrj.jus.br/eproc/externo_controlador.php?acao=processo_consulta_publica
50616286120224025101,5061628-61.2022.4.02.5101,1733,Procedimento Investigatório Criminal (PIC-MP) ,Facilitação de contrabando ou descaminho ,2022-08-15,2024-07-05T23:24:52.085000Z,3,G1,Eletrônico,https://eproc.jfrj.jus.br/eproc/externo_controlador.php?acao=processo_consulta_publica
50619317520224025101,5061931-75.2022.4.02.5101,355,Carta Precatória Criminal,Suspensão,2022-08-16,2025-05-13T23:11:57.382000Z,12,G1,Eletrônico,https://eproc.jfrj.jus.br/eproc/externo_controlador.php?acao=processo_consulta_publica
50619334520224025101,5061933-45.2022.4.02.5101,355,Carta Precatória Criminal,Suspensão,2022-08-16,2025-05-13T23:11:19.851000Z,19,G1,Eletrônico,https://eproc.jfrj.jus.br/eproc/externo_controlador.php?acao=processo_consulta_publica
50624505020224025101,5062450-50.2022.4.02.5101,283,Ação Penal - Procedimento Ordinário,Crimes contra a Ordem Tributária,2022-08-17,2024-07-05T23:25:08.421000Z,7,G1,Eletrônico,https://eproc.jfrj.jus.br/eproc/externo_controlador.php?acao=processo_consulta_publica
50626566420224025101,5062656-64.2022.4.02.5101,279,Inquérito Policial,Estelionato Majorado ,2022-08-18,2024-07-05T22:50:39.497000Z,8,G1,Eletrônico,https://eproc.jfrj.jus.br/eproc/externo_controlador.php?acao=processo_consulta_publica
50635183520224025101,5063518-35.2022.4.02.5101,326,Restituição de Coisas Apreendidas,"Crimes contra o Sistema Financeiro Nacional; Crimes de &quot;Lavagem&quot; ou Ocultação de Bens, Direitos ou Valores",2022-08-22,2024-09-26T21:10:19.544000Z,15,G1,Eletrônico,https://eproc.jfrj.jus.br/eproc/externo_controlador.php?acao=processo_consulta_publica
50635357120224025101,5063535-71.2022.4.02.5101,326,Restituição de Coisas Apreendidas,Peculato,2022-08-22,2025-07-15T19:16:15.835000Z,21,G1,Eletrônico,https://eproc.jfrj.jus.br/eproc/externo_controlador.php?acao=processo_consulta_publica
50635616920224025101,5063561-69.2022.4.02.5101,1727,Petição Criminal,"Crimes de &quot;Lavagem&quot; ou Ocultação de Bens, Direitos ou Valores",2022-08-22,2024-07-05T22:19:25.201000Z,5,G1,Eletrônico,https://eproc.jfrj.jus.br/eproc/externo_controlador.php?acao=processo_consulta_publica
50635746820224025101,5063574-68.2022.4.02.5101,1733,Procedimento Investigatório Criminal (PIC-MP) ,Crimes contra o Meio Ambiente e o Patrimônio Genético,2022-08-22,2024-07-05T22:49:59.289000Z,5,G1,Eletrônico,https://eproc.jfrj.jus.br/eproc/externo_controlador.php?acao=processo_consulta_publica
50039280920224025108,5003928-09.2022.4.02.5108,283,Ação Penal - Procedimento Ordinário,Crimes contra o Meio Ambiente e o Patrimônio Genético,2022-08-23,2026-09-15T22:58:24.282000Z,22,G1,Eletrônico,https://eproc.jfrj.jus.br/eproc/externo_controlador.php?acao=processo_consulta_publica
50639201920224025101,5063920-19.2022.4.02.5101,355,Carta Precatória Criminal,Suspensão,2022-08-23,2024-07-05T22:19:16.444000Z,7,G1,Eletrônico,https://eproc.jfrj.jus.br/eproc/externo_controlador.php?acao=processo_consulta_publica
50643714420224025101,5064371-44.2022.4.02.5101,283,Ação Penal - Procedimento Ordinário,Redução a condição análoga à de escravo ,2022-08-24,2024-09-26T20:43:56.800000Z,27,G1,Eletrônico,https://eproc.jfrj.jus.br/eproc/externo_controlador.php?acao=processo_consulta_publica
50973887120224025101,5097388-71.2022.4.02.5101,283,Ação Penal - Procedimento Ordinário,Redução a condição análoga à de escravo ,2022-08-24,2024-09-26T20:51:33.264000Z,17,G1,Eletrônico,https://eproc.jfrj.jus.br/eproc/externo_controlador.php?acao=processo_consulta_publica
50651690520224025101,5065169-05.2022.4.02.5101,1727,Petição Criminal,"Crimes de &quot;Lavagem&quot; ou Ocultação de Bens, Direitos ou Valores",2022-08-26,2024-07-05T22:19:53.655000Z,3,G1,Eletrônico,https://eproc.jfrj.jus.br/eproc/externo_controlador.php?acao=processo_consulta_publica
50652002520224025101,5065200-25.2022.4.02.5101,1733,Procedimento Investigatório Criminal (PIC-MP) ,Moeda Falsa / Assimilados,2022-08-26,2024-07-05T22:43:25.664000Z,3,G1,Eletrônico,https://eproc.jfrj.jus.br/eproc/externo_controlador.php?acao=processo_consulta_publica
50652894820224025101,5065289-48.2022.4.02.5101,279,Inquérito Policial,Moeda Falsa / Assimilados; Petrechos para falsificação de moeda ,2022-08-26,2025-01-13T18:45:19.751000Z,31,G1,Eletrônico,https://eproc.jfrj.jus.br/eproc/externo_controlador.php?acao=processo_consulta_publica
50655995420224025101,5065599-54.2022.4.02.5101,1733,Procedimento Investigatório Criminal (PIC-MP) ,Estelionato,2022-08-29,2024-07-05T22:49:45.967000Z,3,G1,Eletrônico,https://eproc.jfrj.jus.br/eproc/externo_controlador.php?acao=processo_consulta_publica
50078184720224025110,5007818-47.2022.4.02.5110,309,Pedido de Busca e Apreensão Criminal,Crimes da Lei de licitações; Falsidade ideológica ; Peculato,2022-08-29,2026-07-15T01:53:14.910000Z,36,G1,Eletrônico,https://eproc.jfrj.jus.br/eproc/externo_controlador.php?acao=processo_consulta_publica
50659831720224025101,5065983-17.2022.4.02.5101,283,Ação Penal - Procedimento Ordinário,Contrabando ou descaminho ,2022-08-30,2024-07-05T22:20:05.073000Z,19,G1,Eletrônico,https://eproc.jfrj.jus.br/eproc/externo_controlador.php?acao=processo_consulta_publica
50664880820224025101,5066488-08.2022.4.02.5101,1727,Petição Criminal,"""Lavagem"" ou Ocultação de Bens, Direitos ou Valores Oriundos de Corrupção",2022-08-31,2024-07-05T23:24:55.797000Z,5,G1,Eletrônico,https://eproc.jfrj.jus.br/eproc/externo_controlador.php?acao=processo_consulta_publica
50666267220224025101,5066626-72.2022.4.02.5101,283,Ação Penal - Procedimento Ordinário,"Crimes de &quot;Lavagem&quot; ou Ocultação de Bens, Direitos ou Valores; Falsidade ideológica ",2022-09-01,2026-09-15T22:54:43.859000Z,44,G1,Eletrônico,https://eproc.jfrj.jus.br/eproc/externo_controlador.php?acao=processo_consulta_publica
50666483320224025101,5066648-33.2022.4.02.5101,1733,Procedimento Investigatório Criminal (PIC-MP) ,Fato Atípico,2022-09-01,2024-07-05T22:49:59.016000Z,3,G1,Eletrônico,https://eproc.jfrj.jus.br/eproc/externo_controlador.php?acao=processo_consulta_publica
50674633020224025101,5067463-30.2022.4.02.5101,327,Embargos de Terceiro Criminal,Bem de Família Legal; Crimes contra a Ordem Econômica; Jurisdição e Competência,2022-09-05,2026-01-12T22:17:12.014000Z,16,G1,Eletrônico,https://eproc.jfrj.jus.br/eproc/externo_controlador.php?acao=processo_consulta_publica
50677318420224025101,5067731-84.2022.4.02.5101,1733,Procedimento Investigatório Criminal (PIC-MP) ,"Crimes de &quot;Lavagem&quot; ou Ocultação de Bens, Direitos ou Valores",2022-09-06,2024-07-05T22:50:11.525000Z,3,G1,Eletrônico,https://eproc.jfrj.jus.br/eproc/externo_controlador.php?acao=processo_consulta_publica
50683804920224025101,5068380-49.2022.4.02.5101,1733,Procedimento Investigatório Criminal (PIC-MP) ,Tráfico de Drogas e Condutas Afins,2022-09-08,2024-07-05T22:19:57.183000Z,3,G1,Eletrônico,https://eproc.jfrj.jus.br/eproc/externo_controlador.php?acao=processo_consulta_publica
50016979120224025113,5001697-91.2022.4.02.5113,279,Inquérito Policial,Crimes contra o Meio Ambiente e o Patrimônio Genético,2022-09-09,2026-09-15T22:57:09.676000Z,49,G1,Eletrônico,https://eproc.jfrj.jus.br/eproc/externo_controlador.php?acao=processo_consulta_publica
50686861820224025101,5068686-18.2022.4.02.5101,326,Restituição de Coisas Apreendidas,"""Lavagem"" ou Ocultação de Bens, Direitos ou Valores Oriundos de Corrupção; Busca e Apreensão de Bens; Corrupção ativa ",2022-09-09,2024-07-05T22:20:21.822000Z,6,G1,Eletrônico,https://eproc.jfrj.jus.br/eproc/externo_controlador.php?acao=processo_consulta_publica
50698891520224025101,5069889-15.2022.4.02.5101,1733,Procedimento Investigatório Criminal (PIC-MP) ,Crimes do Sistema Nacional de Armas,2022-09-13,2024-07-05T23:25:00.409000Z,8,G1,Eletrônico,https://eproc.jfrj.jus.br/eproc/externo_controlador.php?acao=processo_consulta_publica
50699394120224025101,5069939-41.2022.4.02.5101,11955,Cautelar Inominada Criminal,Moeda Falsa / Assimilados,2022-09-13,2025-10-14T12:35:45.049000Z,18,G1,Eletrônico,https://eproc.jfrj.jus.br/eproc/externo_controlador.php?acao=processo_consulta_publica
50703586120224025101,5070358-61.2022.4.02.5101,283,Ação Penal - Procedimento Ordinário,Estelionato Majorado ,2022-09-14,2024-09-26T20:40:31.164000Z,14,G1,Eletrônico,https://eproc.jfrj.jus.br/eproc/externo_controlador.php?acao=processo_consulta_publica
50710141820224025101,5071014-18.2022.4.02.5101,14678,Acordo de Não Persecução Penal,Crimes contra a Ordem Tributária,2022-09-16,2024-09-26T20:51:26.893000Z,18,G1,Eletrônico,https://eproc.jfrj.jus.br/eproc/externo_controlador.php?acao=processo_consulta_publica
50711951920224025101,5071195-19.2022.4.02.5101,1733,Procedimento Investigatório Criminal (PIC-MP) ,Falsificação de documento público; Uso de documento falso ,2022-09-16,2024-07-05T22:50:13.358000Z,3,G1,Eletrônico,https://eproc.jfrj.jus.br/eproc/externo_controlador.php?acao=processo_consulta_publica
50714438220224025101,5071443-82.2022.4.02.5101,1733,Procedimento Investigatório Criminal (PIC-MP) ,Crimes Previstos no Estatuto da criança e do adolescente,2022-09-17,2024-07-05T22:48:02.009000Z,3,G1,Eletrônico,https://eproc.jfrj.jus.br/eproc/externo_controlador.php?acao=processo_consulta_publica
50719946220224025101,5071994-62.2022.4.02.5101,1733,Procedimento Investigatório Criminal (PIC-MP) ,Frustração de direitos assegurados por lei trabalhista,2022-09-19,2024-07-05T22:50:02.990000Z,3,G1,Eletrônico,https://eproc.jfrj.jus.br/eproc/externo_controlador.php?acao=processo_consulta_publica
50722466520224025101,5072246-65.2022.4.02.5101,1733,Procedimento Investigatório Criminal (PIC-MP) ,Crimes Previstos no Estatuto da criança e do adolescente,2022-09-19,2024-07-05T22:20:22.237000Z,3,G1,Eletrônico,https://eproc.jfrj.jus.br/eproc/externo_controlador.php?acao=processo_consulta_publica
50743295420224025101,5074329-54.2022.4.02.5101,313,Pedido de Prisão Preventiva,Estelionato Majorado ,2022-09-26,2024-09-26T21:00:20.302000Z,73,G1,Eletrônico,https://eproc.jfrj.jus.br/eproc/externo_controlador.php?acao=processo_consulta_publica
50746188420224025101,5074618-84.2022.4.02.5101,1733,Procedimento Investigatório Criminal (PIC-MP) ,Estelionato Majorado ,2022-09-27,2024-07-05T22:20:14.516000Z,3,G1,Eletrônico,https://eproc.jfrj.jus.br/eproc/externo_controlador.php?acao=processo_consulta_publica
50746854920224025101,5074685-49.2022.4.02.5101,1733,Procedimento Investigatório Criminal (PIC-MP) ,Moeda Falsa / Assimilados,2022-09-27,2024-07-05T22:51:10.923000Z,3,G1,Eletrônico,https://eproc.jfrj.jus.br/eproc/externo_controlador.php?acao=processo_consulta_publica
50748786420224025101,5074878-64.2022.4.02.5101,1733,Procedimento Investigatório Criminal (PIC-MP) ,Difamação,2022-09-27,2024-07-05T22:51:21.084000Z,3,G1,Eletrônico,https://eproc.jfrj.jus.br/eproc/externo_controlador.php?acao=processo_consulta_publica
50750994720224025101,5075099-47.2022.4.02.5101,1733,Procedimento Investigatório Criminal (PIC-MP) ,Injúria,2022-09-28,2024-07-05T22:20:08.334000Z,3,G1,Eletrônico,https://eproc.jfrj.jus.br/eproc/externo_controlador.php?acao=processo_consulta_publica
50753619420224025101,5075361-94.2022.4.02.5101,1733,Procedimento Investigatório Criminal (PIC-MP) ,"Crimes de &quot;Lavagem&quot; ou Ocultação de Bens, Direitos ou Valores",2022-09-29,2024-07-05T22:20:24.255000Z,3,G1,Eletrônico,https://eproc.jfrj.jus.br/eproc/externo_controlador.php?acao=processo_consulta_publica
50753844020224025101,5075384-40.2022.4.02.5101,241,Petição Cível,Propriedade,2022-09-29,2024-06-17T22:55:30.883000Z,6,JE,Eletrônico,https://eproc.jfrj.jus.br/eproc/externo_controlador.php?acao=processo_consulta_publica
50766540220224025101,5076654-02.2022.4.02.5101,14678,Acordo de Não Persecução Penal,Crimes contra a Ordem Tributária,2022-10-04,2024-12-13T17:31:00.118000Z,16,G1,Eletrônico,https://eproc.jfrj.jus.br/eproc/externo_controlador.php?acao=processo_consulta_publica
50767658320224025101,5076765-83.2022.4.02.5101,326,Restituição de Coisas Apreendidas,Fato Atípico,2022-10-05,2024-07-05T22:51:13.573000Z,8,G1,Eletrônico,https://eproc.jfrj.jus.br/eproc/externo_controlador.php?acao=processo_consulta_publica
50783853320224025101,5078385-33.2022.4.02.5101,1733,Procedimento Investigatório Criminal (PIC-MP) ,Falso testemunho ou falsa perícia ,2022-10-11,2024-07-05T22:49:56.686000Z,3,G1,Eletrônico,https://eproc.jfrj.jus.br/eproc/externo_controlador.php?acao=processo_consulta_publica
50788365820224025101,5078836-58.2022.4.02.5101,283,Ação Penal - Procedimento Ordinário,"""Lavagem"" ou Ocultação de Bens, Direitos ou Valores Oriundos de Corrupção; Corrupção ativa ",2022-10-14,2024-07-05T22:49:31.036000Z,29,G1,Eletrônico,https://eproc.jfrj.jus.br/eproc/externo_controlador.php?acao=processo_consulta_publica
50788946120224025101,5078894-61.2022.4.02.5101,279,Inquérito Policial,Crimes contra o Sistema Financeiro Nacional,2022-10-14,2026-09-15T22:55:19.099000Z,12,G1,Eletrônico,https://eproc.jfrj.jus.br/eproc/externo_controlador.php?acao=processo_consulta_publica
50790071520224025101,5079007-15.2022.4.02.5101,1733,Procedimento Investigatório Criminal (PIC-MP) ,"""Lavagem"" ou Ocultação de Bens, Direitos ou Valores Oriundos de Corrupção; Falsidade ideológica ",2022-10-14,2024-07-05T23:24:49.226000Z,5,G1,Eletrônico,https://eproc.jfrj.jus.br/eproc/externo_controlador.php?acao=processo_consulta_publica
50790617820224025101,5079061-78.2022.4.02.5101,1733,Procedimento Investigatório Criminal (PIC-MP) ,Crimes Previstos no Estatuto da criança e do adolescente,2022-10-14,2024-07-05T22:50:06.514000Z,3,G1,Eletrônico,https://eproc.jfrj.jus.br/eproc/externo_controlador.php?acao=processo_consulta_publica
50791596320224025101,5079159-63.2022.4.02.5101,1733,Procedimento Investigatório Criminal (PIC-MP) ,Falso testemunho ou falsa perícia ,2022-10-16,2024-07-05T22:48:54.291000Z,3,G1,Eletrônico,https://eproc.jfrj.jus.br/eproc/externo_controlador.php?acao=processo_consulta_publica
50049405820224025108,5004940-58.2022.4.02.5108,279,Inquérito Policial,Decorrente de Violência Doméstica,2022-10-17,2024-07-05T21:05:09.960000Z,9,G1,Eletrônico,https://eproc.jfrj.jus.br/eproc/externo_controlador.php?acao=processo_consulta_publica
50806259220224025101,5080625-92.2022.4.02.5101,1733,Procedimento Investigatório Criminal (PIC-MP) ,Uso de documento falso ,2022-10-18,2024-07-05T22:49:46.880000Z,3,G1,Eletrônico,https://eproc.jfrj.jus.br/eproc/externo_controlador.php?acao=processo_consulta_publica
50810399020224025101,5081039-90.2022.4.02.5101,279,Inquérito Policial,Estelionato Majorado ,2022-10-19,2024-07-05T22:49:35.746000Z,12,G1,Eletrônico,https://eproc.jfrj.jus.br/eproc/externo_controlador.php?acao=processo_consulta_publica
50030188520224025106,5003018-85.2022.4.02.5106,10944,Ação Penal - Procedimento Sumaríssimo,Desacato ,2022-10-20,2024-09-26T20:41:02.233000Z,14,JE,Eletrônico,https://eproc.jfrj.jus.br/eproc/externo_controlador.php?acao=processo_consulta_publica
50816089120224025101,5081608-91.2022.4.02.5101,1733,Procedimento Investigatório Criminal (PIC-MP) ,Estelionato,2022-10-21,2024-07-05T22:50:23.988000Z,3,G1,Eletrônico,https://eproc.jfrj.jus.br/eproc/externo_controlador.php?acao=processo_consulta_publica
50816261520224025101,5081626-15.2022.4.02.5101,1733,Procedimento Investigatório Criminal (PIC-MP) ,Crimes de Tráfico Ilícito e Uso Indevido de Drogas,2022-10-21,2024-07-05T22:51:24.520000Z,3,G1,Eletrônico,https://eproc.jfrj.jus.br/eproc/externo_controlador.php?acao=processo_consulta_publica
50020226620224025113,5002022-66.2022.4.02.5113,14678,Acordo de Não Persecução Penal,Acordo de Não Persecução Penal; Suspensão,2022-10-21,2024-09-26T20:50:35.227000Z,15,G1,Eletrônico,https://eproc.jfrj.jus.br/eproc/externo_controlador.php?acao=processo_consulta_publica
50821934620224025101,5082193-46.2022.4.02.5101,1733,Procedimento Investigatório Criminal (PIC-MP) ,Crimes Resultante de Preconceito de Raça ou de Cor,2022-10-24,2024-07-05T22:49:27.451000Z,3,G1,Eletrônico,https://eproc.jfrj.jus.br/eproc/externo_controlador.php?acao=processo_consulta_publica
50824671020224025101,5082467-10.2022.4.02.5101,313,Pedido de Prisão Preventiva,Roubo Majorado,2022-10-25,2024-07-05T22:51:56.400000Z,26,G1,Eletrônico,https://eproc.jfrj.jus.br/eproc/externo_controlador.php?acao=processo_consulta_publica
50825364220224025101,5082536-42.2022.4.02.5101,319,Exceção de Incompetência de Juízo,Peculato,2022-10-25,2024-07-05T22:50:56.182000Z,4,G1,Eletrônico,https://eproc.jfrj.jus.br/eproc/externo_controlador.php?acao=processo_consulta_publica
50830128020224025101,5083012-80.2022.4.02.5101,1733,Procedimento Investigatório Criminal (PIC-MP) ,Calúnia; Difamação,2022-10-27,2024-07-05T22:52:20.880000Z,3,G1,Eletrônico,https://eproc.jfrj.jus.br/eproc/externo_controlador.php?acao=processo_consulta_publica
50832110520224025101,5083211-05.2022.4.02.5101,1733,Procedimento Investigatório Criminal (PIC-MP) ,Contrabando ou descaminho ,2022-10-27,2024-07-05T22:51:38.052000Z,3,G1,Eletrônico,https://eproc.jfrj.jus.br/eproc/externo_controlador.php?acao=processo_consulta_publica
50845413720224025101,5084541-37.2022.4.02.5101,283,Ação Penal - Procedimento Ordinário,Atentado contra a segurança de transporte público; Desacato ,2022-11-03,2025-11-13T18:09:07.249000Z,29,G1,Eletrônico,https://eproc.jfrj.jus.br/eproc/externo_controlador.php?acao=processo_consulta_publica
50846011020224025101,5084601-10.2022.4.02.5101,319,Exceção de Incompetência de Juízo,Peculato,2022-11-03,2024-07-05T22:51:02.466000Z,4,G1,Eletrônico,https://eproc.jfrj.jus.br/eproc/externo_controlador.php?acao=processo_consulta_publica
50849033920224025101,5084903-39.2022.4.02.5101,1733,Procedimento Investigatório Criminal (PIC-MP) ,Prevaricação,2022-11-04,2024-07-05T22:50:32.899000Z,3,G1,Eletrônico,https://eproc.jfrj.jus.br/eproc/externo_controlador.php?acao=processo_consulta_publica
50851372120224025101,5085137-21.2022.4.02.5101,1733,Procedimento Investigatório Criminal (PIC-MP) ,Moeda Falsa / Assimilados,2022-11-07,2024-07-05T22:50:48.089000Z,3,G1,Eletrônico,https://eproc.jfrj.jus.br/eproc/externo_controlador.php?acao=processo_consulta_publica
50851623420224025101,5085162-34.2022.4.02.5101,1727,Petição Criminal,"Crimes de &quot;Lavagem&quot; ou Ocultação de Bens, Direitos ou Valores",2022-11-07,2025-08-16T02:43:45.384000Z,6,G1,Eletrônico,https://eproc.jfrj.jus.br/eproc/externo_controlador.php?acao=processo_consulta_publica
50853502720224025101,5085350-27.2022.4.02.5101,1733,Procedimento Investigatório Criminal (PIC-MP) ,Crimes Previstos no Estatuto da criança e do adolescente,2022-11-07,2024-07-05T22:51:47.323000Z,3,G1,Eletrônico,https://eproc.jfrj.jus.br/eproc/externo_controlador.php?acao=processo_consulta_publica
50053753220224025108,5005375-32.2022.4.02.5108,279,Inquérito Policial,Estelionato; Fato Atípico,2022-11-08,2024-07-05T21:07:11.666000Z,15,G1,Eletrônico,https://eproc.jfrj.jus.br/eproc/externo_controlador.php?acao=processo_consulta_publica
50859799820224025101,5085979-98.2022.4.02.5101,1733,Procedimento Investigatório Criminal (PIC-MP) ,Estelionato Majorado ,2022-11-09,2024-07-05T22:51:50.758000Z,3,G1,Eletrônico,https://eproc.jfrj.jus.br/eproc/externo_controlador.php?acao=processo_consulta_publica
50860275720224025101,5086027-57.2022.4.02.5101,14678,Acordo de Não Persecução Penal,Estelionato Majorado ,2022-11-09,2024-09-26T21:10:49.756000Z,12,G1,Eletrônico,https://eproc.jfrj.jus.br/eproc/externo_controlador.php?acao=processo_consulta_publica
50864207920224025101,5086420-79.2022.4.02.5101,1733,Procedimento Investigatório Criminal (PIC-MP) ,Uso de documento falso ,2022-11-10,2024-07-05T22:50:52.490000Z,3,G1,Eletrônico,https://eproc.jfrj.jus.br/eproc/externo_controlador.php?acao=processo_consulta_publica
50869508320224025101,5086950-83.2022.4.02.5101,1727,Petição Criminal,"Crimes de &quot;Lavagem&quot; ou Ocultação de Bens, Direitos ou Valores",2022-11-14,2025-08-16T02:39:09.009000Z,6,G1,Eletrônico,https://eproc.jfrj.jus.br/eproc/externo_controlador.php?acao=processo_consulta_publica
50875259120224025101,5087525-91.2022.4.02.5101,1727,Petição Criminal,Corrupção ativa ,2022-11-17,2024-07-05T22:51:58.122000Z,3,G1,Eletrônico,https://eproc.jfrj.jus.br/eproc/externo_controlador.php?acao=processo_consulta_publica
50877077720224025101,5087707-77.2022.4.02.5101,283,Ação Penal - Procedimento Ordinário,Falsa identidade ,2022-11-17,2024-07-05T22:49:43.607000Z,18,G1,Eletrônico,https://eproc.jfrj.jus.br/eproc/externo_controlador.php?acao=processo_consulta_publica
50878272320224025101,5087827-23.2022.4.02.5101,1727,Petição Criminal,Crimes contra o Sistema Financeiro Nacional,2022-11-17,2024-07-05T23:24:36.990000Z,3,G1,Eletrônico,https://eproc.jfrj.jus.br/eproc/externo_controlador.php?acao=processo_consulta_publica
50880472120224025101,5088047-21.2022.4.02.5101,280,Auto de Prisão em Flagrante,Crimes contra as Telecomunicações,2022-11-18,2024-12-13T17:30:55.240000Z,16,G1,Eletrônico,https://eproc.jfrj.jus.br/eproc/externo_controlador.php?acao=processo_consulta_publica
50886214420224025101,5088621-44.2022.4.02.5101,1733,Procedimento Investigatório Criminal (PIC-MP) ,Fato Atípico,2022-11-21,2024-07-05T23:24:28.990000Z,3,G1,Eletrônico,https://eproc.jfrj.jus.br/eproc/externo_controlador.php?acao=processo_consulta_publica
50890570320224025101,5089057-03.2022.4.02.5101,1733,Procedimento Investigatório Criminal (PIC-MP) ,Moeda Falsa / Assimilados,2022-11-22,2024-07-05T22:51:25.199000Z,3,G1,Eletrônico,https://eproc.jfrj.jus.br/eproc/externo_controlador.php?acao=processo_consulta_publica
50895845220224025101,5089584-52.2022.4.02.5101,1733,Procedimento Investigatório Criminal (PIC-MP) ,Contrabando ou descaminho ,2022-11-23,2024-07-05T22:52:08.488000Z,3,G1,Eletrônico,https://eproc.jfrj.jus.br/eproc/externo_controlador.php?acao=processo_consulta_publica
50900054220224025101,5090005-42.2022.4.02.5101,283,Ação Penal - Procedimento Ordinário,Corrupção ativa ; Furto ; Uso de documento falso ,2022-11-24,2025-06-14T06:14:50.890000Z,20,G1,Eletrônico,https://eproc.jfrj.jus.br/eproc/externo_controlador.php?acao=processo_consulta_publica
50901059420224025101,5090105-94.2022.4.02.5101,1733,Procedimento Investigatório Criminal (PIC-MP) ,Furto ,2022-11-25,2024-07-05T22:52:09.168000Z,3,G1,Eletrônico,https://eproc.jfrj.jus.br/eproc/externo_controlador.php?acao=processo_consulta_publica
50901977220224025101,5090197-72.2022.4.02.5101,1733,Procedimento Investigatório Criminal (PIC-MP) ,Poluição,2022-11-25,2024-07-05T22:49:37.363000Z,5,G1,Eletrônico,https://eproc.jfrj.jus.br/eproc/externo_controlador.php?acao=processo_consulta_publica
50904549720224025101,5090454-97.2022.4.02.5101,1733,Procedimento Investigatório Criminal (PIC-MP) ,Contrabando ou descaminho ,2022-11-25,2024-07-05T22:50:36.800000Z,3,G1,Eletrônico,https://eproc.jfrj.jus.br/eproc/externo_controlador.php?acao=processo_consulta_publica
50904566720224025101,5090456-67.2022.4.02.5101,1733,Procedimento Investigatório Criminal (PIC-MP) ,Contrabando ou descaminho ,2022-11-25,2024-07-05T22:51:01.167000Z,3,G1,Eletrônico,https://eproc.jfrj.jus.br/eproc/externo_controlador.php?acao=processo_consulta_publica
50905805020224025101,5090580-50.2022.4.02.5101,283,Ação Penal - Procedimento Ordinário,Tráfico de Drogas e Condutas Afins,2022-11-28,2024-07-05T22:51:21.989000Z,19,G1,Eletrônico,https://eproc.jfrj.jus.br/eproc/externo_controlador.php?acao=processo_consulta_publica
50907009320224025101,5090700-93.2022.4.02.5101,1733,Procedimento Investigatório Criminal (PIC-MP) ,Fato Atípico,2022-11-28,2024-07-05T22:51:38.603000Z,3,G1,Eletrônico,https://eproc.jfrj.jus.br/eproc/externo_controlador.php?acao=processo_consulta_publica
50908767220224025101,5090876-72.2022.4.02.5101,1733,Procedimento Investigatório Criminal (PIC-MP) ,Crimes de Tráfico Ilícito e Uso Indevido de Drogas,2022-11-29,2024-07-05T22:50:14.969000Z,6,G1,Eletrônico,https://eproc.jfrj.jus.br/eproc/externo_controlador.php?acao=processo_consulta_publica
50913954720224025101,5091395-47.2022.4.02.5101,1727,Petição Criminal,"Crimes de &quot;Lavagem&quot; ou Ocultação de Bens, Direitos ou Valores",2022-11-29,2024-07-05T23:24:26.258000Z,3,G1,Eletrônico,https://eproc.jfrj.jus.br/eproc/externo_controlador.php?acao=processo_consulta_publica
50920017520224025101,5092001-75.2022.4.02.5101,283,Ação Penal - Procedimento Ordinário,"Crimes de &quot;Lavagem&quot; ou Ocultação de Bens, Direitos ou Valores; Falsidade ideológica ",2022-11-30,2026-06-13T14:02:32.226000Z,29,G1,Eletrônico,https://eproc.jfrj.jus.br/eproc/externo_controlador.php?acao=processo_consulta_publica
50920120720224025101,5092012-07.2022.4.02.5101,1733,Procedimento Investigatório Criminal (PIC-MP) ,Crimes contra o Sistema Financeiro Nacional,2022-11-30,2024-09-26T20:53:30.620000Z,13,G1,Eletrônico,https://eproc.jfrj.jus.br/eproc/externo_controlador.php?acao=processo_consulta_publica
50034995120224025105,5003499-51.2022.4.02.5105,283,Ação Penal - Procedimento Ordinário,Desacato ,2022-12-01,2026-08-20T23:23:16.528000Z,24,G1,Eletrônico,https://eproc.jfrj.jus.br/eproc/externo_controlador.php?acao=processo_consulta_publica
50929579120224025101,5092957-91.2022.4.02.5101,279,Inquérito Policial,Crimes contra a Ordem Tributária,2022-12-02,2026-06-13T14:14:57.527000Z,7,G1,Eletrônico,https://eproc.jfrj.jus.br/eproc/externo_controlador.php?acao=processo_consulta_publica
50929795220224025101,5092979-52.2022.4.02.5101,1733,Procedimento Investigatório Criminal (PIC-MP) ,Ameaça ,2022-12-02,2024-07-05T22:50:54.442000Z,3,G1,Eletrônico,https://eproc.jfrj.jus.br/eproc/externo_controlador.php?acao=processo_consulta_publica
50957709120224025101,5095770-91.2022.4.02.5101,1733,Procedimento Investigatório Criminal (PIC-MP) ,Estelionato Majorado ,2022-12-12,2024-07-05T22:51:50.962000Z,3,G1,Eletrônico,https://eproc.jfrj.jus.br/eproc/externo_controlador.php?acao=processo_consulta_publica
50957726120224025101,5095772-61.2022.4.02.5101,1733,Procedimento Investigatório Criminal (PIC-MP) ,Estelionato,2022-12-12,2024-07-05T22:52:48.513000Z,3,G1,Eletrônico,https://eproc.jfrj.jus.br/eproc/externo_controlador.php?acao=processo_consulta_publica
50984972320224025101,5098497-23.2022.4.02.5101,283,Ação Penal - Procedimento Ordinário,Dano,2022-12-19,2026-06-13T14:13:01.147000Z,17,G1,Eletrônico,https://eproc.jfrj.jus.br/eproc/externo_controlador.php?acao=processo_consulta_publica
50988445620224025101,5098844-56.2022.4.02.5101,283,Ação Penal - Procedimento Ordinário,Roubo Majorado,2022-12-19,2024-12-13T17:30:44.411000Z,31,G1,Eletrônico,https://eproc.jfrj.jus.br/eproc/externo_controlador.php?acao=processo_consulta_publica
50988896020224025101,5098889-60.2022.4.02.5101,283,Ação Penal - Procedimento Ordinário,Estelionato Majorado ,2022-12-19,2025-09-13T16:30:48.616000Z,15,G1,Eletrônico,https://eproc.jfrj.jus.br/eproc/externo_controlador.php?acao=processo_consulta_publica
50991208720224025101,5099120-87.2022.4.02.5101,283,Ação Penal - Procedimento Ordinário,Furto ,2022-12-20,2024-11-13T21:35:50.391000Z,20,G1,Eletrônico,https://eproc.jfrj.jus.br/eproc/externo_controlador.php?acao=processo_consulta_publica
50991606920224025101,5099160-69.2022.4.02.5101,327,Embargos de Terceiro Criminal,"Crimes de &quot;Lavagem&quot; ou Ocultação de Bens, Direitos ou Valores",2022-12-20,2024-07-05T23:24:37.924000Z,14,G1,Eletrônico,https://eproc.jfrj.jus.br/eproc/externo_controlador.php?acao=processo_consulta_publica
50008915820234025101,5000891-58.2023.4.02.5101,1733,Procedimento Investigatório Criminal (PIC-MP) ,Desobediência ,2023-01-09,2024-07-05T23:23:18.779000Z,3,G1,Eletrônico,https://eproc.jfrj.jus.br/eproc/externo_controlador.php?acao=processo_consulta_publica
50013757320234025101,5001375-73.2023.4.02.5101,1733,Procedimento Investigatório Criminal (PIC-MP) ,Furto ,2023-01-10,2024-07-05T20:31:00.069000Z,3,G1,Eletrônico,https://eproc.jfrj.jus.br/eproc/externo_controlador.php?acao=processo_consulta_publica
50018347520234025101,5001834-75.2023.4.02.5101,1733,Procedimento Investigatório Criminal (PIC-MP) ,Fato Atípico,2023-01-12,2024-07-05T20:29:00.547000Z,3,G1,Eletrônico,https://eproc.jfrj.jus.br/eproc/externo_controlador.php?acao=processo_consulta_publica
50815098720234025101,5081509-87.2023.4.02.5101,283,Ação Penal - Procedimento Ordinário,Associação para a Produção e Tráfico e Condutas Afins; Tráfico de Drogas e Condutas Afins,2023-01-13,2024-07-05T22:51:32.298000Z,8,G1,Eletrônico,https://eproc.jfrj.jus.br/eproc/externo_controlador.php?acao=processo_consulta_publica
50022348920234025101,5002234-89.2023.4.02.5101,283,Ação Penal - Procedimento Ordinário,Associação para a Produção e Tráfico e Condutas Afins; Tráfico de Drogas e Condutas Afins,2023-01-13,2025-10-14T11:04:46.175000Z,48,G1,Eletrônico,https://eproc.jfrj.jus.br/eproc/externo_controlador.php?acao=processo_consulta_publica
50679603920254025101,5067960-39.2025.4.02.5101,283,Ação Penal - Procedimento Ordinário,Associação para a Produção e Tráfico e Condutas Afins; Tráfico de Drogas e Condutas Afins,2023-01-13,2026-08-20T23:33:09.560000Z,13,G1,Eletrônico,https://eproc.jfrj.jus.br/eproc/externo_controlador.php?acao=processo_consulta_publica
50031529320234025101,5003152-93.2023.4.02.5101,278,Termo Circunstanciado,Ameaça ,2023-01-18,2025-02-13T21:05:05.929000Z,6,JE,Eletrônico,https://eproc.jfrj.jus.br/eproc/externo_controlador.php?acao=processo_consulta_publica
50033970720234025101,5003397-07.2023.4.02.5101,1733,Procedimento Investigatório Criminal (PIC-MP) ,Crimes Resultante de Preconceito de Raça ou de Cor,2023-01-18,2024-07-05T20:23:24.767000Z,3,G1,Eletrônico,https://eproc.jfrj.jus.br/eproc/externo_controlador.php?acao=processo_consulta_publica
50034031420234025101,5003403-14.2023.4.02.5101,1733,Procedimento Investigatório Criminal (PIC-MP) ,Estelionato Majorado ,2023-01-18,2024-07-05T20:29:26.467000Z,3,G1,Eletrônico,https://eproc.jfrj.jus.br/eproc/externo_controlador.php?acao=processo_consulta_publica
50034326420234025101,5003432-64.2023.4.02.5101,1733,Procedimento Investigatório Criminal (PIC-MP) ,Contrabando ou descaminho ,2023-01-19,2024-07-05T23:23:34.901000Z,9,G1,Eletrônico,https://eproc.jfrj.jus.br/eproc/externo_controlador.php?acao=processo_consulta_publica
50034967420234025101,5003496-74.2023.4.02.5101,1733,Procedimento Investigatório Criminal (PIC-MP) ,Desobediência ,2023-01-19,2024-07-05T23:24:05.039000Z,3,G1,Eletrônico,https://eproc.jfrj.jus.br/eproc/externo_controlador.php?acao=processo_consulta_publica
50035235720234025101,5003523-57.2023.4.02.5101,278,Termo Circunstanciado,Ameaça ; Injúria; Leve,2023-01-19,2024-06-17T18:29:24.893000Z,17,JE,Eletrônico,https://eproc.jfrj.jus.br/eproc/externo_controlador.php?acao=processo_consulta_publica
50035321920234025101,5003532-19.2023.4.02.5101,1733,Procedimento Investigatório Criminal (PIC-MP) ,Desobediência ; Prevaricação,2023-01-19,2024-07-05T20:24:48.721000Z,3,G1,Eletrônico,https://eproc.jfrj.jus.br/eproc/externo_controlador.php?acao=processo_consulta_publica
50035633920234025101,5003563-39.2023.4.02.5101,278,Termo Circunstanciado,Injúria,2023-01-19,2025-08-16T02:41:48.587000Z,5,JE,Eletrônico,https://eproc.jfrj.jus.br/eproc/externo_controlador.php?acao=processo_consulta_publica
50036872220234025101,5003687-22.2023.4.02.5101,1733,Procedimento Investigatório Criminal (PIC-MP) ,Crimes Previstos no Estatuto da criança e do adolescente,2023-01-19,2024-07-05T20:24:03.011000Z,3,G1,Eletrônico,https://eproc.jfrj.jus.br/eproc/externo_controlador.php?acao=processo_consulta_publica
50040354020234025101,5004035-40.2023.4.02.5101,1733,Procedimento Investigatório Criminal (PIC-MP) ,Intolerância Religiosa,2023-01-23,2024-07-05T21:02:59.496000Z,3,G1,Eletrônico,https://eproc.jfrj.jus.br/eproc/externo_controlador.php?acao=processo_consulta_publica
50046052620234025101,5004605-26.2023.4.02.5101,1710,Mandado de Segurança Criminal,Cerceamento de Defesa; Tráfico de Drogas e Condutas Afins,2023-01-25,2024-07-05T21:04:48.906000Z,7,G1,Eletrônico,https://eproc.jfrj.jus.br/eproc/externo_controlador.php?acao=processo_consulta_publica
50047248420234025101,5004724-84.2023.4.02.5101,283,Ação Penal - Procedimento Ordinário,Estelionato Majorado ,2023-01-25,2025-04-14T14:32:31.333000Z,18,G1,Eletrônico,https://eproc.jfrj.jus.br/eproc/externo_controlador.php?acao=processo_consulta_publica
50047282420234025101,5004728-24.2023.4.02.5101,326,Restituição de Coisas Apreendidas,"Crimes de &quot;Lavagem&quot; ou Ocultação de Bens, Direitos ou Valores",2023-01-25,2024-07-05T21:05:12.301000Z,7,G1,Eletrônico,https://eproc.jfrj.jus.br/eproc/externo_controlador.php?acao=processo_consulta_publica
50047914920234025101,5004791-49.2023.4.02.5101,1733,Procedimento Investigatório Criminal (PIC-MP) ,Falsificação de documento público,2023-01-25,2024-07-05T21:05:05.799000Z,3,G1,Eletrônico,https://eproc.jfrj.jus.br/eproc/externo_controlador.php?acao=processo_consulta_publica
50001464220234025113,5000146-42.2023.4.02.5113,14678,Acordo de Não Persecução Penal,Crimes contra a Ordem Econômica; Mineração Ilegal,2023-01-26,2024-08-04T17:20:09.368000Z,9,G1,Eletrônico,https://eproc.jfrj.jus.br/eproc/externo_controlador.php?acao=processo_consulta_publica
50053240820234025101,5005324-08.2023.4.02.5101,1733,Procedimento Investigatório Criminal (PIC-MP) ,Roubo ,2023-01-27,2024-07-05T21:05:39.299000Z,3,G1,Eletrônico,https://eproc.jfrj.jus.br/eproc/externo_controlador.php?acao=processo_consulta_publica
50062188120234025101,5006218-81.2023.4.02.5101,279,Inquérito Policial,Apropriação indébita; Estelionato,2023-01-31,2024-07-05T21:06:31.374000Z,22,G1,Eletrônico,https://eproc.jfrj.jus.br/eproc/externo_controlador.php?acao=processo_consulta_publica
50066778320234025101,5006677-83.2023.4.02.5101,279,Inquérito Policial,Crimes contra as Telecomunicações,2023-02-01,2026-09-15T22:56:35.412000Z,10,G1,Eletrônico,https://eproc.jfrj.jus.br/eproc/externo_controlador.php?acao=processo_consulta_publica
50074599020234025101,5007459-90.2023.4.02.5101,1733,Procedimento Investigatório Criminal (PIC-MP) ,Crimes do Sistema Nacional de Armas,2023-02-06,2024-07-05T21:07:56.419000Z,1,G1,Eletrônico,https://eproc.jfrj.jus.br/eproc/externo_controlador.php?acao=processo_consulta_publica
50003025420234025105,5000302-54.2023.4.02.5105,283,Ação Penal - Procedimento Ordinário,Crimes contra a Ordem Econômica,2023-02-07,2026-09-15T22:55:28.393000Z,41,G1,Eletrônico,https://eproc.jfrj.jus.br/eproc/externo_controlador.php?acao=processo_consulta_publica
50087043920234025101,5008704-39.2023.4.02.5101,37,Embargos de Terceiro Cível,Propriedade,2023-02-09,2024-07-05T21:08:24.999000Z,10,G1,Eletrônico,https://eproc.jfrj.jus.br/eproc/externo_controlador.php?acao=processo_consulta_publica
50087209020234025101,5008720-90.2023.4.02.5101,1733,Procedimento Investigatório Criminal (PIC-MP) ,Crimes de Tráfico Ilícito e Uso Indevido de Drogas,2023-02-10,2024-07-05T21:08:21.389000Z,1,G1,Eletrônico,https://eproc.jfrj.jus.br/eproc/externo_controlador.php?acao=processo_consulta_publica
50090083820234025101,5009008-38.2023.4.02.5101,283,Ação Penal - Procedimento Ordinário,Uso de documento falso ,2023-02-10,2024-07-05T21:07:27.374000Z,12,G1,Eletrônico,https://eproc.jfrj.jus.br/eproc/externo_controlador.php?acao=processo_consulta_publica
50095124420234025101,5009512-44.2023.4.02.5101,1733,Procedimento Investigatório Criminal (PIC-MP) ,Abolição Violenta do Estado Democrático de Direito,2023-02-13,2024-07-05T21:37:30.561000Z,3,G1,Eletrônico,https://eproc.jfrj.jus.br/eproc/externo_controlador.php?acao=processo_consulta_publica
50097150620234025101,5009715-06.2023.4.02.5101,283,Ação Penal - Procedimento Ordinário,Falso testemunho ou falsa perícia ,2023-02-14,2024-07-05T21:08:54.036000Z,7,G1,Eletrônico,https://eproc.jfrj.jus.br/eproc/externo_controlador.php?acao=processo_consulta_publica
50102243420234025101,5010224-34.2023.4.02.5101,279,Inquérito Policial,Homicídio Qualificado,2023-02-15,2024-07-05T21:37:12.029000Z,3,G1,Eletrônico,https://eproc.jfrj.jus.br/eproc/externo_controlador.php?acao=processo_consulta_publica
50102901420234025101,5010290-14.2023.4.02.5101,426,Recurso em Sentido Estrito,"Crimes de &quot;Lavagem&quot; ou Ocultação de Bens, Direitos ou Valores",2023-02-15,2024-07-05T21:37:57.935000Z,8,G1,Eletrônico,https://eproc.jfrj.jus.br/eproc/externo_controlador.php?acao=processo_consulta_publica
50103958820234025101,5010395-88.2023.4.02.5101,1733,Procedimento Investigatório Criminal (PIC-MP) ,Fato Atípico,2023-02-15,2024-07-05T21:38:54.793000Z,1,G1,Eletrônico,https://eproc.jfrj.jus.br/eproc/externo_controlador.php?acao=processo_consulta_publica
50108132620234025101,5010813-26.2023.4.02.5101,1733,Procedimento Investigatório Criminal (PIC-MP) ,Fato Atípico,2023-02-16,2024-07-05T21:37:47.787000Z,1,G1,Eletrônico,https://eproc.jfrj.jus.br/eproc/externo_controlador.php?acao=processo_consulta_publica
50007476320234025108,5000747-63.2023.4.02.5108,307,Habeas Corpus Criminal,Posse de Drogas para Consumo Pessoal,2023-02-17,2024-11-13T21:20:58.008000Z,15,G1,Eletrônico,https://eproc.jfrj.jus.br/eproc/externo_controlador.php?acao=processo_consulta_publica
50116351520234025101,5011635-15.2023.4.02.5101,279,Inquérito Policial,Associação Criminosa; Estelionato; Uso de documento falso ,2023-02-23,2026-08-20T23:29:37.221000Z,14,G1,Eletrônico,https://eproc.jfrj.jus.br/eproc/externo_controlador.php?acao=processo_consulta_publica
50122007620234025101,5012200-76.2023.4.02.5101,309,Pedido de Busca e Apreensão Criminal,Falsa identidade ; Falsidade ideológica ; Fraude de lei sobre estrangeiros; Uso de documento falso ,2023-02-24,2024-07-05T21:38:43.478000Z,9,G1,Eletrônico,https://eproc.jfrj.jus.br/eproc/externo_controlador.php?acao=processo_consulta_publica
50138081220234025101,5013808-12.2023.4.02.5101,1733,Procedimento Investigatório Criminal (PIC-MP) ,Peculato,2023-03-02,2024-07-05T21:38:43.203000Z,1,G1,Eletrônico,https://eproc.jfrj.jus.br/eproc/externo_controlador.php?acao=processo_consulta_publica
50140471620234025101,5014047-16.2023.4.02.5101,279,Inquérito Policial,Moeda Falsa / Assimilados,2023-03-03,2024-07-05T21:40:20.791000Z,11,G1,Eletrônico,https://eproc.jfrj.jus.br/eproc/externo_controlador.php?acao=processo_consulta_publica
50140852820234025101,5014085-28.2023.4.02.5101,1733,Procedimento Investigatório Criminal (PIC-MP) ,Furto Qualificado ,2023-03-03,2024-07-05T21:38:28.309000Z,1,G1,Eletrônico,https://eproc.jfrj.jus.br/eproc/externo_controlador.php?acao=processo_consulta_publica
50141009420234025101,5014100-94.2023.4.02.5101,333,Insanidade Mental do Acusado,Corrupção passiva ; Restituição de Coisas Apreendidas,2023-03-03,2026-07-15T01:47:16.957000Z,49,G1,Eletrônico,https://eproc.jfrj.jus.br/eproc/externo_controlador.php?acao=processo_consulta_publica
50142507520234025101,5014250-75.2023.4.02.5101,426,Recurso em Sentido Estrito,Corrupção ativa ,2023-03-03,2024-07-05T21:38:25.628000Z,15,G1,Eletrônico,https://eproc.jfrj.jus.br/eproc/externo_controlador.php?acao=processo_consulta_publica
50147634320234025101,5014763-43.2023.4.02.5101,279,Inquérito Policial,Facilitação de contrabando ou descaminho ,2023-03-06,2025-06-14T06:14:40.133000Z,9,G1,Eletrônico,https://eproc.jfrj.jus.br/eproc/externo_controlador.php?acao=processo_consulta_publica
50151367420234025101,5015136-74.2023.4.02.5101,283,Ação Penal - Procedimento Ordinário,Roubo Majorado,2023-03-07,2024-11-13T21:35:01.066000Z,24,G1,Eletrônico,https://eproc.jfrj.jus.br/eproc/externo_controlador.php?acao=processo_consulta_publica
50151679420234025101,5015167-94.2023.4.02.5101,426,Recurso em Sentido Estrito,Falso testemunho ou falsa perícia ,2023-03-07,2024-07-05T21:39:27.866000Z,4,G1,Eletrônico,https://eproc.jfrj.jus.br/eproc/externo_controlador.php?acao=processo_consulta_publica
50154372120234025101,5015437-21.2023.4.02.5101,1733,Procedimento Investigatório Criminal (PIC-MP) ,Crimes de Tráfico Ilícito e Uso Indevido de Drogas,2023-03-08,2024-07-05T23:24:36.259000Z,1,G1,Eletrônico,https://eproc.jfrj.jus.br/eproc/externo_controlador.php?acao=processo_consulta_publica
50155654120234025101,5015565-41.2023.4.02.5101,279,Inquérito Policial,Receptação,2023-03-08,2026-06-13T14:32:17.215000Z,8,G1,Eletrônico,https://eproc.jfrj.jus.br/eproc/externo_controlador.php?acao=processo_consulta_publica
50010550220234025108,5001055-02.2023.4.02.5108,283,Ação Penal - Procedimento Ordinário,Crimes contra a Ordem Econômica; Poluição,2023-03-08,2025-01-13T18:51:08.216000Z,27,G1,Eletrônico,https://eproc.jfrj.jus.br/eproc/externo_controlador.php?acao=processo_consulta_publica
50156217420234025101,5015621-74.2023.4.02.5101,1733,Procedimento Investigatório Criminal (PIC-MP) ,Uso de documento falso ,2023-03-08,2024-07-05T21:39:25.628000Z,1,G1,Eletrônico,https://eproc.jfrj.jus.br/eproc/externo_controlador.php?acao=processo_consulta_publica
50157853920234025101,5015785-39.2023.4.02.5101,1733,Procedimento Investigatório Criminal (PIC-MP) ,Contrabando ou descaminho ,2023-03-09,2024-07-05T21:39:51.693000Z,1,G1,Eletrônico,https://eproc.jfrj.jus.br/eproc/externo_controlador.php?acao=processo_consulta_publica
50160227320234025101,5016022-73.2023.4.02.5101,1733,Procedimento Investigatório Criminal (PIC-MP) ,Crimes Resultante de Preconceito de Raça ou de Cor,2023-03-09,2024-07-05T21:39:32.121000Z,1,G1,Eletrônico,https://eproc.jfrj.jus.br/eproc/externo_controlador.php?acao=processo_consulta_publica
50161040720234025101,5016104-07.2023.4.02.5101,283,Ação Penal - Procedimento Ordinário,Uso de documento falso ,2023-03-09,2025-12-13T14:34:48.953000Z,25,G1,Eletrônico,https://eproc.jfrj.jus.br/eproc/externo_controlador.php?acao=processo_consulta_publica
50162071420234025101,5016207-14.2023.4.02.5101,1733,Procedimento Investigatório Criminal (PIC-MP) ,Crimes Previstos no Estatuto da criança e do adolescente,2023-03-10,2024-07-05T21:40:06.292000Z,1,G1,Eletrônico,https://eproc.jfrj.jus.br/eproc/externo_controlador.php?acao=processo_consulta_publica
50164488520234025101,5016448-85.2023.4.02.5101,1733,Procedimento Investigatório Criminal (PIC-MP) ,Fato Atípico,2023-03-10,2024-07-05T21:38:49.311000Z,1,G1,Eletrônico,https://eproc.jfrj.jus.br/eproc/externo_controlador.php?acao=processo_consulta_publica
50164912220234025101,5016491-22.2023.4.02.5101,1727,Petição Criminal,Crimes do Sistema Nacional de Armas,2023-03-10,2024-07-05T21:39:38.325000Z,4,G1,Eletrônico,https://eproc.jfrj.jus.br/eproc/externo_controlador.php?acao=processo_consulta_publica
50165397820234025101,5016539-78.2023.4.02.5101,326,Restituição de Coisas Apreendidas,"Crimes de &quot;Lavagem&quot; ou Ocultação de Bens, Direitos ou Valores",2023-03-10,2024-07-05T21:41:05.619000Z,4,G1,Eletrônico,https://eproc.jfrj.jus.br/eproc/externo_controlador.php?acao=processo_consulta_publica
50169208620234025101,5016920-86.2023.4.02.5101,1733,Procedimento Investigatório Criminal (PIC-MP) ,Moeda Falsa / Assimilados,2023-03-13,2024-07-05T21:39:30.210000Z,3,G1,Eletrônico,https://eproc.jfrj.jus.br/eproc/externo_controlador.php?acao=processo_consulta_publica
50169745220234025101,5016974-52.2023.4.02.5101,327,Embargos de Terceiro Criminal,Crimes contra o Sistema Financeiro Nacional; Indisponibilidade / Seqüestro de Bens,2023-03-13,2024-07-05T21:38:57.478000Z,4,G1,Eletrônico,https://eproc.jfrj.jus.br/eproc/externo_controlador.php?acao=processo_consulta_publica
50177080320234025101,5017708-03.2023.4.02.5101,1733,Procedimento Investigatório Criminal (PIC-MP) ,Caça Ilegal e Condutas Equiparadas,2023-03-15,2024-07-05T21:38:48.273000Z,1,G1,Eletrônico,https://eproc.jfrj.jus.br/eproc/externo_controlador.php?acao=processo_consulta_publica
50177107020234025101,5017710-70.2023.4.02.5101,14678,Acordo de Não Persecução Penal,Acordo de Não Persecução Penal; Caça Ilegal e Condutas Equiparadas,2023-03-15,2024-09-26T21:00:18.387000Z,19,G1,Eletrônico,https://eproc.jfrj.jus.br/eproc/externo_controlador.php?acao=processo_consulta_publica
50177314620234025101,5017731-46.2023.4.02.5101,318,Exceção de Suspeição,Nulidade - Suspeição; Suspensão,2023-03-15,2024-09-26T21:12:26.430000Z,13,G1,Eletrônico,https://eproc.jfrj.jus.br/eproc/externo_controlador.php?acao=processo_consulta_publica
50178743520234025101,5017874-35.2023.4.02.5101,14678,Acordo de Não Persecução Penal,Contrabando ou descaminho ,2023-03-15,2026-06-13T14:09:14.329000Z,18,G1,Eletrônico,https://eproc.jfrj.jus.br/eproc/externo_controlador.php?acao=processo_consulta_publica
50186425820234025101,5018642-58.2023.4.02.5101,1727,Petição Criminal,Liberdade Provisória; Receptação,2023-03-17,2026-06-13T14:14:15.284000Z,2,G1,Eletrônico,https://eproc.jfrj.jus.br/eproc/externo_controlador.php?acao=processo_consulta_publica
50192315020234025101,5019231-50.2023.4.02.5101,327,Embargos de Terceiro Criminal,"Crimes de &quot;Lavagem&quot; ou Ocultação de Bens, Direitos ou Valores; Indisponibilidade / Seqüestro de Bens",2023-03-20,2024-07-05T21:38:49.319000Z,5,G1,Eletrônico,https://eproc.jfrj.jus.br/eproc/externo_controlador.php?acao=processo_consulta_publica
50193215820234025101,5019321-58.2023.4.02.5101,283,Ação Penal - Procedimento Ordinário,Inserção de dados falsos em sistema de informações ,2023-03-20,2026-06-13T14:11:39.127000Z,22,G1,Eletrônico,https://eproc.jfrj.jus.br/eproc/externo_controlador.php?acao=processo_consulta_publica
50194332720234025101,5019433-27.2023.4.02.5101,279,Inquérito Policial,Receptação,2023-03-20,2026-06-13T14:11:35.473000Z,28,G1,Eletrônico,https://eproc.jfrj.jus.br/eproc/externo_controlador.php?acao=processo_consulta_publica
50199243420234025101,5019924-34.2023.4.02.5101,1727,Petição Criminal,"""Lavagem"" ou Ocultação de Bens, Direitos ou Valores Oriundos de Corrupção",2023-03-21,2024-07-05T21:40:15.412000Z,7,G1,Eletrônico,https://eproc.jfrj.jus.br/eproc/externo_controlador.php?acao=processo_consulta_publica
50210399020234025101,5021039-90.2023.4.02.5101,279,Inquérito Policial,Uso de documento falso ,2023-03-23,2026-08-20T23:13:43.134000Z,21,G1,Eletrônico,https://eproc.jfrj.jus.br/eproc/externo_controlador.php?acao=processo_consulta_publica
50281249320244025101,5028124-93.2024.4.02.5101,283,Ação Penal - Procedimento Ordinário,Falsidade ideológica ,2023-03-24,2025-10-14T05:10:27.675000Z,16,G1,Eletrônico,https://eproc.jfrj.jus.br/eproc/externo_controlador.php?acao=processo_consulta_publica
50214971020234025101,5021497-10.2023.4.02.5101,283,Ação Penal - Procedimento Ordinário,Falsidade ideológica ,2023-03-24,2026-06-13T13:59:36.042000Z,40,G1,Eletrônico,https://eproc.jfrj.jus.br/eproc/externo_controlador.php?acao=processo_consulta_publica
50222722520234025101,5022272-25.2023.4.02.5101,1727,Petição Criminal,Liberdade Provisória; Receptação,2023-03-27,2024-09-26T21:00:54.100000Z,7,G1,Eletrônico,https://eproc.jfrj.jus.br/eproc/externo_controlador.php?acao=processo_consulta_publica
50226870820234025101,5022687-08.2023.4.02.5101,326,Restituição de Coisas Apreendidas,Fato Atípico; Restituição de Coisas Apreendidas,2023-03-28,2024-07-05T21:41:34.016000Z,9,G1,Eletrônico,https://eproc.jfrj.jus.br/eproc/externo_controlador.php?acao=processo_consulta_publica
50241022620234025101,5024102-26.2023.4.02.5101,283,Ação Penal - Procedimento Ordinário,Crimes Resultante de Preconceito de Raça ou de Cor,2023-03-31,2024-07-05T22:14:15.202000Z,11,G1,Eletrônico,https://eproc.jfrj.jus.br/eproc/externo_controlador.php?acao=processo_consulta_publica
50253502720234025101,5025350-27.2023.4.02.5101,283,Ação Penal - Procedimento Ordinário,Estelionato,2023-04-04,2025-01-13T18:41:39.558000Z,23,G1,Eletrônico,https://eproc.jfrj.jus.br/eproc/externo_controlador.php?acao=processo_consulta_publica
50254022320234025101,5025402-23.2023.4.02.5101,1727,Petição Criminal,"Crimes de &quot;Lavagem&quot; ou Ocultação de Bens, Direitos ou Valores",2023-04-04,2024-07-05T21:44:58.514000Z,4,G1,Eletrônico,https://eproc.jfrj.jus.br/eproc/externo_controlador.php?acao=processo_consulta_publica
50254239620234025101,5025423-96.2023.4.02.5101,1727,Petição Criminal,Corrupção passiva ,2023-04-04,2024-07-05T22:18:23.086000Z,8,G1,Eletrônico,https://eproc.jfrj.jus.br/eproc/externo_controlador.php?acao=processo_consulta_publica
50257149620234025101,5025714-96.2023.4.02.5101,37,Embargos de Terceiro Cível,"""Lavagem"" ou Ocultação de Bens, Direitos ou Valores Oriundos de Corrupção; Indisponibilidade / Seqüestro de Bens",2023-04-04,2024-07-05T21:41:45.996000Z,7,G1,Eletrônico,https://eproc.jfrj.jus.br/eproc/externo_controlador.php?acao=processo_consulta_publica
50277329020234025101,5027732-90.2023.4.02.5101,1733,Procedimento Investigatório Criminal (PIC-MP) ,Crimes contra a Ordem Tributária,2023-04-10,2024-07-05T22:17:09.659000Z,1,G1,Eletrônico,https://eproc.jfrj.jus.br/eproc/externo_controlador.php?acao=processo_consulta_publica
50303969420234025101,5030396-94.2023.4.02.5101,1733,Procedimento Investigatório Criminal (PIC-MP) ,Fato Atípico,2023-04-12,2024-07-05T22:16:25.911000Z,3,G1,Eletrônico,https://eproc.jfrj.jus.br/eproc/externo_controlador.php?acao=processo_consulta_publica
50303977920234025101,5030397-79.2023.4.02.5101,283,Ação Penal - Procedimento Ordinário,Falsificação de documento público; Uso de documento falso ,2023-04-12,2025-01-13T18:45:35.703000Z,25,G1,Eletrônico,https://eproc.jfrj.jus.br/eproc/externo_controlador.php?acao=processo_consulta_publica
50350286620234025101,5035028-66.2023.4.02.5101,1733,Procedimento Investigatório Criminal (PIC-MP) ,Falsificação de documento público,2023-04-17,2024-07-05T22:16:40.284000Z,1,G1,Eletrônico,https://eproc.jfrj.jus.br/eproc/externo_controlador.php?acao=processo_consulta_publica
50353412720234025101,5035341-27.2023.4.02.5101,327,Embargos de Terceiro Criminal,Fato Atípico,2023-04-17,2024-07-05T22:17:40.356000Z,6,G1,Eletrônico,https://eproc.jfrj.jus.br/eproc/externo_controlador.php?acao=processo_consulta_publica
50356461120234025101,5035646-11.2023.4.02.5101,10944,Ação Penal - Procedimento Sumaríssimo,Privacidade,2023-04-17,2024-06-17T20:26:29.672000Z,4,JE,Eletrônico,https://eproc.jfrj.jus.br/eproc/externo_controlador.php?acao=processo_consulta_publica
50378096120234025101,5037809-61.2023.4.02.5101,1727,Petição Criminal,Fato Atípico,2023-04-18,2024-07-05T22:18:04.205000Z,8,G1,Eletrônico,https://eproc.jfrj.jus.br/eproc/externo_controlador.php?acao=processo_consulta_publica
50427176420234025101,5042717-64.2023.4.02.5101,279,Inquérito Policial,Crimes Previstos no Estatuto da criança e do adolescente,2023-04-19,2026-06-13T14:12:15.284000Z,9,G1,Eletrônico,https://eproc.jfrj.jus.br/eproc/externo_controlador.php?acao=processo_consulta_publica
50466625920234025101,5046662-59.2023.4.02.5101,1733,Procedimento Investigatório Criminal (PIC-MP) ,Fato Atípico,2023-04-20,2024-07-05T22:18:36.199000Z,3,G1,Eletrônico,https://eproc.jfrj.jus.br/eproc/externo_controlador.php?acao=processo_consulta_publica
50468063320234025101,5046806-33.2023.4.02.5101,1733,Procedimento Investigatório Criminal (PIC-MP) ,Desobediência ,2023-04-20,2024-07-05T22:19:37.546000Z,3,G1,Eletrônico,https://eproc.jfrj.jus.br/eproc/externo_controlador.php?acao=processo_consulta_publica
50490278620234025101,5049027-86.2023.4.02.5101,1727,Petição Criminal,Corrupção passiva ,2023-04-24,2024-07-05T22:18:20.202000Z,8,G1,Eletrônico,https://eproc.jfrj.jus.br/eproc/externo_controlador.php?acao=processo_consulta_publica
50496825820234025101,5049682-58.2023.4.02.5101,283,Ação Penal - Procedimento Ordinário,Grave,2023-04-25,2024-07-05T23:24:34.619000Z,19,G1,Eletrônico,https://eproc.jfrj.jus.br/eproc/externo_controlador.php?acao=processo_consulta_publica
50027751020234025106,5002775-10.2023.4.02.5106,279,Inquérito Policial,Crimes de Tráfico Ilícito e Uso Indevido de Drogas,2023-05-02,2024-12-13T18:02:26.048000Z,10,G1,Eletrônico,https://eproc.jfrj.jus.br/eproc/externo_controlador.php?acao=processo_consulta_publica
50532680620234025101,5053268-06.2023.4.02.5101,333,Insanidade Mental do Acusado,Roubo ,2023-05-03,2024-07-05T23:24:53.968000Z,8,G1,Eletrônico,https://eproc.jfrj.jus.br/eproc/externo_controlador.php?acao=processo_consulta_publica
50533633620234025101,5053363-36.2023.4.02.5101,326,Restituição de Coisas Apreendidas,Esbulho possessório,2023-05-03,2026-07-15T01:53:14.971000Z,19,G1,Eletrônico,https://eproc.jfrj.jus.br/eproc/externo_controlador.php?acao=processo_consulta_publica
50543438020234025101,5054343-80.2023.4.02.5101,1727,Petição Criminal,"Crimes de &quot;Lavagem&quot; ou Ocultação de Bens, Direitos ou Valores",2023-05-05,2024-07-05T22:49:22.915000Z,6,G1,Eletrônico,https://eproc.jfrj.jus.br/eproc/externo_controlador.php?acao=processo_consulta_publica
50543974620234025101,5054397-46.2023.4.02.5101,309,Pedido de Busca e Apreensão Criminal,"""Lavagem"" ou Ocultação de Bens, Direitos ou Valores Oriundos de Corrupção; Facilitação de contrabando ou descaminho ",2023-05-06,2026-06-13T14:02:52.894000Z,26,G1,Eletrônico,https://eproc.jfrj.jus.br/eproc/externo_controlador.php?acao=processo_consulta_publica
50544450520234025101,5054445-05.2023.4.02.5101,1733,Procedimento Investigatório Criminal (PIC-MP) ,Moeda Falsa / Assimilados,2023-05-06,2024-07-05T22:19:53.869000Z,1,G1,Eletrônico,https://eproc.jfrj.jus.br/eproc/externo_controlador.php?acao=processo_consulta_publica
50546373520234025101,5054637-35.2023.4.02.5101,283,Ação Penal - Procedimento Ordinário,Moeda Falsa / Assimilados,2023-05-08,2024-11-13T21:32:55.799000Z,24,G1,Eletrônico,https://eproc.jfrj.jus.br/eproc/externo_controlador.php?acao=processo_consulta_publica
50277845220244025101,5027784-52.2024.4.02.5101,283,Ação Penal - Procedimento Ordinário,Moeda Falsa / Assimilados,2023-05-08,2026-06-13T14:14:03.113000Z,23,G1,Eletrônico,https://eproc.jfrj.jus.br/eproc/externo_controlador.php?acao=processo_consulta_publica
50550331220234025101,5055033-12.2023.4.02.5101,37,Embargos de Terceiro Cível,"Crimes de &quot;Lavagem&quot; ou Ocultação de Bens, Direitos ou Valores; Destinação de Bens e Mercadorias/Coisas Apreendidas; Indisponibilidade / Seqüestro de Bens",2023-05-09,2024-07-05T22:19:17.291000Z,10,G1,Eletrônico,https://eproc.jfrj.jus.br/eproc/externo_controlador.php?acao=processo_consulta_publica
50552297920234025101,5055229-79.2023.4.02.5101,1727,Petição Criminal,Corrupção ativa ,2023-05-09,2025-06-14T05:29:54.661000Z,13,G1,Eletrônico,https://eproc.jfrj.jus.br/eproc/externo_controlador.php?acao=processo_consulta_publica
50553224220234025101,5055322-42.2023.4.02.5101,1727,Petição Criminal,Contrabando ou descaminho ,2023-05-09,2024-07-05T22:18:42.179000Z,19,G1,Eletrônico,https://eproc.jfrj.jus.br/eproc/externo_controlador.php?acao=processo_consulta_publica
50556792220234025101,5055679-22.2023.4.02.5101,307,Habeas Corpus Criminal,Corrupção passiva ,2023-05-10,2024-07-05T22:48:54.882000Z,3,G1,Eletrônico,https://eproc.jfrj.jus.br/eproc/externo_controlador.php?acao=processo_consulta_publica
50561755120234025101,5056175-51.2023.4.02.5101,283,Ação Penal - Procedimento Ordinário,Uso de documento falso ,2023-05-11,2024-07-05T22:18:44.495000Z,14,G1,Eletrônico,https://eproc.jfrj.jus.br/eproc/externo_controlador.php?acao=processo_consulta_publica
50566276120234025101,5056627-61.2023.4.02.5101,1727,Petição Criminal,Crimes contra a Ordem Econômica,2023-05-12,2024-09-26T20:51:26.071000Z,18,G1,Eletrônico,https://eproc.jfrj.jus.br/eproc/externo_controlador.php?acao=processo_consulta_publica
50572079120234025101,5057207-91.2023.4.02.5101,1733,Procedimento Investigatório Criminal (PIC-MP) ,Crimes contra a Ordem Tributária,2023-05-15,2024-07-05T22:20:17.575000Z,3,G1,Eletrônico,https://eproc.jfrj.jus.br/eproc/externo_controlador.php?acao=processo_consulta_publica
50575196720234025101,5057519-67.2023.4.02.5101,283,Ação Penal - Procedimento Ordinário,Estelionato Majorado ,2023-05-16,2024-10-18T11:35:15.135000Z,50,G1,Eletrônico,https://eproc.jfrj.jus.br/eproc/externo_controlador.php?acao=processo_consulta_publica
51051665820234025101,5105166-58.2023.4.02.5101,283,Ação Penal - Procedimento Ordinário,Estelionato Majorado ,2023-05-16,2026-08-21T00:09:02.801000Z,12,G1,Eletrônico,https://eproc.jfrj.jus.br/eproc/externo_controlador.php?acao=processo_consulta_publica
50585173520234025101,5058517-35.2023.4.02.5101,1733,Procedimento Investigatório Criminal (PIC-MP) ,Contrabando ou descaminho ,2023-05-18,2024-07-05T22:19:54.016000Z,1,G1,Eletrônico,https://eproc.jfrj.jus.br/eproc/externo_controlador.php?acao=processo_consulta_publica
50594839520234025101,5059483-95.2023.4.02.5101,1733,Procedimento Investigatório Criminal (PIC-MP) ,Poluição,2023-05-18,2024-07-05T22:19:43.855000Z,1,G1,Eletrônico,https://eproc.jfrj.jus.br/eproc/externo_controlador.php?acao=processo_consulta_publica
50595445320234025101,5059544-53.2023.4.02.5101,326,Restituição de Coisas Apreendidas,Corrupção passiva ; Restituição de Coisas Apreendidas,2023-05-18,2024-07-05T22:48:57.220000Z,7,G1,Eletrônico,https://eproc.jfrj.jus.br/eproc/externo_controlador.php?acao=processo_consulta_publica
50596857220234025101,5059685-72.2023.4.02.5101,309,Pedido de Busca e Apreensão Criminal,Corrupção passiva ,2023-05-19,2026-06-13T13:51:42.715000Z,42,G1,Eletrônico,https://eproc.jfrj.jus.br/eproc/externo_controlador.php?acao=processo_consulta_publica
50037104420234025108,5003710-44.2023.4.02.5108,283,Ação Penal - Procedimento Ordinário,Crimes contra a Ordem Tributária,2023-05-22,2025-11-13T18:08:53.929000Z,26,G1,Eletrônico,https://eproc.jfrj.jus.br/eproc/externo_controlador.php?acao=processo_consulta_publica
50613953020234025101,5061395-30.2023.4.02.5101,1733,Procedimento Investigatório Criminal (PIC-MP) ,Desobediência ,2023-05-24,2024-07-05T22:50:00.888000Z,1,G1,Eletrônico,https://eproc.jfrj.jus.br/eproc/externo_controlador.php?acao=processo_consulta_publica
50614594020234025101,5061459-40.2023.4.02.5101,1710,Mandado de Segurança Criminal,"Crimes de &quot;Lavagem&quot; ou Ocultação de Bens, Direitos ou Valores",2023-05-24,2024-07-05T22:49:16.197000Z,3,G1,Eletrônico,https://eproc.jfrj.jus.br/eproc/externo_controlador.php?acao=processo_consulta_publica
50622657520234025101,5062265-75.2023.4.02.5101,1733,Procedimento Investigatório Criminal (PIC-MP) ,Contrabando ou descaminho ,2023-05-26,2024-07-05T22:20:01.744000Z,1,G1,Eletrônico,https://eproc.jfrj.jus.br/eproc/externo_controlador.php?acao=processo_consulta_publica
50627204020234025101,5062720-40.2023.4.02.5101,1727,Petição Criminal,Corrupção passiva ,2023-05-29,2024-07-05T22:49:13.498000Z,3,G1,Eletrônico,https://eproc.jfrj.jus.br/eproc/externo_controlador.php?acao=processo_consulta_publica
50631794220234025101,5063179-42.2023.4.02.5101,1733,Procedimento Investigatório Criminal (PIC-MP) ,Falsificação de documento público,2023-05-30,2024-07-05T22:19:30.825000Z,1,G1,Eletrônico,https://eproc.jfrj.jus.br/eproc/externo_controlador.php?acao=processo_consulta_publica
50633344520234025101,5063334-45.2023.4.02.5101,1733,Procedimento Investigatório Criminal (PIC-MP) ,Corrupção ativa ,2023-05-30,2024-07-05T22:49:49.497000Z,3,G1,Eletrônico,https://eproc.jfrj.jus.br/eproc/externo_controlador.php?acao=processo_consulta_publica
50642049020234025101,5064204-90.2023.4.02.5101,1733,Procedimento Investigatório Criminal (PIC-MP) ,Crimes Resultante de Preconceito de Raça ou de Cor,2023-06-01,2024-07-05T22:19:37.196000Z,1,G1,Eletrônico,https://eproc.jfrj.jus.br/eproc/externo_controlador.php?acao=processo_consulta_publica
50643321320234025101,5064332-13.2023.4.02.5101,1710,Mandado de Segurança Criminal,Fato Atípico,2023-06-02,2024-07-05T22:50:11.123000Z,11,G1,Eletrônico,https://eproc.jfrj.jus.br/eproc/externo_controlador.php?acao=processo_consulta_publica
50645019720234025101,5064501-97.2023.4.02.5101,283,Ação Penal - Procedimento Ordinário,Apropriação indébita,2023-06-02,2024-07-05T22:19:18.334000Z,6,G1,Eletrônico,https://eproc.jfrj.jus.br/eproc/externo_controlador.php?acao=processo_consulta_publica
50646673220234025101,5064667-32.2023.4.02.5101,1733,Procedimento Investigatório Criminal (PIC-MP) ,Falsificação de documento público,2023-06-04,2024-07-05T22:50:18.116000Z,1,G1,Eletrônico,https://eproc.jfrj.jus.br/eproc/externo_controlador.php?acao=processo_consulta_publica
50661621420234025101,5066162-14.2023.4.02.5101,283,Ação Penal - Procedimento Ordinário,Estelionato Majorado ,2023-06-09,2024-07-05T22:20:25.813000Z,13,G1,Eletrônico,https://eproc.jfrj.jus.br/eproc/externo_controlador.php?acao=processo_consulta_publica
51162315020234025101,5116231-50.2023.4.02.5101,283,Ação Penal - Procedimento Ordinário,Estelionato Majorado ,2023-06-09,2026-06-13T14:32:25.789000Z,12,G1,Eletrônico,https://eproc.jfrj.jus.br/eproc/externo_controlador.php?acao=processo_consulta_publica
50661665120234025101,5066166-51.2023.4.02.5101,283,Ação Penal - Procedimento Ordinário,Estelionato Majorado ,2023-06-09,2024-07-05T22:20:09.892000Z,9,G1,Eletrônico,https://eproc.jfrj.jus.br/eproc/externo_controlador.php?acao=processo_consulta_publica
50664047020234025101,5066404-70.2023.4.02.5101,283,Ação Penal - Procedimento Ordinário,Estelionato Majorado ,2023-06-12,2024-09-26T21:10:16.061000Z,22,G1,Eletrônico,https://eproc.jfrj.jus.br/eproc/externo_controlador.php?acao=processo_consulta_publica
50665423720234025101,5066542-37.2023.4.02.5101,37,Embargos de Terceiro Cível,Posse,2023-06-12,2024-07-05T22:49:48.340000Z,4,G1,Eletrônico,https://eproc.jfrj.jus.br/eproc/externo_controlador.php?acao=processo_consulta_publica
50665804920234025101,5066580-49.2023.4.02.5101,1727,Petição Criminal,Moeda Falsa / Assimilados,2023-06-12,2024-10-18T10:07:28.406000Z,17,G1,Eletrônico,https://eproc.jfrj.jus.br/eproc/externo_controlador.php?acao=processo_consulta_publica
50676596320234025101,5067659-63.2023.4.02.5101,1727,Petição Criminal,"Crimes de &quot;Lavagem&quot; ou Ocultação de Bens, Direitos ou Valores",2023-06-15,2024-07-05T22:50:52.069000Z,9,G1,Eletrônico,https://eproc.jfrj.jus.br/eproc/externo_controlador.php?acao=processo_consulta_publica
50042872220234025108,5004287-22.2023.4.02.5108,283,Ação Penal - Procedimento Ordinário,Peculato mediante erro de outrem,2023-06-16,2025-02-13T21:13:56.437000Z,20,G1,Eletrônico,https://eproc.jfrj.jus.br/eproc/externo_controlador.php?acao=processo_consulta_publica
50683629120234025101,5068362-91.2023.4.02.5101,1733,Procedimento Investigatório Criminal (PIC-MP) ,Fato Atípico,2023-06-19,2024-07-05T22:19:51.273000Z,1,G1,Eletrônico,https://eproc.jfrj.jus.br/eproc/externo_controlador.php?acao=processo_consulta_publica
50695502220234025101,5069550-22.2023.4.02.5101,291,Restauração de Autos Criminal,Crimes contra a Ordem Tributária,2023-06-21,2025-11-13T17:58:12.063000Z,21,G1,Eletrônico,https://eproc.jfrj.jus.br/eproc/externo_controlador.php?acao=processo_consulta_publica
50698646520234025101,5069864-65.2023.4.02.5101,1727,Petição Criminal,"Crimes de &quot;Lavagem&quot; ou Ocultação de Bens, Direitos ou Valores",2023-06-22,2024-07-05T22:49:38.221000Z,9,G1,Eletrônico,https://eproc.jfrj.jus.br/eproc/externo_controlador.php?acao=processo_consulta_publica
50707047520234025101,5070704-75.2023.4.02.5101,1733,Procedimento Investigatório Criminal (PIC-MP) ,Crimes de Abuso de Autoridade,2023-06-26,2024-07-05T22:49:28.538000Z,3,G1,Eletrônico,https://eproc.jfrj.jus.br/eproc/externo_controlador.php?acao=processo_consulta_publica
50715040620234025101,5071504-06.2023.4.02.5101,1733,Procedimento Investigatório Criminal (PIC-MP) ,Uso de documento falso ,2023-06-28,2024-07-05T23:25:09.254000Z,1,G1,Eletrônico,https://eproc.jfrj.jus.br/eproc/externo_controlador.php?acao=processo_consulta_publica
50715551720234025101,5071555-17.2023.4.02.5101,1727,Petição Criminal,Corrupção passiva ,2023-06-28,2024-07-05T22:50:56.413000Z,6,G1,Eletrônico,https://eproc.jfrj.jus.br/eproc/externo_controlador.php?acao=processo_consulta_publica
50721822120234025101,5072182-21.2023.4.02.5101,329,Seqüestro,Crimes Previstos na Legislação Extravagante; Estelionato Majorado ,2023-06-29,2025-11-13T17:21:50.526000Z,15,G1,Eletrônico,https://eproc.jfrj.jus.br/eproc/externo_controlador.php?acao=processo_consulta_publica
50723675920234025101,5072367-59.2023.4.02.5101,1733,Procedimento Investigatório Criminal (PIC-MP) ,Tráfico de Drogas e Condutas Afins,2023-06-30,2024-07-05T22:50:22.509000Z,3,G1,Eletrônico,https://eproc.jfrj.jus.br/eproc/externo_controlador.php?acao=processo_consulta_publica
50740477920234025101,5074047-79.2023.4.02.5101,333,Insanidade Mental do Acusado,Redução a condição análoga à de escravo ,2023-07-04,2024-09-26T20:42:29.881000Z,12,G1,Eletrônico,https://eproc.jfrj.jus.br/eproc/externo_controlador.php?acao=processo_consulta_publica
50742556320234025101,5074255-63.2023.4.02.5101,1727,Petição Criminal,"Crimes de &quot;Lavagem&quot; ou Ocultação de Bens, Direitos ou Valores",2023-07-05,2024-07-05T22:51:36.587000Z,9,G1,Eletrônico,https://eproc.jfrj.jus.br/eproc/externo_controlador.php?acao=processo_consulta_publica
50742634020234025101,5074263-40.2023.4.02.5101,1727,Petição Criminal,"Crimes de &quot;Lavagem&quot; ou Ocultação de Bens, Direitos ou Valores",2023-07-05,2024-07-05T22:49:00.399000Z,9,G1,Eletrônico,https://eproc.jfrj.jus.br/eproc/externo_controlador.php?acao=processo_consulta_publica
50743621020234025101,5074362-10.2023.4.02.5101,1733,Procedimento Investigatório Criminal (PIC-MP) ,Crimes contra o Meio Ambiente e o Patrimônio Genético,2023-07-05,2024-07-05T22:20:15.690000Z,3,G1,Eletrônico,https://eproc.jfrj.jus.br/eproc/externo_controlador.php?acao=processo_consulta_publica
50745656920234025101,5074565-69.2023.4.02.5101,307,Habeas Corpus Criminal,Crime Tentado; Estelionato,2023-07-05,2024-07-05T22:43:24.315000Z,3,G1,Eletrônico,https://eproc.jfrj.jus.br/eproc/externo_controlador.php?acao=processo_consulta_publica
50756578220234025101,5075657-82.2023.4.02.5101,1733,Procedimento Investigatório Criminal (PIC-MP) ,Crimes contra a Flora,2023-07-10,2024-07-05T23:24:59.082000Z,3,G1,Eletrônico,https://eproc.jfrj.jus.br/eproc/externo_controlador.php?acao=processo_consulta_publica
50758388320234025101,5075838-83.2023.4.02.5101,326,Restituição de Coisas Apreendidas,Quadrilha ou Bando,2023-07-11,2024-07-05T22:50:36.406000Z,6,G1,Eletrônico,https://eproc.jfrj.jus.br/eproc/externo_controlador.php?acao=processo_consulta_publica
50767897720234025101,5076789-77.2023.4.02.5101,326,Restituição de Coisas Apreendidas,Fato Atípico; Indisponibilidade / Seqüestro de Bens; Restituição de Coisas Apreendidas,2023-07-13,2024-07-05T23:24:46.908000Z,10,G1,Eletrônico,https://eproc.jfrj.jus.br/eproc/externo_controlador.php?acao=processo_consulta_publica
50030072520234025105,5003007-25.2023.4.02.5105,279,Inquérito Policial,Uso de documento falso ,2023-07-13,2025-11-13T17:40:51.370000Z,9,G1,Eletrônico,https://eproc.jfrj.jus.br/eproc/externo_controlador.php?acao=processo_consulta_publica
50777796820234025101,5077779-68.2023.4.02.5101,283,Ação Penal - Procedimento Ordinário,Receptação,2023-07-17,2025-10-14T00:51:49.288000Z,19,G1,Eletrônico,https://eproc.jfrj.jus.br/eproc/externo_controlador.php?acao=processo_consulta_publica
50778957420234025101,5077895-74.2023.4.02.5101,1733,Procedimento Investigatório Criminal (PIC-MP) ,Estelionato Majorado ,2023-07-17,2024-07-05T22:49:18.417000Z,3,G1,Eletrônico,https://eproc.jfrj.jus.br/eproc/externo_controlador.php?acao=processo_consulta_publica
50779537720234025101,5077953-77.2023.4.02.5101,283,Ação Penal - Procedimento Ordinário,Moeda Falsa / Assimilados,2023-07-17,2024-10-18T11:29:00.321000Z,31,G1,Eletrônico,https://eproc.jfrj.jus.br/eproc/externo_controlador.php?acao=processo_consulta_publica
51319853220234025101,5131985-32.2023.4.02.5101,283,Ação Penal - Procedimento Ordinário,Moeda Falsa / Assimilados,2023-07-17,2026-09-15T22:56:05.125000Z,24,G1,Eletrônico,https://eproc.jfrj.jus.br/eproc/externo_controlador.php?acao=processo_consulta_publica
50780602420234025101,5078060-24.2023.4.02.5101,279,Inquérito Policial,Estelionato Majorado ,2023-07-18,2024-07-05T22:51:20.302000Z,3,G1,Eletrônico,https://eproc.jfrj.jus.br/eproc/externo_controlador.php?acao=processo_consulta_publica
50781624620234025101,5078162-46.2023.4.02.5101,1733,Procedimento Investigatório Criminal (PIC-MP) ,Furto ,2023-07-18,2024-07-05T22:49:45.122000Z,1,G1,Eletrônico,https://eproc.jfrj.jus.br/eproc/externo_controlador.php?acao=processo_consulta_publica
50782152720234025101,5078215-27.2023.4.02.5101,1733,Procedimento Investigatório Criminal (PIC-MP) ,Falso testemunho ou falsa perícia ,2023-07-18,2024-07-05T22:49:47.556000Z,3,G1,Eletrônico,https://eproc.jfrj.jus.br/eproc/externo_controlador.php?acao=processo_consulta_publica
50782759720234025101,5078275-97.2023.4.02.5101,326,Restituição de Coisas Apreendidas,"""Lavagem"" ou Ocultação de Bens, Direitos ou Valores Oriundos de Corrupção; Busca e Apreensão de Bens",2023-07-18,2024-07-05T22:50:34.146000Z,7,G1,Eletrônico,https://eproc.jfrj.jus.br/eproc/externo_controlador.php?acao=processo_consulta_publica
50806949020234025101,5080694-90.2023.4.02.5101,1733,Procedimento Investigatório Criminal (PIC-MP) ,Crimes Resultante de Preconceito de Raça ou de Cor,2023-07-26,2024-07-05T22:50:12.359000Z,1,G1,Eletrônico,https://eproc.jfrj.jus.br/eproc/externo_controlador.php?acao=processo_consulta_publica
50813140520234025101,5081314-05.2023.4.02.5101,1733,Procedimento Investigatório Criminal (PIC-MP) ,Abolição Violenta do Estado Democrático de Direito,2023-07-27,2024-07-05T23:24:50.008000Z,1,G1,Eletrônico,https://eproc.jfrj.jus.br/eproc/externo_controlador.php?acao=processo_consulta_publica
50821021920234025101,5082102-19.2023.4.02.5101,1733,Procedimento Investigatório Criminal (PIC-MP) ,Arquivamento de Procedimento Investigatório Criminal - PIC-MP; Quadrilha ou Bando,2023-07-31,2024-07-05T23:24:32.267000Z,3,G1,Eletrônico,https://eproc.jfrj.jus.br/eproc/externo_controlador.php?acao=processo_consulta_publica
50830713420234025101,5083071-34.2023.4.02.5101,283,Ação Penal - Procedimento Ordinário,Estelionato Majorado ,2023-08-02,2026-09-15T22:55:16.505000Z,18,G1,Eletrônico,https://eproc.jfrj.jus.br/eproc/externo_controlador.php?acao=processo_consulta_publica
50833208220234025101,5083320-82.2023.4.02.5101,280,Auto de Prisão em Flagrante,Contrabando ou descaminho ,2023-08-03,2025-01-13T18:43:31.560000Z,20,G1,Eletrônico,https://eproc.jfrj.jus.br/eproc/externo_controlador.php?acao=processo_consulta_publica
50039114220234025106,5003911-42.2023.4.02.5106,283,Ação Penal - Procedimento Ordinário,Peculato,2023-08-07,2025-12-13T15:13:00.835000Z,37,G1,Eletrônico,https://eproc.jfrj.jus.br/eproc/externo_controlador.php?acao=processo_consulta_publica
50861788620234025101,5086178-86.2023.4.02.5101,37,Embargos de Terceiro Cível,Propriedade,2023-08-10,2024-07-05T22:50:20.250000Z,4,G1,Eletrônico,https://eproc.jfrj.jus.br/eproc/externo_controlador.php?acao=processo_consulta_publica
50862126120234025101,5086212-61.2023.4.02.5101,37,Embargos de Terceiro Cível,Propriedade,2023-08-10,2024-07-05T22:50:07.367000Z,4,G1,Eletrônico,https://eproc.jfrj.jus.br/eproc/externo_controlador.php?acao=processo_consulta_publica
50869999020234025101,5086999-90.2023.4.02.5101,1733,Procedimento Investigatório Criminal (PIC-MP) ,Contrabando ou descaminho ,2023-08-14,2024-07-05T22:51:37.018000Z,3,G1,Eletrônico,https://eproc.jfrj.jus.br/eproc/externo_controlador.php?acao=processo_consulta_publica
50875056620234025101,5087505-66.2023.4.02.5101,1733,Procedimento Investigatório Criminal (PIC-MP) ,Estelionato Majorado ,2023-08-15,2024-07-05T22:49:54.701000Z,3,G1,Eletrônico,https://eproc.jfrj.jus.br/eproc/externo_controlador.php?acao=processo_consulta_publica
50875965920234025101,5087596-59.2023.4.02.5101,1733,Procedimento Investigatório Criminal (PIC-MP) ,Estelionato Majorado ; Falsidade ideológica ; Peculato mediante erro de outrem,2023-08-15,2024-07-05T22:50:21.617000Z,3,G1,Eletrônico,https://eproc.jfrj.jus.br/eproc/externo_controlador.php?acao=processo_consulta_publica
50876753820234025101,5087675-38.2023.4.02.5101,1733,Procedimento Investigatório Criminal (PIC-MP) ,Moeda Falsa / Assimilados,2023-08-15,2024-07-05T22:51:29.334000Z,2,G1,Eletrônico,https://eproc.jfrj.jus.br/eproc/externo_controlador.php?acao=processo_consulta_publica
50877160520234025101,5087716-05.2023.4.02.5101,307,Habeas Corpus Criminal,Crimes de Tráfico Ilícito e Uso Indevido de Drogas,2023-08-15,2024-07-05T22:49:37.658000Z,6,G1,Eletrônico,https://eproc.jfrj.jus.br/eproc/externo_controlador.php?acao=processo_consulta_publica
50880616820234025101,5088061-68.2023.4.02.5101,1733,Procedimento Investigatório Criminal (PIC-MP) ,Roubo Majorado,2023-08-16,2024-07-05T22:48:57.452000Z,3,G1,Eletrônico,https://eproc.jfrj.jus.br/eproc/externo_controlador.php?acao=processo_consulta_publica
50880711520234025101,5088071-15.2023.4.02.5101,1733,Procedimento Investigatório Criminal (PIC-MP) ,Crimes contra a Ordem Tributária,2023-08-16,2024-07-05T22:50:41.397000Z,3,G1,Eletrônico,https://eproc.jfrj.jus.br/eproc/externo_controlador.php?acao=processo_consulta_publica
50882331020234025101,5088233-10.2023.4.02.5101,1733,Procedimento Investigatório Criminal (PIC-MP) ,Crimes de Tráfico Ilícito e Uso Indevido de Drogas,2023-08-17,2024-07-05T22:50:54.432000Z,3,G1,Eletrônico,https://eproc.jfrj.jus.br/eproc/externo_controlador.php?acao=processo_consulta_publica
50883189320234025101,5088318-93.2023.4.02.5101,283,Ação Penal - Procedimento Ordinário,Furto ,2023-08-17,2024-07-05T22:50:14.932000Z,6,G1,Eletrônico,https://eproc.jfrj.jus.br/eproc/externo_controlador.php?acao=processo_consulta_publica
50886809520234025101,5088680-95.2023.4.02.5101,1733,Procedimento Investigatório Criminal (PIC-MP) ,Desobediência ,2023-08-18,2024-07-05T22:52:26.924000Z,3,G1,Eletrônico,https://eproc.jfrj.jus.br/eproc/externo_controlador.php?acao=processo_consulta_publica
50888974120234025101,5088897-41.2023.4.02.5101,319,Exceção de Incompetência de Juízo,"Crimes de &quot;Lavagem&quot; ou Ocultação de Bens, Direitos ou Valores; Falsidade ideológica ; Jurisdição e Competência",2023-08-18,2024-07-05T22:51:52.815000Z,6,G1,Eletrônico,https://eproc.jfrj.jus.br/eproc/externo_controlador.php?acao=processo_consulta_publica
50900519420234025101,5090051-94.2023.4.02.5101,283,Ação Penal - Procedimento Ordinário,Furto ,2023-08-23,2024-11-13T21:39:44.454000Z,17,G1,Eletrônico,https://eproc.jfrj.jus.br/eproc/externo_controlador.php?acao=processo_consulta_publica
50903454920234025101,5090345-49.2023.4.02.5101,1733,Procedimento Investigatório Criminal (PIC-MP) ,Sonegação de contribuição previdenciária ,2023-08-24,2024-07-05T22:50:20.707000Z,3,G1,Eletrônico,https://eproc.jfrj.jus.br/eproc/externo_controlador.php?acao=processo_consulta_publica
50916299220234025101,5091629-92.2023.4.02.5101,1733,Procedimento Investigatório Criminal (PIC-MP) ,Crimes Resultante de Preconceito de Raça ou de Cor; Fato Atípico,2023-08-29,2024-07-05T22:53:09.291000Z,3,G1,Eletrônico,https://eproc.jfrj.jus.br/eproc/externo_controlador.php?acao=processo_consulta_publica
50041686720234025106,5004168-67.2023.4.02.5106,279,Inquérito Policial,Crimes contra o Meio Ambiente e o Patrimônio Genético,2023-08-29,2024-11-13T21:30:49.632000Z,20,G1,Eletrônico,https://eproc.jfrj.jus.br/eproc/externo_controlador.php?acao=processo_consulta_publica
50916471620234025101,5091647-16.2023.4.02.5101,1733,Procedimento Investigatório Criminal (PIC-MP) ,Abolição Violenta do Estado Democrático de Direito,2023-08-29,2024-07-05T23:24:58.823000Z,3,G1,Eletrônico,https://eproc.jfrj.jus.br/eproc/externo_controlador.php?acao=processo_consulta_publica
50919044120234025101,5091904-41.2023.4.02.5101,37,Embargos de Terceiro Cível,Indisponibilidade de Bens,2023-08-29,2024-07-05T22:51:15.133000Z,6,G1,Eletrônico,https://eproc.jfrj.jus.br/eproc/externo_controlador.php?acao=processo_consulta_publica
50937993720234025101,5093799-37.2023.4.02.5101,1733,Procedimento Investigatório Criminal (PIC-MP) ,Estelionato,2023-09-04,2024-07-05T22:53:04.043000Z,3,G1,Eletrônico,https://eproc.jfrj.jus.br/eproc/externo_controlador.php?acao=processo_consulta_publica
50939778320234025101,5093977-83.2023.4.02.5101,1727,Petição Criminal,Crimes contra o Sistema Financeiro Nacional,2023-09-04,2024-10-18T10:09:00.385000Z,10,G1,Eletrônico,https://eproc.jfrj.jus.br/eproc/externo_controlador.php?acao=processo_consulta_publica
50943865920234025101,5094386-59.2023.4.02.5101,1727,Petição Criminal,Fato Atípico; Indisponibilidade / Seqüestro de Bens,2023-09-05,2025-11-13T17:31:35.428000Z,9,G1,Eletrônico,https://eproc.jfrj.jus.br/eproc/externo_controlador.php?acao=processo_consulta_publica
50945762220234025101,5094576-22.2023.4.02.5101,1733,Procedimento Investigatório Criminal (PIC-MP) ,Estelionato Majorado ; Falsificação de documento público; Uso de documento falso ,2023-09-06,2024-07-05T22:50:46.323000Z,3,G1,Eletrônico,https://eproc.jfrj.jus.br/eproc/externo_controlador.php?acao=processo_consulta_publica
50946403220234025101,5094640-32.2023.4.02.5101,1733,Procedimento Investigatório Criminal (PIC-MP) ,Incitação ao Crime,2023-09-06,2024-07-05T22:50:51.849000Z,3,G1,Eletrônico,https://eproc.jfrj.jus.br/eproc/externo_controlador.php?acao=processo_consulta_publica
50964946120234025101,5096494-61.2023.4.02.5101,1733,Procedimento Investigatório Criminal (PIC-MP) ,Crimes de Tráfico Ilícito e Uso Indevido de Drogas,2023-09-14,2024-07-05T22:51:35.796000Z,6,G1,Eletrônico,https://eproc.jfrj.jus.br/eproc/externo_controlador.php?acao=processo_consulta_publica
51062283620234025101,5106228-36.2023.4.02.5101,329,Seqüestro,Corrupção passiva ; Crimes contra o Sistema Financeiro Nacional,2023-09-14,2026-06-13T13:55:18.168000Z,48,G1,Eletrônico,https://eproc.jfrj.jus.br/eproc/externo_controlador.php?acao=processo_consulta_publica
50966461220234025101,5096646-12.2023.4.02.5101,309,Pedido de Busca e Apreensão Criminal,Corrupção passiva ; Crimes contra o Sistema Financeiro Nacional,2023-09-14,2025-10-14T01:57:25.388000Z,32,G1,Eletrônico,https://eproc.jfrj.jus.br/eproc/externo_controlador.php?acao=processo_consulta_publica
50968514120234025101,5096851-41.2023.4.02.5101,1727,Petição Criminal,"Crimes de &quot;Lavagem&quot; ou Ocultação de Bens, Direitos ou Valores",2023-09-15,2025-12-13T15:13:14.478000Z,7,G1,Eletrônico,https://eproc.jfrj.jus.br/eproc/externo_controlador.php?acao=processo_consulta_publica
50979037220234025101,5097903-72.2023.4.02.5101,326,Restituição de Coisas Apreendidas,"Promoção, constituição, financiamento ou integração de Organização Criminosa",2023-09-19,2024-07-05T22:50:56.408000Z,7,G1,Eletrônico,https://eproc.jfrj.jus.br/eproc/externo_controlador.php?acao=processo_consulta_publica
50980275520234025101,5098027-55.2023.4.02.5101,1733,Procedimento Investigatório Criminal (PIC-MP) ,Contrabando ou descaminho ,2023-09-19,2024-07-05T22:52:25.251000Z,3,G1,Eletrônico,https://eproc.jfrj.jus.br/eproc/externo_controlador.php?acao=processo_consulta_publica
50980457620234025101,5098045-76.2023.4.02.5101,1733,Procedimento Investigatório Criminal (PIC-MP) ,Facilitação de contrabando ou descaminho ,2023-09-19,2024-07-05T22:50:49.419000Z,4,G1,Eletrônico,https://eproc.jfrj.jus.br/eproc/externo_controlador.php?acao=processo_consulta_publica
50987065520234025101,5098706-55.2023.4.02.5101,37,Embargos de Terceiro Cível,Esbulho possessório,2023-09-21,2024-07-05T22:50:31.621000Z,6,G1,Eletrônico,https://eproc.jfrj.jus.br/eproc/externo_controlador.php?acao=processo_consulta_publica
51010146420234025101,5101014-64.2023.4.02.5101,279,Inquérito Policial,Estelionato Majorado ,2023-09-26,2026-08-20T23:44:10.800000Z,15,G1,Eletrônico,https://eproc.jfrj.jus.br/eproc/externo_controlador.php?acao=processo_consulta_publica
51016295420234025101,5101629-54.2023.4.02.5101,1733,Procedimento Investigatório Criminal (PIC-MP) ,Fato Atípico,2023-09-28,2024-07-05T22:53:07.215000Z,3,G1,Eletrônico,https://eproc.jfrj.jus.br/eproc/externo_controlador.php?acao=processo_consulta_publica
51016641420234025101,5101664-14.2023.4.02.5101,11955,Cautelar Inominada Criminal,Estelionato,2023-09-28,2026-06-13T14:32:00.448000Z,13,G1,Eletrônico,https://eproc.jfrj.jus.br/eproc/externo_controlador.php?acao=processo_consulta_publica
51017672120234025101,5101767-21.2023.4.02.5101,283,Ação Penal - Procedimento Ordinário,Moeda Falsa / Assimilados,2023-09-28,2024-09-26T21:01:43.145000Z,8,G1,Eletrônico,https://eproc.jfrj.jus.br/eproc/externo_controlador.php?acao=processo_consulta_publica
51020089220234025101,5102008-92.2023.4.02.5101,1733,Procedimento Investigatório Criminal (PIC-MP) ,"Crimes contra o Sistema Financeiro Nacional; Crimes de &quot;Lavagem&quot; ou Ocultação de Bens, Direitos ou Valores",2023-09-29,2024-07-05T22:51:33.639000Z,6,G1,Eletrônico,https://eproc.jfrj.jus.br/eproc/externo_controlador.php?acao=processo_consulta_publica
51025718620234025101,5102571-86.2023.4.02.5101,1733,Procedimento Investigatório Criminal (PIC-MP) ,Desobediência ,2023-10-02,2024-07-05T22:53:08.742000Z,3,G1,Eletrônico,https://eproc.jfrj.jus.br/eproc/externo_controlador.php?acao=processo_consulta_publica
51028472020234025101,5102847-20.2023.4.02.5101,1733,Procedimento Investigatório Criminal (PIC-MP) ,Crimes contra o Sistema Financeiro Nacional; Estelionato,2023-10-03,2024-07-05T22:50:57.509000Z,3,G1,Eletrônico,https://eproc.jfrj.jus.br/eproc/externo_controlador.php?acao=processo_consulta_publica
51037660920234025101,5103766-09.2023.4.02.5101,283,Ação Penal - Procedimento Ordinário,Falsidade ideológica ,2023-10-05,2024-09-26T20:42:48.011000Z,11,G1,Eletrônico,https://eproc.jfrj.jus.br/eproc/externo_controlador.php?acao=processo_consulta_publica
51040796720234025101,5104079-67.2023.4.02.5101,14678,Acordo de Não Persecução Penal,Estelionato Majorado ,2023-10-06,2025-04-14T14:31:06.578000Z,10,G1,Eletrônico,https://eproc.jfrj.jus.br/eproc/externo_controlador.php?acao=processo_consulta_publica
51044191120234025101,5104419-11.2023.4.02.5101,283,Ação Penal - Procedimento Ordinário,"Crimes de &quot;Lavagem&quot; ou Ocultação de Bens, Direitos ou Valores",2023-10-06,2024-07-05T22:50:47.792000Z,13,G1,Eletrônico,https://eproc.jfrj.jus.br/eproc/externo_controlador.php?acao=processo_consulta_publica
51050643620234025101,5105064-36.2023.4.02.5101,37,Embargos de Terceiro Cível,Penhora / Depósito/ Avaliação ; Posse,2023-10-10,2024-07-05T22:51:34.495000Z,6,G1,Eletrônico,https://eproc.jfrj.jus.br/eproc/externo_controlador.php?acao=processo_consulta_publica
51050938620234025101,5105093-86.2023.4.02.5101,37,Embargos de Terceiro Cível,Penhora / Depósito/ Avaliação ; Posse,2023-10-10,2024-07-05T22:53:10.033000Z,6,G1,Eletrônico,https://eproc.jfrj.jus.br/eproc/externo_controlador.php?acao=processo_consulta_publica
51053666520234025101,5105366-65.2023.4.02.5101,1733,Procedimento Investigatório Criminal (PIC-MP) ,Crimes de Tráfico Ilícito e Uso Indevido de Drogas,2023-10-10,2024-07-05T22:52:08.155000Z,3,G1,Eletrônico,https://eproc.jfrj.jus.br/eproc/externo_controlador.php?acao=processo_consulta_publica
51053675020234025101,5105367-50.2023.4.02.5101,1733,Procedimento Investigatório Criminal (PIC-MP) ,Crimes de Tráfico Ilícito e Uso Indevido de Drogas,2023-10-10,2024-07-05T22:51:42.201000Z,3,G1,Eletrônico,https://eproc.jfrj.jus.br/eproc/externo_controlador.php?acao=processo_consulta_publica
51067003720234025101,5106700-37.2023.4.02.5101,426,Recurso em Sentido Estrito,Crimes contra a Ordem Tributária,2023-10-17,2024-07-05T22:51:27.611000Z,7,G1,Eletrônico,https://eproc.jfrj.jus.br/eproc/externo_controlador.php?acao=processo_consulta_publica
51079977920234025101,5107997-79.2023.4.02.5101,283,Ação Penal - Procedimento Ordinário,"Promoção, constituição, financiamento ou integração de Organização Criminosa",2023-10-19,2024-09-26T20:40:26.109000Z,12,G1,Eletrônico,https://eproc.jfrj.jus.br/eproc/externo_controlador.php?acao=processo_consulta_publica
51080271720234025101,5108027-17.2023.4.02.5101,1733,Procedimento Investigatório Criminal (PIC-MP) ,Uso de documento falso ,2023-10-19,2024-07-05T22:52:25.794000Z,3,G1,Eletrônico,https://eproc.jfrj.jus.br/eproc/externo_controlador.php?acao=processo_consulta_publica
51086343020234025101,5108634-30.2023.4.02.5101,1733,Procedimento Investigatório Criminal (PIC-MP) ,Desobediência ; Prevaricação,2023-10-23,2024-07-05T22:52:52.807000Z,3,G1,Eletrônico,https://eproc.jfrj.jus.br/eproc/externo_controlador.php?acao=processo_consulta_publica
51087390720234025101,5108739-07.2023.4.02.5101,1733,Procedimento Investigatório Criminal (PIC-MP) ,Falsificação de documento público,2023-10-23,2024-07-05T22:52:08.003000Z,3,G1,Eletrônico,https://eproc.jfrj.jus.br/eproc/externo_controlador.php?acao=processo_consulta_publica
51088655720234025101,5108865-57.2023.4.02.5101,1733,Procedimento Investigatório Criminal (PIC-MP) ,Desobediência ,2023-10-23,2024-07-05T22:51:19.502000Z,3,G1,Eletrônico,https://eproc.jfrj.jus.br/eproc/externo_controlador.php?acao=processo_consulta_publica
51091046120234025101,5109104-61.2023.4.02.5101,278,Termo Circunstanciado,Ameaça ; Desacato ,2023-10-24,2024-06-17T22:42:30.471000Z,13,JE,Eletrônico,https://eproc.jfrj.jus.br/eproc/externo_controlador.php?acao=processo_consulta_publica
51091617920234025101,5109161-79.2023.4.02.5101,1733,Procedimento Investigatório Criminal (PIC-MP) ,Estelionato,2023-10-24,2024-07-05T23:24:49.912000Z,3,G1,Eletrônico,https://eproc.jfrj.jus.br/eproc/externo_controlador.php?acao=processo_consulta_publica
51100520320234025101,5110052-03.2023.4.02.5101,1733,Procedimento Investigatório Criminal (PIC-MP) ,Contrabando ou descaminho ,2023-10-26,2024-07-05T22:52:52.151000Z,3,G1,Eletrônico,https://eproc.jfrj.jus.br/eproc/externo_controlador.php?acao=processo_consulta_publica
51106115720234025101,5110611-57.2023.4.02.5101,1733,Procedimento Investigatório Criminal (PIC-MP) ,Desobediência ,2023-10-27,2024-07-05T22:52:36.670000Z,3,G1,Eletrônico,https://eproc.jfrj.jus.br/eproc/externo_controlador.php?acao=processo_consulta_publica
51109744420234025101,5110974-44.2023.4.02.5101,1727,Petição Criminal,Corrupção passiva ,2023-10-30,2024-07-05T22:52:38.626000Z,3,G1,Eletrônico,https://eproc.jfrj.jus.br/eproc/externo_controlador.php?acao=processo_consulta_publica
50051237920244025101,5005123-79.2024.4.02.5101,329,Seqüestro,Furto ,2023-10-31,2025-12-13T14:46:28.943000Z,11,G1,Eletrônico,https://eproc.jfrj.jus.br/eproc/externo_controlador.php?acao=processo_consulta_publica
50051194220244025101,5005119-42.2024.4.02.5101,309,Pedido de Busca e Apreensão Criminal,Furto ,2023-10-31,2024-07-05T21:05:00.396000Z,5,G1,Eletrônico,https://eproc.jfrj.jus.br/eproc/externo_controlador.php?acao=processo_consulta_publica
51113320920234025101,5111332-09.2023.4.02.5101,313,Pedido de Prisão Preventiva,Furto ,2023-10-31,2026-08-21T00:07:35.701000Z,26,G1,Eletrônico,https://eproc.jfrj.jus.br/eproc/externo_controlador.php?acao=processo_consulta_publica
51114577420234025101,5111457-74.2023.4.02.5101,1733,Procedimento Investigatório Criminal (PIC-MP) ,Crimes Previstos no Estatuto da criança e do adolescente,2023-10-31,2024-07-05T22:52:27.426000Z,3,G1,Eletrônico,https://eproc.jfrj.jus.br/eproc/externo_controlador.php?acao=processo_consulta_publica
51114629620234025101,5111462-96.2023.4.02.5101,1733,Procedimento Investigatório Criminal (PIC-MP) ,Desobediência ,2023-10-31,2024-07-05T22:53:30.949000Z,3,G1,Eletrônico,https://eproc.jfrj.jus.br/eproc/externo_controlador.php?acao=processo_consulta_publica
51115867920234025101,5111586-79.2023.4.02.5101,283,Ação Penal - Procedimento Ordinário,Uso de documento falso ,2023-10-31,2024-09-26T21:11:18.013000Z,14,G1,Eletrônico,https://eproc.jfrj.jus.br/eproc/externo_controlador.php?acao=processo_consulta_publica
51125377320234025101,5112537-73.2023.4.02.5101,1727,Petição Criminal,"""Lavagem"" ou Ocultação de Bens, Direitos ou Valores Oriundos de Corrupção",2023-11-06,2025-01-13T18:43:53.369000Z,13,G1,Eletrônico,https://eproc.jfrj.jus.br/eproc/externo_controlador.php?acao=processo_consulta_publica
51129837620234025101,5112983-76.2023.4.02.5101,1733,Procedimento Investigatório Criminal (PIC-MP) ,Estelionato Majorado ,2023-11-07,2024-07-05T22:51:38.898000Z,3,G1,Eletrônico,https://eproc.jfrj.jus.br/eproc/externo_controlador.php?acao=processo_consulta_publica
51131396420234025101,5113139-64.2023.4.02.5101,283,Ação Penal - Procedimento Ordinário,"""Lavagem"" ou Ocultação de Bens, Direitos ou Valores Oriundos de Corrupção; Crimes de &quot;Lavagem&quot; ou Ocultação de Bens, Direitos ou Valores",2023-11-07,2025-05-13T23:11:39.289000Z,20,G1,Eletrônico,https://eproc.jfrj.jus.br/eproc/externo_controlador.php?acao=processo_consulta_publica
51131673220234025101,5113167-32.2023.4.02.5101,329,Seqüestro,"""Lavagem"" ou Ocultação de Bens, Direitos ou Valores Oriundos de Corrupção; Crimes de &quot;Lavagem&quot; ou Ocultação de Bens, Direitos ou Valores",2023-11-07,2025-10-14T08:04:41.451000Z,26,G1,Eletrônico,https://eproc.jfrj.jus.br/eproc/externo_controlador.php?acao=processo_consulta_publica
51138377020234025101,5113837-70.2023.4.02.5101,1733,Procedimento Investigatório Criminal (PIC-MP) ,Falso testemunho ou falsa perícia ,2023-11-08,2024-07-05T22:51:49.397000Z,3,G1,Eletrônico,https://eproc.jfrj.jus.br/eproc/externo_controlador.php?acao=processo_consulta_publica
51153585020234025101,5115358-50.2023.4.02.5101,14678,Acordo de Não Persecução Penal,Moeda Falsa / Assimilados,2023-11-13,2026-09-15T22:56:11.994000Z,22,G1,Eletrônico,https://eproc.jfrj.jus.br/eproc/externo_controlador.php?acao=processo_consulta_publica
51157265920234025101,5115726-59.2023.4.02.5101,283,Ação Penal - Procedimento Ordinário,"Promoção, constituição, financiamento ou integração de Organização Criminosa",2023-11-13,2024-09-26T21:11:35.742000Z,7,G1,Eletrônico,https://eproc.jfrj.jus.br/eproc/externo_controlador.php?acao=processo_consulta_publica
51161709220234025101,5116170-92.2023.4.02.5101,1733,Procedimento Investigatório Criminal (PIC-MP) ,Dano Qualificado; Furto Qualificado ,2023-11-14,2024-07-05T22:53:13.912000Z,3,G1,Eletrônico,https://eproc.jfrj.jus.br/eproc/externo_controlador.php?acao=processo_consulta_publica
50029472820234025113,5002947-28.2023.4.02.5113,283,Ação Penal - Procedimento Ordinário,Furto Qualificado ,2023-11-16,2025-04-14T14:29:04.285000Z,22,G1,Eletrônico,https://eproc.jfrj.jus.br/eproc/externo_controlador.php?acao=processo_consulta_publica
51208424620234025101,5120842-46.2023.4.02.5101,1733,Procedimento Investigatório Criminal (PIC-MP) ,Crimes Previstos no Estatuto da criança e do adolescente,2023-11-21,2024-07-05T22:51:38.587000Z,3,G1,Eletrônico,https://eproc.jfrj.jus.br/eproc/externo_controlador.php?acao=processo_consulta_publica
51208640720234025101,5120864-07.2023.4.02.5101,1733,Procedimento Investigatório Criminal (PIC-MP) ,Falsificação de documento público,2023-11-21,2024-07-05T22:53:29.745000Z,3,G1,Eletrônico,https://eproc.jfrj.jus.br/eproc/externo_controlador.php?acao=processo_consulta_publica
51211845720234025101,5121184-57.2023.4.02.5101,283,Ação Penal - Procedimento Ordinário,Peculato,2023-11-22,2026-08-20T23:42:58.651000Z,14,G1,Eletrônico,https://eproc.jfrj.jus.br/eproc/externo_controlador.php?acao=processo_consulta_publica
51214192420234025101,5121419-24.2023.4.02.5101,1733,Procedimento Investigatório Criminal (PIC-MP) ,Estelionato Majorado ,2023-11-22,2024-07-05T22:52:26.969000Z,3,G1,Eletrônico,https://eproc.jfrj.jus.br/eproc/externo_controlador.php?acao=processo_consulta_publica
51216903320234025101,5121690-33.2023.4.02.5101,1733,Procedimento Investigatório Criminal (PIC-MP) ,Estelionato Majorado ,2023-11-23,2024-07-05T22:51:21.891000Z,3,G1,Eletrônico,https://eproc.jfrj.jus.br/eproc/externo_controlador.php?acao=processo_consulta_publica
51227045220234025101,5122704-52.2023.4.02.5101,1733,Procedimento Investigatório Criminal (PIC-MP) ,Estelionato Majorado ,2023-11-27,2025-08-16T02:42:50.823000Z,8,G1,Eletrônico,https://eproc.jfrj.jus.br/eproc/externo_controlador.php?acao=processo_consulta_publica
51232821520234025101,5123282-15.2023.4.02.5101,1733,Procedimento Investigatório Criminal (PIC-MP) ,Corrupção passiva ,2023-11-28,2025-06-14T05:50:32.600000Z,7,G1,Eletrônico,https://eproc.jfrj.jus.br/eproc/externo_controlador.php?acao=processo_consulta_publica
51233749020234025101,5123374-90.2023.4.02.5101,1733,Procedimento Investigatório Criminal (PIC-MP) ,Crimes da Lei de licitações,2023-11-28,2024-07-05T22:51:22.988000Z,4,G1,Eletrônico,https://eproc.jfrj.jus.br/eproc/externo_controlador.php?acao=processo_consulta_publica
51238113420234025101,5123811-34.2023.4.02.5101,1733,Procedimento Investigatório Criminal (PIC-MP) ,Ameaça ,2023-11-29,2024-07-05T22:52:33.403000Z,6,G1,Eletrônico,https://eproc.jfrj.jus.br/eproc/externo_controlador.php?acao=processo_consulta_publica
51238511620234025101,5123851-16.2023.4.02.5101,1733,Procedimento Investigatório Criminal (PIC-MP) ,Estelionato Majorado ,2023-11-29,2024-07-05T22:53:29.190000Z,6,G1,Eletrônico,https://eproc.jfrj.jus.br/eproc/externo_controlador.php?acao=processo_consulta_publica
51240235520234025101,5124023-55.2023.4.02.5101,1733,Procedimento Investigatório Criminal (PIC-MP) ,Estelionato,2023-11-29,2024-07-05T23:24:57.811000Z,3,G1,Eletrônico,https://eproc.jfrj.jus.br/eproc/externo_controlador.php?acao=processo_consulta_publica
51241360920234025101,5124136-09.2023.4.02.5101,1733,Procedimento Investigatório Criminal (PIC-MP) ,Uso de documento falso ,2023-11-29,2024-07-05T23:24:58.484000Z,4,G1,Eletrônico,https://eproc.jfrj.jus.br/eproc/externo_controlador.php?acao=processo_consulta_publica
51241846520234025101,5124184-65.2023.4.02.5101,1733,Procedimento Investigatório Criminal (PIC-MP) ,Falsificação de documento público,2023-11-29,2025-09-13T15:20:44.921000Z,13,G1,Eletrônico,https://eproc.jfrj.jus.br/eproc/externo_controlador.php?acao=processo_consulta_publica
51241898720234025101,5124189-87.2023.4.02.5101,1733,Procedimento Investigatório Criminal (PIC-MP) ,Falsificação de documento público,2023-11-29,2024-07-05T22:52:46.759000Z,3,G1,Eletrônico,https://eproc.jfrj.jus.br/eproc/externo_controlador.php?acao=processo_consulta_publica
51243405320234025101,5124340-53.2023.4.02.5101,1733,Procedimento Investigatório Criminal (PIC-MP) ,Contrabando ou descaminho ,2023-11-29,2024-07-05T22:52:05.696000Z,6,G1,Eletrônico,https://eproc.jfrj.jus.br/eproc/externo_controlador.php?acao=processo_consulta_publica
51243526720234025101,5124352-67.2023.4.02.5101,1733,Procedimento Investigatório Criminal (PIC-MP) ,Desobediência ; Prevaricação,2023-11-29,2024-07-05T22:52:45.481000Z,4,G1,Eletrônico,https://eproc.jfrj.jus.br/eproc/externo_controlador.php?acao=processo_consulta_publica
51244782020234025101,5124478-20.2023.4.02.5101,1733,Procedimento Investigatório Criminal (PIC-MP) ,Uso de documento falso ,2023-11-30,2024-07-05T22:53:52.356000Z,3,G1,Eletrônico,https://eproc.jfrj.jus.br/eproc/externo_controlador.php?acao=processo_consulta_publica
51246722020234025101,5124672-20.2023.4.02.5101,1733,Procedimento Investigatório Criminal (PIC-MP) ,Estelionato,2023-11-30,2025-04-14T14:25:58.026000Z,9,G1,Eletrônico,https://eproc.jfrj.jus.br/eproc/externo_controlador.php?acao=processo_consulta_publica
50218303220234025110,5021830-32.2023.4.02.5110,1733,Procedimento Investigatório Criminal (PIC-MP) ,Crime de Quebra de Sigilo Financeiro,2023-11-30,2024-09-26T21:01:47.936000Z,10,G1,Eletrônico,https://eproc.jfrj.jus.br/eproc/externo_controlador.php?acao=processo_consulta_publica
51251468820234025101,5125146-88.2023.4.02.5101,1733,Procedimento Investigatório Criminal (PIC-MP) ,Violação de direito autoral,2023-12-01,2024-07-05T23:25:05.168000Z,3,G1,Eletrônico,https://eproc.jfrj.jus.br/eproc/externo_controlador.php?acao=processo_consulta_publica
51252707120234025101,5125270-71.2023.4.02.5101,326,Restituição de Coisas Apreendidas,Busca e Apreensão de Bens; Corrupção passiva ,2023-12-01,2024-07-05T22:52:47.598000Z,9,G1,Eletrônico,https://eproc.jfrj.jus.br/eproc/externo_controlador.php?acao=processo_consulta_publica
51254309620234025101,5125430-96.2023.4.02.5101,10944,Ação Penal - Procedimento Sumaríssimo,Outras fraudes,2023-12-01,2024-06-17T22:29:40.732000Z,3,JE,Eletrônico,https://eproc.jfrj.jus.br/eproc/externo_controlador.php?acao=processo_consulta_publica
51260129620234025101,5126012-96.2023.4.02.5101,1733,Procedimento Investigatório Criminal (PIC-MP) ,Desobediência ,2023-12-04,2024-07-05T22:51:31.959000Z,3,G1,Eletrônico,https://eproc.jfrj.jus.br/eproc/externo_controlador.php?acao=processo_consulta_publica
51261072920234025101,5126107-29.2023.4.02.5101,1733,Procedimento Investigatório Criminal (PIC-MP) ,Estelionato,2023-12-04,2024-07-05T22:51:38.076000Z,3,G1,Eletrônico,https://eproc.jfrj.jus.br/eproc/externo_controlador.php?acao=processo_consulta_publica
51261627720234025101,5126162-77.2023.4.02.5101,1733,Procedimento Investigatório Criminal (PIC-MP) ,Contrabando ou descaminho ,2023-12-04,2024-07-05T22:53:35.392000Z,7,G1,Eletrônico,https://eproc.jfrj.jus.br/eproc/externo_controlador.php?acao=processo_consulta_publica
51264468520234025101,5126446-85.2023.4.02.5101,1733,Procedimento Investigatório Criminal (PIC-MP) ,Estelionato Majorado ,2023-12-05,2024-07-05T22:52:42.992000Z,3,G1,Eletrônico,https://eproc.jfrj.jus.br/eproc/externo_controlador.php?acao=processo_consulta_publica
51264745320234025101,5126474-53.2023.4.02.5101,1727,Petição Criminal,Crimes de Tráfico Ilícito e Uso Indevido de Drogas,2023-12-05,2025-11-13T18:08:56.284000Z,17,G1,Eletrônico,https://eproc.jfrj.jus.br/eproc/externo_controlador.php?acao=processo_consulta_publica
51270314020234025101,5127031-40.2023.4.02.5101,283,Ação Penal - Procedimento Ordinário,Crimes da Lei de licitações,2023-12-06,2025-11-13T17:57:54.056000Z,34,G1,Eletrônico,https://eproc.jfrj.jus.br/eproc/externo_controlador.php?acao=processo_consulta_publica
50326974320254025101,5032697-43.2025.4.02.5101,283,Ação Penal - Procedimento Ordinário,Crimes da Lei de licitações,2023-12-06,2026-07-15T01:50:08.770000Z,16,G1,Eletrônico,https://eproc.jfrj.jus.br/eproc/externo_controlador.php?acao=processo_consulta_publica
51272366920234025101,5127236-69.2023.4.02.5101,1733,Procedimento Investigatório Criminal (PIC-MP) ,Crimes Resultante de Preconceito de Raça ou de Cor,2023-12-06,2024-07-05T22:51:55.402000Z,3,G1,Eletrônico,https://eproc.jfrj.jus.br/eproc/externo_controlador.php?acao=processo_consulta_publica
51282023220234025101,5128202-32.2023.4.02.5101,14678,Acordo de Não Persecução Penal,Falsificação de documento público; Uso de documento falso ,2023-12-10,2026-07-15T01:47:01.201000Z,21,G1,Eletrônico,https://eproc.jfrj.jus.br/eproc/externo_controlador.php?acao=processo_consulta_publica
51282517320234025101,5128251-73.2023.4.02.5101,313,Pedido de Prisão Preventiva,"Crimes de &quot;Lavagem&quot; ou Ocultação de Bens, Direitos ou Valores; Estelionato; Inserção de dados falsos em sistema de informações ; Uso de documento falso ",2023-12-11,2026-07-15T06:40:19.598000Z,25,G1,Eletrônico,https://eproc.jfrj.jus.br/eproc/externo_controlador.php?acao=processo_consulta_publica
51294754620234025101,5129475-46.2023.4.02.5101,1733,Procedimento Investigatório Criminal (PIC-MP) ,Desobediência ,2023-12-13,2024-07-05T22:52:59.840000Z,3,G1,Eletrônico,https://eproc.jfrj.jus.br/eproc/externo_controlador.php?acao=processo_consulta_publica
51296218720234025101,5129621-87.2023.4.02.5101,307,Habeas Corpus Criminal,Fato Atípico; Habeas Corpus - Preventivo; Violação de domicílio ,2023-12-13,2024-07-05T22:53:25.461000Z,3,G1,Eletrônico,https://eproc.jfrj.jus.br/eproc/externo_controlador.php?acao=processo_consulta_publica
51300331820234025101,5130033-18.2023.4.02.5101,1733,Procedimento Investigatório Criminal (PIC-MP) ,Estelionato Majorado ,2023-12-14,2024-07-05T22:52:30.884000Z,3,G1,Eletrônico,https://eproc.jfrj.jus.br/eproc/externo_controlador.php?acao=processo_consulta_publica
51306507520234025101,5130650-75.2023.4.02.5101,14678,Acordo de Não Persecução Penal,Crimes contra a Ordem Tributária,2023-12-15,2026-09-15T23:33:53.787000Z,21,JE,Eletrônico,https://eproc.jfrj.jus.br/eproc/externo_controlador.php?acao=processo_consulta_publica
51312535120234025101,5131253-51.2023.4.02.5101,1291,Reabilitação,Extinção da Punibilidade; Tráfico de Drogas e Condutas Afins,2023-12-18,2026-06-13T14:32:24.067000Z,21,G1,Eletrônico,https://eproc.jfrj.jus.br/eproc/externo_controlador.php?acao=processo_consulta_publica
51321395020234025101,5132139-50.2023.4.02.5101,283,Ação Penal - Procedimento Ordinário,Crimes contra a Ordem Tributária,2023-12-19,2024-07-05T22:53:33.332000Z,6,G1,Eletrônico,https://eproc.jfrj.jus.br/eproc/externo_controlador.php?acao=processo_consulta_publica
51321949820234025101,5132194-98.2023.4.02.5101,1733,Procedimento Investigatório Criminal (PIC-MP) ,Atos Contrários à Fiscalização e ao Sistema de Aplicação da Lei; Destruição ou Degradação,2023-12-19,2024-09-26T20:50:40.916000Z,6,G1,Eletrônico,https://eproc.jfrj.jus.br/eproc/externo_controlador.php?acao=processo_consulta_publica
50013676220244025101,5001367-62.2024.4.02.5101,1733,Procedimento Investigatório Criminal (PIC-MP) ,Furto Qualificado ,2024-01-08,2024-07-05T20:20:28.676000Z,3,G1,Eletrônico,https://eproc.jfrj.jus.br/eproc/externo_controlador.php?acao=processo_consulta_publica
50001316920244025103,5000131-69.2024.4.02.5103,1733,Procedimento Investigatório Criminal (PIC-MP) ,Outros Atos Contra o Meio Ambiente,2024-01-12,2024-07-06T01:00:11.258000Z,7,G1,Eletrônico,https://eproc.jfrj.jus.br/eproc/externo_controlador.php?acao=processo_consulta_publica
50021046520244025101,5002104-65.2024.4.02.5101,1733,Procedimento Investigatório Criminal (PIC-MP) ,Crimes de Tráfico Ilícito e Uso Indevido de Drogas,2024-01-12,2024-07-05T20:26:34.182000Z,5,G1,Eletrônico,https://eproc.jfrj.jus.br/eproc/externo_controlador.php?acao=processo_consulta_publica
50831204120244025101,5083120-41.2024.4.02.5101,283,Ação Penal - Procedimento Ordinário,"Furto Qualificado ; Promoção, constituição, financiamento ou integração de Organização Criminosa; Uso de documento falso ",2024-01-13,2025-10-14T06:57:09.056000Z,22,G1,Eletrônico,https://eproc.jfrj.jus.br/eproc/externo_controlador.php?acao=processo_consulta_publica
50021696020244025101,5002169-60.2024.4.02.5101,283,Ação Penal - Procedimento Ordinário,"Furto Qualificado ; Promoção, constituição, financiamento ou integração de Organização Criminosa; Uso de documento falso ",2024-01-13,2026-08-20T23:21:33.482000Z,49,G1,Eletrônico,https://eproc.jfrj.jus.br/eproc/externo_controlador.php?acao=processo_consulta_publica
50032582120244025101,5003258-21.2024.4.02.5101,1733,Procedimento Investigatório Criminal (PIC-MP) ,Falsidade ideológica ,2024-01-19,2024-07-05T20:31:35.456000Z,3,G1,Eletrônico,https://eproc.jfrj.jus.br/eproc/externo_controlador.php?acao=processo_consulta_publica
50035475120244025101,5003547-51.2024.4.02.5101,1733,Procedimento Investigatório Criminal (PIC-MP) ,Desobediência ,2024-01-22,2024-07-05T20:26:30.951000Z,3,G1,Eletrônico,https://eproc.jfrj.jus.br/eproc/externo_controlador.php?acao=processo_consulta_publica
50036323720244025101,5003632-37.2024.4.02.5101,1733,Procedimento Investigatório Criminal (PIC-MP) ,Ameaça ,2024-01-22,2024-07-05T21:04:43.305000Z,4,G1,Eletrônico,https://eproc.jfrj.jus.br/eproc/externo_controlador.php?acao=processo_consulta_publica
50042239620244025101,5004223-96.2024.4.02.5101,1733,Procedimento Investigatório Criminal (PIC-MP) ,Controle Externo da atividade policial; Homicídio Simples,2024-01-24,2026-08-20T23:46:49.563000Z,13,G1,Eletrônico,https://eproc.jfrj.jus.br/eproc/externo_controlador.php?acao=processo_consulta_publica
50044898320244025101,5004489-83.2024.4.02.5101,307,Habeas Corpus Criminal,Fato Atípico,2024-01-25,2024-07-05T21:03:49.927000Z,10,G1,Eletrônico,https://eproc.jfrj.jus.br/eproc/externo_controlador.php?acao=processo_consulta_publica
50047980720244025101,5004798-07.2024.4.02.5101,1733,Procedimento Investigatório Criminal (PIC-MP) ,Falsificação de documento público,2024-01-26,2024-07-05T21:05:17.660000Z,3,G1,Eletrônico,https://eproc.jfrj.jus.br/eproc/externo_controlador.php?acao=processo_consulta_publica
50052069520244025101,5005206-95.2024.4.02.5101,1733,Procedimento Investigatório Criminal (PIC-MP) ,Desobediência ,2024-01-29,2024-07-05T21:05:18.265000Z,3,G1,Eletrônico,https://eproc.jfrj.jus.br/eproc/externo_controlador.php?acao=processo_consulta_publica
50058780620244025101,5005878-06.2024.4.02.5101,1733,Procedimento Investigatório Criminal (PIC-MP) ,Contrabando ou descaminho ,2024-01-31,2024-07-05T21:05:38.252000Z,3,G1,Eletrônico,https://eproc.jfrj.jus.br/eproc/externo_controlador.php?acao=processo_consulta_publica
50060816520244025101,5006081-65.2024.4.02.5101,307,Habeas Corpus Criminal,Fato Atípico,2024-02-01,2026-06-13T14:14:43.509000Z,10,G1,Eletrônico,https://eproc.jfrj.jus.br/eproc/externo_controlador.php?acao=processo_consulta_publica
50061076320244025101,5006107-63.2024.4.02.5101,14678,Acordo de Não Persecução Penal,Acordo de Não Persecução Penal; Contrabando ou descaminho ,2024-02-01,2026-06-13T13:56:15.327000Z,15,JE,Eletrônico,https://eproc.jfrj.jus.br/eproc/externo_controlador.php?acao=processo_consulta_publica
50004728020244025108,5000472-80.2024.4.02.5108,279,Inquérito Policial,Fato Atípico,2024-02-01,2025-07-15T19:26:11.607000Z,9,G1,Eletrônico,https://eproc.jfrj.jus.br/eproc/externo_controlador.php?acao=processo_consulta_publica
50063674320244025101,5006367-43.2024.4.02.5101,1733,Procedimento Investigatório Criminal (PIC-MP) ,Injúria,2024-02-02,2024-07-05T21:05:09.805000Z,3,G1,Eletrônico,https://eproc.jfrj.jus.br/eproc/externo_controlador.php?acao=processo_consulta_publica
50063986320244025101,5006398-63.2024.4.02.5101,1733,Procedimento Investigatório Criminal (PIC-MP) ,Falsificação de documento particular ,2024-02-02,2024-07-05T21:04:55.398000Z,3,G1,Eletrônico,https://eproc.jfrj.jus.br/eproc/externo_controlador.php?acao=processo_consulta_publica
50068394420244025101,5006839-44.2024.4.02.5101,1733,Procedimento Investigatório Criminal (PIC-MP) ,Poluição,2024-02-05,2025-06-14T06:20:27.473000Z,7,G1,Eletrônico,https://eproc.jfrj.jus.br/eproc/externo_controlador.php?acao=processo_consulta_publica
50078588520244025101,5007858-85.2024.4.02.5101,307,Habeas Corpus Criminal,Constrangimento ilegal ,2024-02-08,2024-07-05T21:08:21.210000Z,7,G1,Eletrônico,https://eproc.jfrj.jus.br/eproc/externo_controlador.php?acao=processo_consulta_publica
50080484820244025101,5008048-48.2024.4.02.5101,332,Incidente de Falsidade,Suspensão,2024-02-09,2024-07-05T21:08:27.491000Z,10,G1,Eletrônico,https://eproc.jfrj.jus.br/eproc/externo_controlador.php?acao=processo_consulta_publica
50084451020244025101,5008445-10.2024.4.02.5101,1733,Procedimento Investigatório Criminal (PIC-MP) ,Estelionato Majorado ,2024-02-15,2024-07-05T21:08:13.803000Z,3,G1,Eletrônico,https://eproc.jfrj.jus.br/eproc/externo_controlador.php?acao=processo_consulta_publica
50091709620244025101,5009170-96.2024.4.02.5101,1733,Procedimento Investigatório Criminal (PIC-MP) ,Controle Externo da atividade policial; Crimes de Abuso de Autoridade,2024-02-19,2025-06-14T05:41:19.311000Z,6,G1,Eletrônico,https://eproc.jfrj.jus.br/eproc/externo_controlador.php?acao=processo_consulta_publica
50095208420244025101,5009520-84.2024.4.02.5101,1733,Procedimento Investigatório Criminal (PIC-MP) ,Controle Externo da atividade policial; Homicídio Simples,2024-02-20,2026-07-15T06:40:11.594000Z,12,G1,Eletrônico,https://eproc.jfrj.jus.br/eproc/externo_controlador.php?acao=processo_consulta_publica
50095545920244025101,5009554-59.2024.4.02.5101,1733,Procedimento Investigatório Criminal (PIC-MP) ,Estelionato Majorado ,2024-02-20,2024-07-05T21:07:49.161000Z,3,G1,Eletrônico,https://eproc.jfrj.jus.br/eproc/externo_controlador.php?acao=processo_consulta_publica
50095589620244025101,5009558-96.2024.4.02.5101,1733,Procedimento Investigatório Criminal (PIC-MP) ,Furto ,2024-02-20,2024-07-05T21:08:43.517000Z,3,G1,Eletrônico,https://eproc.jfrj.jus.br/eproc/externo_controlador.php?acao=processo_consulta_publica
50101642720244025101,5010164-27.2024.4.02.5101,279,Inquérito Policial,Contrabando ou descaminho ; Receptação,2024-02-22,2025-02-13T20:33:30.176000Z,14,G1,Eletrônico,https://eproc.jfrj.jus.br/eproc/externo_controlador.php?acao=processo_consulta_publica
50123087120244025101,5012308-71.2024.4.02.5101,1733,Procedimento Investigatório Criminal (PIC-MP) ,Contrabando ou descaminho ,2024-03-01,2024-07-05T21:38:14.253000Z,3,G1,Eletrônico,https://eproc.jfrj.jus.br/eproc/externo_controlador.php?acao=processo_consulta_publica
50011119820244025108,5001111-98.2024.4.02.5108,278,Termo Circunstanciado,Crimes contra a Economia Popular,2024-03-05,2024-06-17T03:51:33.060000Z,7,JE,Eletrônico,https://eproc.jfrj.jus.br/eproc/externo_controlador.php?acao=processo_consulta_publica
50134458820244025101,5013445-88.2024.4.02.5101,1733,Procedimento Investigatório Criminal (PIC-MP) ,Outros Atos Contra o Meio Ambiente,2024-03-06,2024-09-26T20:50:21.367000Z,6,G1,Eletrônico,https://eproc.jfrj.jus.br/eproc/externo_controlador.php?acao=processo_consulta_publica
50134735620244025101,5013473-56.2024.4.02.5101,1733,Procedimento Investigatório Criminal (PIC-MP) ,Desobediência ; Prevaricação,2024-03-06,2024-07-05T21:38:27.666000Z,3,G1,Eletrônico,https://eproc.jfrj.jus.br/eproc/externo_controlador.php?acao=processo_consulta_publica
50011578720244025108,5001157-87.2024.4.02.5108,283,Ação Penal - Procedimento Ordinário,Crimes contra o Meio Ambiente e o Patrimônio Genético,2024-03-06,2025-09-13T16:20:42.293000Z,30,G1,Eletrônico,https://eproc.jfrj.jus.br/eproc/externo_controlador.php?acao=processo_consulta_publica
50149796720244025101,5014979-67.2024.4.02.5101,1733,Procedimento Investigatório Criminal (PIC-MP) ,Fato Atípico,2024-03-12,2024-09-26T21:10:51.839000Z,10,G1,Eletrônico,https://eproc.jfrj.jus.br/eproc/externo_controlador.php?acao=processo_consulta_publica
50150125720244025101,5015012-57.2024.4.02.5101,1727,Petição Criminal,Crimes contra o Sistema Financeiro Nacional,2024-03-12,2024-07-05T21:42:29.273000Z,6,G1,Eletrônico,https://eproc.jfrj.jus.br/eproc/externo_controlador.php?acao=processo_consulta_publica
50153356220244025101,5015335-62.2024.4.02.5101,1733,Procedimento Investigatório Criminal (PIC-MP) ,Crimes de Tráfico Ilícito e Uso Indevido de Drogas,2024-03-13,2024-07-05T21:40:24.126000Z,3,G1,Eletrônico,https://eproc.jfrj.jus.br/eproc/externo_controlador.php?acao=processo_consulta_publica
50158396820244025101,5015839-68.2024.4.02.5101,327,Embargos de Terceiro Criminal,"""Lavagem"" ou Ocultação de Bens, Direitos ou Valores Oriundos de Corrupção",2024-03-14,2024-09-26T20:41:30.891000Z,9,G1,Eletrônico,https://eproc.jfrj.jus.br/eproc/externo_controlador.php?acao=processo_consulta_publica
50159107020244025101,5015910-70.2024.4.02.5101,283,Ação Penal - Procedimento Ordinário,Furto Qualificado ,2024-03-15,2026-08-21T00:09:07.951000Z,20,G1,Eletrônico,https://eproc.jfrj.jus.br/eproc/externo_controlador.php?acao=processo_consulta_publica
50014038320244025108,5001403-83.2024.4.02.5108,278,Termo Circunstanciado,Crimes contra a Economia Popular,2024-03-15,2024-06-17T17:18:48.129000Z,7,JE,Eletrônico,https://eproc.jfrj.jus.br/eproc/externo_controlador.php?acao=processo_consulta_publica
50014566420244025108,5001456-64.2024.4.02.5108,279,Inquérito Policial,Corrupção ativa ; Estelionato,2024-03-19,2025-06-14T06:19:54.691000Z,12,G1,Eletrônico,https://eproc.jfrj.jus.br/eproc/externo_controlador.php?acao=processo_consulta_publica
50169517220244025101,5016951-72.2024.4.02.5101,261,Carta Precatória Cível,Dívida Ativa (Execução Fiscal),2024-03-19,2024-07-05T21:39:41.429000Z,6,G1,Eletrônico,https://eproc.jfrj.jus.br/eproc/externo_controlador.php?acao=processo_consulta_publica
50172253620244025101,5017225-36.2024.4.02.5101,1727,Petição Criminal,Contrabando ou descaminho ,2024-03-20,2024-07-05T23:24:36.716000Z,4,G1,Eletrônico,https://eproc.jfrj.jus.br/eproc/externo_controlador.php?acao=processo_consulta_publica
50185391720244025101,5018539-17.2024.4.02.5101,37,Embargos de Terceiro Cível,Propriedade,2024-03-25,2025-11-13T17:52:23.255000Z,13,G1,Eletrônico,https://eproc.jfrj.jus.br/eproc/externo_controlador.php?acao=processo_consulta_publica
50187046420244025101,5018704-64.2024.4.02.5101,1733,Procedimento Investigatório Criminal (PIC-MP) ,Crimes contra o Meio Ambiente e o Patrimônio Genético,2024-03-26,2025-03-13T20:33:22.007000Z,6,G1,Eletrônico,https://eproc.jfrj.jus.br/eproc/externo_controlador.php?acao=processo_consulta_publica
50190285420244025101,5019028-54.2024.4.02.5101,1733,Procedimento Investigatório Criminal (PIC-MP) ,Outras fraudes,2024-03-26,2024-07-05T21:43:09.015000Z,3,G1,Eletrônico,https://eproc.jfrj.jus.br/eproc/externo_controlador.php?acao=processo_consulta_publica
50206671020244025101,5020667-10.2024.4.02.5101,1733,Procedimento Investigatório Criminal (PIC-MP) ,Crimes contra o Meio Ambiente e o Patrimônio Genético,2024-04-02,2024-07-05T21:40:38.872000Z,3,G1,Eletrônico,https://eproc.jfrj.jus.br/eproc/externo_controlador.php?acao=processo_consulta_publica
50211313420244025101,5021131-34.2024.4.02.5101,327,Embargos de Terceiro Criminal,Furto ,2024-04-03,2025-11-13T18:01:35.847000Z,14,G1,Eletrônico,https://eproc.jfrj.jus.br/eproc/externo_controlador.php?acao=processo_consulta_publica
50219281020244025101,5021928-10.2024.4.02.5101,307,Habeas Corpus Criminal,Estelionato,2024-04-05,2024-07-05T22:14:11.137000Z,3,G1,Eletrônico,https://eproc.jfrj.jus.br/eproc/externo_controlador.php?acao=processo_consulta_publica
50219731420244025101,5021973-14.2024.4.02.5101,1717,Alienação de Bens do Acusado,"Crimes de &quot;Lavagem&quot; ou Ocultação de Bens, Direitos ou Valores",2024-04-05,2026-08-20T23:29:56.077000Z,40,G1,Eletrônico,https://eproc.jfrj.jus.br/eproc/externo_controlador.php?acao=processo_consulta_publica
50231077620244025101,5023107-76.2024.4.02.5101,1733,Procedimento Investigatório Criminal (PIC-MP) ,Fato Atípico,2024-04-10,2024-07-05T22:15:44.166000Z,3,G1,Eletrônico,https://eproc.jfrj.jus.br/eproc/externo_controlador.php?acao=processo_consulta_publica
50231259720244025101,5023125-97.2024.4.02.5101,278,Termo Circunstanciado,Ameaça ,2024-04-10,2026-06-13T14:00:58.131000Z,11,JE,Eletrônico,https://eproc.jfrj.jus.br/eproc/externo_controlador.php?acao=processo_consulta_publica
50232099820244025101,5023209-98.2024.4.02.5101,327,Embargos de Terceiro Criminal,"""Lavagem"" ou Ocultação de Bens, Direitos ou Valores Oriundos de Corrupção",2024-04-10,2026-06-13T13:54:46.726000Z,19,G1,Eletrônico,https://eproc.jfrj.jus.br/eproc/externo_controlador.php?acao=processo_consulta_publica
50238066720244025101,5023806-67.2024.4.02.5101,313,Pedido de Prisão Preventiva,"Estelionato Majorado ; Falsificação de documento público; Promoção, constituição, financiamento ou integração de Organização Criminosa; Uso de documento falso ",2024-04-12,2025-08-16T02:44:34.672000Z,34,G1,Eletrônico,https://eproc.jfrj.jus.br/eproc/externo_controlador.php?acao=processo_consulta_publica
50242232020244025101,5024223-20.2024.4.02.5101,1733,Procedimento Investigatório Criminal (PIC-MP) ,Furto Qualificado ,2024-04-15,2024-09-26T21:00:20.252000Z,3,G1,Eletrônico,https://eproc.jfrj.jus.br/eproc/externo_controlador.php?acao=processo_consulta_publica
50244293420244025101,5024429-34.2024.4.02.5101,14678,Acordo de Não Persecução Penal,Crimes contra as Telecomunicações,2024-04-16,2025-10-14T12:09:58.948000Z,16,G1,Eletrônico,https://eproc.jfrj.jus.br/eproc/externo_controlador.php?acao=processo_consulta_publica
50247480220244025101,5024748-02.2024.4.02.5101,1733,Procedimento Investigatório Criminal (PIC-MP) ,Fraude processual,2024-04-17,2024-07-05T21:44:19.732000Z,3,G1,Eletrônico,https://eproc.jfrj.jus.br/eproc/externo_controlador.php?acao=processo_consulta_publica
50248147920244025101,5024814-79.2024.4.02.5101,326,Restituição de Coisas Apreendidas,Corrupção passiva ,2024-04-17,2025-04-14T14:32:17.836000Z,15,G1,Eletrônico,https://eproc.jfrj.jus.br/eproc/externo_controlador.php?acao=processo_consulta_publica
50248433220244025101,5024843-32.2024.4.02.5101,1733,Procedimento Investigatório Criminal (PIC-MP) ,Crimes contra o Meio Ambiente e o Patrimônio Genético,2024-04-17,2024-09-26T20:53:15.114000Z,7,G1,Eletrônico,https://eproc.jfrj.jus.br/eproc/externo_controlador.php?acao=processo_consulta_publica
50248728220244025101,5024872-82.2024.4.02.5101,1733,Procedimento Investigatório Criminal (PIC-MP) ,Desobediência ,2024-04-17,2024-07-05T21:42:31.007000Z,3,G1,Eletrônico,https://eproc.jfrj.jus.br/eproc/externo_controlador.php?acao=processo_consulta_publica
50253750620244025101,5025375-06.2024.4.02.5101,1733,Procedimento Investigatório Criminal (PIC-MP) ,Falso testemunho ou falsa perícia ,2024-04-18,2024-07-05T21:42:32.501000Z,3,G1,Eletrônico,https://eproc.jfrj.jus.br/eproc/externo_controlador.php?acao=processo_consulta_publica
50257579620244025101,5025757-96.2024.4.02.5101,326,Restituição de Coisas Apreendidas,Corrupção passiva ,2024-04-20,2025-08-16T02:41:42.277000Z,13,G1,Eletrônico,https://eproc.jfrj.jus.br/eproc/externo_controlador.php?acao=processo_consulta_publica
50276598420244025101,5027659-84.2024.4.02.5101,283,Ação Penal - Procedimento Ordinário,Crimes de Tráfico Ilícito e Uso Indevido de Drogas,2024-04-29,2025-09-13T16:10:43.460000Z,25,G1,Eletrônico,https://eproc.jfrj.jus.br/eproc/externo_controlador.php?acao=processo_consulta_publica
50276615420244025101,5027661-54.2024.4.02.5101,283,Ação Penal - Procedimento Ordinário,Desacato ,2024-04-29,2025-06-14T05:43:52.785000Z,15,G1,Eletrônico,https://eproc.jfrj.jus.br/eproc/externo_controlador.php?acao=processo_consulta_publica
50286635920244025101,5028663-59.2024.4.02.5101,1733,Procedimento Investigatório Criminal (PIC-MP) ,Crimes de Tráfico Ilícito e Uso Indevido de Drogas,2024-05-02,2024-09-26T21:04:44.568000Z,3,G1,Eletrônico,https://eproc.jfrj.jus.br/eproc/externo_controlador.php?acao=processo_consulta_publica
50289459720244025101,5028945-97.2024.4.02.5101,280,Auto de Prisão em Flagrante,Contrabando ou descaminho ,2024-05-03,2024-07-05T22:12:52.583000Z,4,G1,Eletrônico,https://eproc.jfrj.jus.br/eproc/externo_controlador.php?acao=processo_consulta_publica
50289701320244025101,5028970-13.2024.4.02.5101,1733,Procedimento Investigatório Criminal (PIC-MP) ,Estelionato Majorado ,2024-05-03,2024-09-26T20:40:46.121000Z,3,G1,Eletrônico,https://eproc.jfrj.jus.br/eproc/externo_controlador.php?acao=processo_consulta_publica
50291182420244025101,5029118-24.2024.4.02.5101,1733,Procedimento Investigatório Criminal (PIC-MP) ,Desacato ,2024-05-03,2024-07-05T22:14:01.096000Z,3,G1,Eletrônico,https://eproc.jfrj.jus.br/eproc/externo_controlador.php?acao=processo_consulta_publica
50293149120244025101,5029314-91.2024.4.02.5101,1733,Procedimento Investigatório Criminal (PIC-MP) ,Contrabando ou descaminho ,2024-05-06,2024-09-26T20:53:51.243000Z,3,G1,Eletrônico,https://eproc.jfrj.jus.br/eproc/externo_controlador.php?acao=processo_consulta_publica
50294802620244025101,5029480-26.2024.4.02.5101,309,Pedido de Busca e Apreensão Criminal,Corrupção passiva ; Peculato,2024-05-06,2026-09-15T22:54:09.056000Z,26,G1,Eletrônico,https://eproc.jfrj.jus.br/eproc/externo_controlador.php?acao=processo_consulta_publica
50295244520244025101,5029524-45.2024.4.02.5101,313,Pedido de Prisão Preventiva,Corrupção passiva ; Peculato,2024-05-06,2025-06-14T06:08:48.276000Z,27,G1,Eletrônico,https://eproc.jfrj.jus.br/eproc/externo_controlador.php?acao=processo_consulta_publica
50295764120244025101,5029576-41.2024.4.02.5101,1733,Procedimento Investigatório Criminal (PIC-MP) ,Contrabando ou descaminho ,2024-05-06,2024-09-26T21:03:59.423000Z,3,G1,Eletrônico,https://eproc.jfrj.jus.br/eproc/externo_controlador.php?acao=processo_consulta_publica
50300025320244025101,5030002-53.2024.4.02.5101,14678,Acordo de Não Persecução Penal,Peculato,2024-05-08,2026-08-21T00:08:15.741000Z,12,G1,Eletrônico,https://eproc.jfrj.jus.br/eproc/externo_controlador.php?acao=processo_consulta_publica
50305317220244025101,5030531-72.2024.4.02.5101,1727,Petição Criminal,"""Lavagem"" ou Ocultação de Bens, Direitos ou Valores Oriundos de Corrupção",2024-05-09,2024-09-26T21:04:47.064000Z,7,G1,Eletrônico,https://eproc.jfrj.jus.br/eproc/externo_controlador.php?acao=processo_consulta_publica
50307854520244025101,5030785-45.2024.4.02.5101,283,Ação Penal - Procedimento Ordinário,Crimes contra a Ordem Tributária,2024-05-10,2026-09-15T22:53:43.898000Z,32,G1,Eletrônico,https://eproc.jfrj.jus.br/eproc/externo_controlador.php?acao=processo_consulta_publica
50309092820244025101,5030909-28.2024.4.02.5101,283,Ação Penal - Procedimento Ordinário,Uso de documento falso ,2024-05-10,2026-06-13T14:08:52.709000Z,19,G1,Eletrônico,https://eproc.jfrj.jus.br/eproc/externo_controlador.php?acao=processo_consulta_publica
50313094220244025101,5031309-42.2024.4.02.5101,10944,Ação Penal - Procedimento Sumaríssimo,Ameaça ,2024-05-13,2025-01-13T18:44:26.865000Z,22,JE,Eletrônico,https://eproc.jfrj.jus.br/eproc/externo_controlador.php?acao=processo_consulta_publica
50319113320244025101,5031911-33.2024.4.02.5101,1733,Procedimento Investigatório Criminal (PIC-MP) ,Contrabando ou descaminho ,2024-05-15,2024-09-26T21:04:00.314000Z,6,G1,Eletrônico,https://eproc.jfrj.jus.br/eproc/externo_controlador.php?acao=processo_consulta_publica
50330225220244025101,5033022-52.2024.4.02.5101,1733,Procedimento Investigatório Criminal (PIC-MP) ,Fato Atípico,2024-05-17,2024-09-26T21:00:17.741000Z,3,G1,Eletrônico,https://eproc.jfrj.jus.br/eproc/externo_controlador.php?acao=processo_consulta_publica
50331593420244025101,5033159-34.2024.4.02.5101,1733,Procedimento Investigatório Criminal (PIC-MP) ,"Crimes de &quot;Lavagem&quot; ou Ocultação de Bens, Direitos ou Valores",2024-05-19,2024-09-26T21:00:19.156000Z,9,G1,Eletrônico,https://eproc.jfrj.jus.br/eproc/externo_controlador.php?acao=processo_consulta_publica
50339449320244025101,5033944-93.2024.4.02.5101,278,Termo Circunstanciado,Crimes de Tráfico Ilícito e Uso Indevido de Drogas,2024-05-21,2025-06-14T08:19:47.800000Z,13,JE,Eletrônico,https://eproc.jfrj.jus.br/eproc/externo_controlador.php?acao=processo_consulta_publica
50344879620244025101,5034487-96.2024.4.02.5101,426,Recurso em Sentido Estrito,Crimes contra o Sistema Financeiro Nacional,2024-05-23,2026-06-13T14:16:04.986000Z,7,G1,Eletrônico,https://eproc.jfrj.jus.br/eproc/externo_controlador.php?acao=processo_consulta_publica
50345875120244025101,5034587-51.2024.4.02.5101,283,Ação Penal - Procedimento Ordinário,Tráfico de Drogas e Condutas Afins,2024-05-23,2024-09-26T21:10:49.113000Z,17,G1,Eletrônico,https://eproc.jfrj.jus.br/eproc/externo_controlador.php?acao=processo_consulta_publica
50349910520244025101,5034991-05.2024.4.02.5101,1727,Petição Criminal,"Crimes de &quot;Lavagem&quot; ou Ocultação de Bens, Direitos ou Valores",2024-05-24,2025-03-13T20:23:03.965000Z,9,G1,Eletrônico,https://eproc.jfrj.jus.br/eproc/externo_controlador.php?acao=processo_consulta_publica
50350136320244025101,5035013-63.2024.4.02.5101,283,Ação Penal - Procedimento Ordinário,Tráfico de Drogas e Condutas Afins,2024-05-24,2025-12-13T15:17:24.277000Z,18,G1,Eletrônico,https://eproc.jfrj.jus.br/eproc/externo_controlador.php?acao=processo_consulta_publica
50352526720244025101,5035252-67.2024.4.02.5101,283,Ação Penal - Procedimento Ordinário,Crimes ocorridos na investigação da prova,2024-05-27,2026-08-20T23:48:22.531000Z,30,G1,Eletrônico,https://eproc.jfrj.jus.br/eproc/externo_controlador.php?acao=processo_consulta_publica
50352604420244025101,5035260-44.2024.4.02.5101,1733,Procedimento Investigatório Criminal (PIC-MP) ,Crimes de Tráfico Ilícito e Uso Indevido de Drogas,2024-05-27,2024-09-26T20:53:45.482000Z,3,G1,Eletrônico,https://eproc.jfrj.jus.br/eproc/externo_controlador.php?acao=processo_consulta_publica
50354873420244025101,5035487-34.2024.4.02.5101,1733,Procedimento Investigatório Criminal (PIC-MP) ,Fato Atípico,2024-05-28,2024-09-26T20:50:41.898000Z,3,G1,Eletrônico,https://eproc.jfrj.jus.br/eproc/externo_controlador.php?acao=processo_consulta_publica
50357211620244025101,5035721-16.2024.4.02.5101,283,Ação Penal - Procedimento Ordinário,Crimes contra a Ordem Tributária,2024-05-28,2026-09-15T22:54:11.754000Z,47,G1,Eletrônico,https://eproc.jfrj.jus.br/eproc/externo_controlador.php?acao=processo_consulta_publica
50359186820244025101,5035918-68.2024.4.02.5101,1733,Procedimento Investigatório Criminal (PIC-MP) ,Crimes contra o Meio Ambiente e o Patrimônio Genético,2024-05-29,2024-09-26T20:54:43.454000Z,3,G1,Eletrônico,https://eproc.jfrj.jus.br/eproc/externo_controlador.php?acao=processo_consulta_publica
50364227420244025101,5036422-74.2024.4.02.5101,326,Restituição de Coisas Apreendidas,Corrupção passiva ,2024-05-31,2024-09-26T20:41:13.629000Z,7,G1,Eletrônico,https://eproc.jfrj.jus.br/eproc/externo_controlador.php?acao=processo_consulta_publica
50374646120244025101,5037464-61.2024.4.02.5101,1733,Procedimento Investigatório Criminal (PIC-MP) ,"Impedimento, perturbação ou fraude de concorrência",2024-06-03,2024-09-26T20:53:36.082000Z,3,G1,Eletrônico,https://eproc.jfrj.jus.br/eproc/externo_controlador.php?acao=processo_consulta_publica
50375347820244025101,5037534-78.2024.4.02.5101,1733,Procedimento Investigatório Criminal (PIC-MP) ,"Crimes contra a Ordem Tributária; Crimes contra o Sistema Financeiro Nacional; Crimes de &quot;Lavagem&quot; ou Ocultação de Bens, Direitos ou Valores",2024-06-03,2024-09-26T21:11:37.341000Z,3,G1,Eletrônico,https://eproc.jfrj.jus.br/eproc/externo_controlador.php?acao=processo_consulta_publica
50376309320244025101,5037630-93.2024.4.02.5101,293,Crimes Ambientais,Crimes contra o Meio Ambiente e o Patrimônio Genético,2024-06-04,2026-08-20T23:45:54.737000Z,20,JE,Eletrônico,https://eproc.jfrj.jus.br/eproc/externo_controlador.php?acao=processo_consulta_publica
50377296320244025101,5037729-63.2024.4.02.5101,1733,Procedimento Investigatório Criminal (PIC-MP) ,Estelionato,2024-06-04,2024-09-26T20:52:29.026000Z,3,G1,Eletrônico,https://eproc.jfrj.jus.br/eproc/externo_controlador.php?acao=processo_consulta_publica
50381808820244025101,5038180-88.2024.4.02.5101,1733,Procedimento Investigatório Criminal (PIC-MP) ,Tráfico de Drogas e Condutas Afins,2024-06-05,2024-09-26T20:50:17.367000Z,3,G1,Eletrônico,https://eproc.jfrj.jus.br/eproc/externo_controlador.php?acao=processo_consulta_publica
50381920520244025101,5038192-05.2024.4.02.5101,1733,Procedimento Investigatório Criminal (PIC-MP) ,Atos de Terrorismo,2024-06-05,2024-09-26T20:41:10.406000Z,3,G1,Eletrônico,https://eproc.jfrj.jus.br/eproc/externo_controlador.php?acao=processo_consulta_publica
50382613720244025101,5038261-37.2024.4.02.5101,1733,Procedimento Investigatório Criminal (PIC-MP) ,Crimes contra a Ordem Tributária,2024-06-05,2024-09-26T20:50:06.751000Z,3,G1,Eletrônico,https://eproc.jfrj.jus.br/eproc/externo_controlador.php?acao=processo_consulta_publica
50384553720244025101,5038455-37.2024.4.02.5101,426,Recurso em Sentido Estrito,Crimes contra o Sistema Financeiro Nacional,2024-06-06,2025-06-14T05:51:36.252000Z,7,G1,Eletrônico,https://eproc.jfrj.jus.br/eproc/externo_controlador.php?acao=processo_consulta_publica
50384848720244025101,5038484-87.2024.4.02.5101,280,Auto de Prisão em Flagrante,Receptação,2024-06-06,2025-04-14T14:27:12.129000Z,7,G1,Eletrônico,https://eproc.jfrj.jus.br/eproc/externo_controlador.php?acao=processo_consulta_publica
50392963220244025101,5039296-32.2024.4.02.5101,1733,Procedimento Investigatório Criminal (PIC-MP) ,Moeda Falsa / Assimilados,2024-06-10,2025-02-13T20:41:01.435000Z,9,G1,Eletrônico,https://eproc.jfrj.jus.br/eproc/externo_controlador.php?acao=processo_consulta_publica
50393214520244025101,5039321-45.2024.4.02.5101,283,Ação Penal - Procedimento Ordinário,Tráfico de Drogas e Condutas Afins,2024-06-10,2026-06-13T14:32:32.089000Z,22,G1,Eletrônico,https://eproc.jfrj.jus.br/eproc/externo_controlador.php?acao=processo_consulta_publica
50393266720244025101,5039326-67.2024.4.02.5101,1733,Procedimento Investigatório Criminal (PIC-MP) ,Falsificação de documento público,2024-06-10,2024-09-26T21:01:16.508000Z,3,G1,Eletrônico,https://eproc.jfrj.jus.br/eproc/externo_controlador.php?acao=processo_consulta_publica
50396210720244025101,5039621-07.2024.4.02.5101,355,Carta Precatória Criminal,Suspensão,2024-06-11,2026-06-13T14:13:46.462000Z,12,G1,Eletrônico,https://eproc.jfrj.jus.br/eproc/externo_controlador.php?acao=processo_consulta_publica
50404066620244025101,5040406-66.2024.4.02.5101,1291,Reabilitação,Crimes de Tráfico Ilícito e Uso Indevido de Drogas,2024-06-13,2025-01-13T18:41:59.850000Z,13,G1,Eletrônico,https://eproc.jfrj.jus.br/eproc/externo_controlador.php?acao=processo_consulta_publica
50406639120244025101,5040663-91.2024.4.02.5101,1733,Procedimento Investigatório Criminal (PIC-MP) ,Crimes de Tráfico Ilícito e Uso Indevido de Drogas,2024-06-14,2024-09-26T20:41:24.565000Z,3,G1,Eletrônico,https://eproc.jfrj.jus.br/eproc/externo_controlador.php?acao=processo_consulta_publica
50409635320244025101,5040963-53.2024.4.02.5101,283,Ação Penal - Procedimento Ordinário,Uso de documento falso ,2024-06-17,2025-06-14T05:48:03.386000Z,18,G1,Eletrônico,https://eproc.jfrj.jus.br/eproc/externo_controlador.php?acao=processo_consulta_publica
50414866520244025101,5041486-65.2024.4.02.5101,1727,Petição Criminal,Crimes Previstos na Legislação Extravagante; Indisponibilidade / Seqüestro de Bens,2024-06-18,2026-08-20T23:32:04.317000Z,22,G1,Eletrônico,https://eproc.jfrj.jus.br/eproc/externo_controlador.php?acao=processo_consulta_publica
50416494520244025101,5041649-45.2024.4.02.5101,1733,Procedimento Investigatório Criminal (PIC-MP) ,Crimes de Tráfico Ilícito e Uso Indevido de Drogas,2024-06-19,2024-09-26T20:52:15.397000Z,3,G1,Eletrônico,https://eproc.jfrj.jus.br/eproc/externo_controlador.php?acao=processo_consulta_publica
50417049320244025101,5041704-93.2024.4.02.5101,283,Ação Penal - Procedimento Ordinário,Furto Qualificado ,2024-06-19,2026-06-13T14:09:46.588000Z,18,G1,Eletrônico,https://eproc.jfrj.jus.br/eproc/externo_controlador.php?acao=processo_consulta_publica
50418910420244025101,5041891-04.2024.4.02.5101,1733,Procedimento Investigatório Criminal (PIC-MP) ,Estelionato; Fraude à execução ,2024-06-19,2024-09-26T21:12:09.395000Z,3,G1,Eletrônico,https://eproc.jfrj.jus.br/eproc/externo_controlador.php?acao=processo_consulta_publica
50419222420244025101,5041922-24.2024.4.02.5101,280,Auto de Prisão em Flagrante,Receptação,2024-06-19,2024-09-26T21:01:05.243000Z,6,G1,Eletrônico,https://eproc.jfrj.jus.br/eproc/externo_controlador.php?acao=processo_consulta_publica
50419421520244025101,5041942-15.2024.4.02.5101,279,Inquérito Policial,Crimes contra a Ordem Tributária,2024-06-19,2024-09-26T21:03:38.199000Z,5,G1,Eletrônico,https://eproc.jfrj.jus.br/eproc/externo_controlador.php?acao=processo_consulta_publica
50421648020244025101,5042164-80.2024.4.02.5101,1733,Procedimento Investigatório Criminal (PIC-MP) ,Quadrilha ou Bando,2024-06-20,2024-09-26T21:12:33.060000Z,3,G1,Eletrônico,https://eproc.jfrj.jus.br/eproc/externo_controlador.php?acao=processo_consulta_publica
50421751220244025101,5042175-12.2024.4.02.5101,283,Ação Penal - Procedimento Ordinário,Falsa identidade ; Falsidade ideológica ; Uso de documento falso ,2024-06-20,2026-06-13T14:11:39.124000Z,11,G1,Eletrônico,https://eproc.jfrj.jus.br/eproc/externo_controlador.php?acao=processo_consulta_publica
50423362220244025101,5042336-22.2024.4.02.5101,279,Inquérito Policial,Estelionato; Uso de documento falso ,2024-06-20,2024-10-18T10:06:56.933000Z,6,G1,Eletrônico,https://eproc.jfrj.jus.br/eproc/externo_controlador.php?acao=processo_consulta_publica
50424531320244025101,5042453-13.2024.4.02.5101,1733,Procedimento Investigatório Criminal (PIC-MP) ,Crimes contra o Meio Ambiente e o Patrimônio Genético,2024-06-21,2024-09-26T20:54:00.410000Z,3,G1,Eletrônico,https://eproc.jfrj.jus.br/eproc/externo_controlador.php?acao=processo_consulta_publica
50424782620244025101,5042478-26.2024.4.02.5101,1733,Procedimento Investigatório Criminal (PIC-MP) ,Crimes de Tráfico Ilícito e Uso Indevido de Drogas,2024-06-21,2024-09-26T20:43:14.636000Z,3,G1,Eletrônico,https://eproc.jfrj.jus.br/eproc/externo_controlador.php?acao=processo_consulta_publica
50429607120244025101,5042960-71.2024.4.02.5101,1733,Procedimento Investigatório Criminal (PIC-MP) ,Moeda Falsa / Assimilados,2024-06-24,2024-09-26T20:41:03.784000Z,7,G1,Eletrônico,https://eproc.jfrj.jus.br/eproc/externo_controlador.php?acao=processo_consulta_publica
50431434220244025101,5043143-42.2024.4.02.5101,1733,Procedimento Investigatório Criminal (PIC-MP) ,Fato Atípico,2024-06-24,2024-09-26T20:50:43.191000Z,3,G1,Eletrônico,https://eproc.jfrj.jus.br/eproc/externo_controlador.php?acao=processo_consulta_publica
50432525620244025101,5043252-56.2024.4.02.5101,327,Embargos de Terceiro Criminal,Suspensão,2024-06-25,2024-09-26T21:10:55.104000Z,4,G1,Eletrônico,https://eproc.jfrj.jus.br/eproc/externo_controlador.php?acao=processo_consulta_publica
50436500320244025101,5043650-03.2024.4.02.5101,1733,Procedimento Investigatório Criminal (PIC-MP) ,Ameaça ,2024-06-26,2024-09-26T21:11:48.944000Z,3,G1,Eletrônico,https://eproc.jfrj.jus.br/eproc/externo_controlador.php?acao=processo_consulta_publica
50436656920244025101,5043665-69.2024.4.02.5101,1727,Petição Criminal,Corrupção passiva ,2024-06-26,2026-08-20T23:47:05.415000Z,15,G1,Eletrônico,https://eproc.jfrj.jus.br/eproc/externo_controlador.php?acao=processo_consulta_publica
50444251820244025101,5044425-18.2024.4.02.5101,1733,Procedimento Investigatório Criminal (PIC-MP) ,Desobediência ; Prevaricação,2024-06-28,2024-09-26T20:51:23.266000Z,3,G1,Eletrônico,https://eproc.jfrj.jus.br/eproc/externo_controlador.php?acao=processo_consulta_publica
50446348420244025101,5044634-84.2024.4.02.5101,1733,Procedimento Investigatório Criminal (PIC-MP) ,Tráfico de Drogas e Condutas Afins,2024-06-28,2024-09-26T21:01:42.622000Z,3,G1,Eletrônico,https://eproc.jfrj.jus.br/eproc/externo_controlador.php?acao=processo_consulta_publica
50453744220244025101,5045374-42.2024.4.02.5101,326,Restituição de Coisas Apreendidas,Corrupção passiva ,2024-07-02,2024-09-26T21:12:08.274000Z,7,G1,Eletrônico,https://eproc.jfrj.jus.br/eproc/externo_controlador.php?acao=processo_consulta_publica
50460716320244025101,5046071-63.2024.4.02.5101,279,Inquérito Policial,Contrabando ou descaminho ; Crimes contra as Relações de Consumo,2024-07-04,2026-07-15T06:47:07.740000Z,17,G1,Eletrônico,https://eproc.jfrj.jus.br/eproc/externo_controlador.php?acao=processo_consulta_publica
50461747020244025101,5046174-70.2024.4.02.5101,326,Restituição de Coisas Apreendidas,Estelionato Majorado ,2024-07-04,2024-10-18T10:04:25.096000Z,5,G1,Eletrônico,https://eproc.jfrj.jus.br/eproc/externo_controlador.php?acao=processo_consulta_publica
50463695520244025101,5046369-55.2024.4.02.5101,279,Inquérito Policial,Estelionato; Uso de documento falso ,2024-07-05,2024-09-26T20:50:23.401000Z,7,G1,Eletrônico,https://eproc.jfrj.jus.br/eproc/externo_controlador.php?acao=processo_consulta_publica
50466631020244025101,5046663-10.2024.4.02.5101,326,Restituição de Coisas Apreendidas,"Furto Qualificado ; Promoção, constituição, financiamento ou integração de Organização Criminosa; Uso de documento falso ",2024-07-07,2026-06-13T14:14:41.950000Z,17,G1,Eletrônico,https://eproc.jfrj.jus.br/eproc/externo_controlador.php?acao=processo_consulta_publica
50469108820244025101,5046910-88.2024.4.02.5101,326,Restituição de Coisas Apreendidas,"""Lavagem"" ou Ocultação de Bens, Direitos ou Valores Oriundos de Corrupção; Busca e Apreensão de Bens; Corrupção ativa ",2024-07-08,2024-09-26T20:43:27.534000Z,8,G1,Eletrônico,https://eproc.jfrj.jus.br/eproc/externo_controlador.php?acao=processo_consulta_publica
50487053220244025101,5048705-32.2024.4.02.5101,1733,Procedimento Investigatório Criminal (PIC-MP) ,Estelionato,2024-07-15,2024-09-26T21:11:18.961000Z,3,G1,Eletrônico,https://eproc.jfrj.jus.br/eproc/externo_controlador.php?acao=processo_consulta_publica
50487174620244025101,5048717-46.2024.4.02.5101,426,Recurso em Sentido Estrito,"Crimes de &quot;Lavagem&quot; ou Ocultação de Bens, Direitos ou Valores; Promoção, constituição, financiamento ou integração de Organização Criminosa",2024-07-15,2024-10-18T11:26:03.693000Z,4,G1,Eletrônico,https://eproc.jfrj.jus.br/eproc/externo_controlador.php?acao=processo_consulta_publica
50492483520244025101,5049248-35.2024.4.02.5101,1733,Procedimento Investigatório Criminal (PIC-MP) ,Ameaça ,2024-07-16,2024-09-26T21:12:27.757000Z,6,G1,Eletrônico,https://eproc.jfrj.jus.br/eproc/externo_controlador.php?acao=processo_consulta_publica
50501412620244025101,5050141-26.2024.4.02.5101,426,Recurso em Sentido Estrito,"Crimes de &quot;Lavagem&quot; ou Ocultação de Bens, Direitos ou Valores",2024-07-18,2026-06-13T14:08:34.423000Z,6,G1,Eletrônico,https://eproc.jfrj.jus.br/eproc/externo_controlador.php?acao=processo_consulta_publica
50509805120244025101,5050980-51.2024.4.02.5101,426,Recurso em Sentido Estrito,Suspensão,2024-07-22,2025-03-13T20:23:25.269000Z,7,G1,Eletrônico,https://eproc.jfrj.jus.br/eproc/externo_controlador.php?acao=processo_consulta_publica
50903434520244025101,5090343-45.2024.4.02.5101,283,Ação Penal - Procedimento Ordinário,"""Lavagem"" ou Ocultação de Bens, Direitos ou Valores Oriundos de Corrupção; Corrupção ativa ; Corrupção passiva ; Crimes da Lei de licitações; Peculato",2024-07-26,2026-08-20T23:23:37.603000Z,24,G1,Eletrônico,https://eproc.jfrj.jus.br/eproc/externo_controlador.php?acao=processo_consulta_publica
50529854620244025101,5052985-46.2024.4.02.5101,283,Ação Penal - Procedimento Ordinário,"""Lavagem"" ou Ocultação de Bens, Direitos ou Valores Oriundos de Corrupção; Corrupção ativa ; Corrupção passiva ; Crimes da Lei de licitações; Peculato",2024-07-26,2026-08-20T23:30:45.004000Z,68,G1,Eletrônico,https://eproc.jfrj.jus.br/eproc/externo_controlador.php?acao=processo_consulta_publica
50364463420264025101,5036446-34.2026.4.02.5101,283,Ação Penal - Procedimento Ordinário,"""Lavagem"" ou Ocultação de Bens, Direitos ou Valores Oriundos de Corrupção; Corrupção ativa ; Corrupção passiva ; Crimes da Lei de licitações; Peculato",2024-07-26,2026-08-20T23:47:43.685000Z,6,G1,Eletrônico,https://eproc.jfrj.jus.br/eproc/externo_controlador.php?acao=processo_consulta_publica
50541278520244025101,5054127-85.2024.4.02.5101,426,Recurso em Sentido Estrito,Suspensão,2024-07-29,2024-10-18T10:08:58.698000Z,4,G1,Eletrônico,https://eproc.jfrj.jus.br/eproc/externo_controlador.php?acao=processo_consulta_publica
50545842020244025101,5054584-20.2024.4.02.5101,426,Recurso em Sentido Estrito,Suspensão,2024-07-30,2024-09-26T20:51:10.452000Z,4,G1,Eletrônico,https://eproc.jfrj.jus.br/eproc/externo_controlador.php?acao=processo_consulta_publica
50549774220244025101,5054977-42.2024.4.02.5101,326,Restituição de Coisas Apreendidas,Destinação de Bens e Mercadorias/Coisas Apreendidas; Facilitação de contrabando ou descaminho ,2024-07-30,2024-11-13T21:22:33.503000Z,8,G1,Eletrônico,https://eproc.jfrj.jus.br/eproc/externo_controlador.php?acao=processo_consulta_publica
50555810320244025101,5055581-03.2024.4.02.5101,426,Recurso em Sentido Estrito,"Crimes de &quot;Lavagem&quot; ou Ocultação de Bens, Direitos ou Valores",2024-07-31,2026-08-20T23:27:21.310000Z,9,G1,Eletrônico,https://eproc.jfrj.jus.br/eproc/externo_controlador.php?acao=processo_consulta_publica
50558062320244025101,5055806-23.2024.4.02.5101,426,Recurso em Sentido Estrito,"""Lavagem"" ou Ocultação de Bens, Direitos ou Valores Oriundos de Corrupção",2024-07-31,2024-09-26T20:50:46.776000Z,3,G1,Eletrônico,https://eproc.jfrj.jus.br/eproc/externo_controlador.php?acao=processo_consulta_publica
50558747020244025101,5055874-70.2024.4.02.5101,1733,Procedimento Investigatório Criminal (PIC-MP) ,Estelionato Majorado ,2024-07-31,2024-10-18T11:33:57.347000Z,3,G1,Eletrônico,https://eproc.jfrj.jus.br/eproc/externo_controlador.php?acao=processo_consulta_publica
50558799220244025101,5055879-92.2024.4.02.5101,279,Inquérito Policial,Raça,2024-07-31,2025-08-16T02:39:51.618000Z,5,G1,Eletrônico,https://eproc.jfrj.jus.br/eproc/externo_controlador.php?acao=processo_consulta_publica
50566090620244025101,5056609-06.2024.4.02.5101,279,Inquérito Policial,Crimes Resultante de Preconceito de Raça ou de Cor,2024-08-01,2024-11-13T21:41:29.072000Z,4,G1,Eletrônico,https://eproc.jfrj.jus.br/eproc/externo_controlador.php?acao=processo_consulta_publica
50578103320244025101,5057810-33.2024.4.02.5101,326,Restituição de Coisas Apreendidas,Destinação de Bens e Mercadorias/Coisas Apreendidas; Suspensão,2024-08-05,2024-10-18T11:35:47.725000Z,4,G1,Eletrônico,https://eproc.jfrj.jus.br/eproc/externo_controlador.php?acao=processo_consulta_publica
50578727320244025101,5057872-73.2024.4.02.5101,426,Recurso em Sentido Estrito,"Crimes de &quot;Lavagem&quot; ou Ocultação de Bens, Direitos ou Valores",2024-08-05,2024-10-18T11:27:03.072000Z,4,G1,Eletrônico,https://eproc.jfrj.jus.br/eproc/externo_controlador.php?acao=processo_consulta_publica
50585092420244025101,5058509-24.2024.4.02.5101,1727,Petição Criminal,Corrupção passiva ,2024-08-06,2026-06-13T14:31:51.796000Z,6,G1,Eletrônico,https://eproc.jfrj.jus.br/eproc/externo_controlador.php?acao=processo_consulta_publica
50588548720244025101,5058854-87.2024.4.02.5101,1733,Procedimento Investigatório Criminal (PIC-MP) ,Contrabando ou descaminho ,2024-08-07,2024-10-18T10:08:58.264000Z,3,G1,Eletrônico,https://eproc.jfrj.jus.br/eproc/externo_controlador.php?acao=processo_consulta_publica
50599711620244025101,5059971-16.2024.4.02.5101,1733,Procedimento Investigatório Criminal (PIC-MP) ,Tráfico de Drogas e Condutas Afins,2024-08-12,2024-10-18T11:29:46.701000Z,3,G1,Eletrônico,https://eproc.jfrj.jus.br/eproc/externo_controlador.php?acao=processo_consulta_publica
50604890620244025101,5060489-06.2024.4.02.5101,1733,Procedimento Investigatório Criminal (PIC-MP) ,Crimes Resultante de Preconceito de Raça ou de Cor,2024-08-13,2024-09-26T21:01:56.833000Z,3,G1,Eletrônico,https://eproc.jfrj.jus.br/eproc/externo_controlador.php?acao=processo_consulta_publica
50615552120244025101,5061555-21.2024.4.02.5101,283,Ação Penal - Procedimento Ordinário,Moeda Falsa / Assimilados,2024-08-15,2025-12-13T15:26:54.710000Z,16,G1,Eletrônico,https://eproc.jfrj.jus.br/eproc/externo_controlador.php?acao=processo_consulta_publica
50619103120244025101,5061910-31.2024.4.02.5101,1727,Petição Criminal,"""Lavagem"" ou Ocultação de Bens, Direitos ou Valores Oriundos de Corrupção",2024-08-16,2026-06-13T13:57:43.854000Z,13,G1,Eletrônico,https://eproc.jfrj.jus.br/eproc/externo_controlador.php?acao=processo_consulta_publica
50625876120244025101,5062587-61.2024.4.02.5101,1727,Petição Criminal,"""Lavagem"" ou Ocultação de Bens, Direitos ou Valores Oriundos de Corrupção",2024-08-20,2026-06-13T14:15:10.600000Z,26,G1,Eletrônico,https://eproc.jfrj.jus.br/eproc/externo_controlador.php?acao=processo_consulta_publica
50633895920244025101,5063389-59.2024.4.02.5101,1727,Petição Criminal,Furto Qualificado ,2024-08-22,2024-10-18T11:32:27.006000Z,6,G1,Eletrônico,https://eproc.jfrj.jus.br/eproc/externo_controlador.php?acao=processo_consulta_publica
50640694420244025101,5064069-44.2024.4.02.5101,1733,Procedimento Investigatório Criminal (PIC-MP) ,Estelionato,2024-08-23,2024-11-13T21:33:26.343000Z,3,G1,Eletrônico,https://eproc.jfrj.jus.br/eproc/externo_controlador.php?acao=processo_consulta_publica
50645951120244025101,5064595-11.2024.4.02.5101,280,Auto de Prisão em Flagrante,Receptação,2024-08-26,2025-02-13T20:51:19.973000Z,8,G1,Eletrônico,https://eproc.jfrj.jus.br/eproc/externo_controlador.php?acao=processo_consulta_publica
50649528820244025101,5064952-88.2024.4.02.5101,1733,Procedimento Investigatório Criminal (PIC-MP) ,Calúnia,2024-08-27,2024-10-18T10:07:03.449000Z,3,G1,Eletrônico,https://eproc.jfrj.jus.br/eproc/externo_controlador.php?acao=processo_consulta_publica
50651572020244025101,5065157-20.2024.4.02.5101,300,Procedimento Especial da Lei Antitóxicos,Tráfico de Drogas e Condutas Afins,2024-08-27,2026-09-15T22:54:24.570000Z,31,G1,Eletrônico,https://eproc.jfrj.jus.br/eproc/externo_controlador.php?acao=processo_consulta_publica
50651701920244025101,5065170-19.2024.4.02.5101,426,Recurso em Sentido Estrito,"Corrupção ativa ; Corrupção passiva ; Crimes de &quot;Lavagem&quot; ou Ocultação de Bens, Direitos ou Valores",2024-08-27,2026-06-13T14:14:23.428000Z,13,G1,Eletrônico,https://eproc.jfrj.jus.br/eproc/externo_controlador.php?acao=processo_consulta_publica
50658059720244025101,5065805-97.2024.4.02.5101,279,Inquérito Policial,Corrupção passiva ,2024-08-28,2026-07-15T01:47:01.205000Z,5,G1,Eletrônico,https://eproc.jfrj.jus.br/eproc/externo_controlador.php?acao=processo_consulta_publica
50663004420244025101,5066300-44.2024.4.02.5101,327,Embargos de Terceiro Criminal,Crimes contra o Sistema Financeiro Nacional,2024-08-30,2024-11-13T21:22:24.485000Z,5,G1,Eletrônico,https://eproc.jfrj.jus.br/eproc/externo_controlador.php?acao=processo_consulta_publica
50676081820244025101,5067608-18.2024.4.02.5101,1733,Procedimento Investigatório Criminal (PIC-MP) ,Estelionato Majorado ,2024-09-03,2024-11-13T21:31:30.973000Z,3,G1,Eletrônico,https://eproc.jfrj.jus.br/eproc/externo_controlador.php?acao=processo_consulta_publica
50687462020244025101,5068746-20.2024.4.02.5101,1727,Petição Criminal,"""Lavagem"" ou Ocultação de Bens, Direitos ou Valores Oriundos de Corrupção",2024-09-05,2024-11-13T21:25:53.792000Z,4,G1,Eletrônico,https://eproc.jfrj.jus.br/eproc/externo_controlador.php?acao=processo_consulta_publica
50700297820244025101,5070029-78.2024.4.02.5101,1727,Petição Criminal,Crimes contra o Sistema Financeiro Nacional,2024-09-09,2024-10-18T10:04:11.696000Z,3,G1,Eletrônico,https://eproc.jfrj.jus.br/eproc/externo_controlador.php?acao=processo_consulta_publica
50707234720244025101,5070723-47.2024.4.02.5101,426,Recurso em Sentido Estrito,"Crimes de &quot;Lavagem&quot; ou Ocultação de Bens, Direitos ou Valores",2024-09-11,2025-03-13T20:22:55.713000Z,7,G1,Eletrônico,https://eproc.jfrj.jus.br/eproc/externo_controlador.php?acao=processo_consulta_publica
50709321620244025101,5070932-16.2024.4.02.5101,1733,Procedimento Investigatório Criminal (PIC-MP) ,Moeda Falsa / Assimilados,2024-09-11,2025-01-13T18:43:35.878000Z,7,G1,Eletrônico,https://eproc.jfrj.jus.br/eproc/externo_controlador.php?acao=processo_consulta_publica
50715254520244025101,5071525-45.2024.4.02.5101,283,Ação Penal - Procedimento Ordinário,Estelionato Majorado ,2024-09-12,2025-05-13T23:11:56.181000Z,10,G1,Eletrônico,https://eproc.jfrj.jus.br/eproc/externo_controlador.php?acao=processo_consulta_publica
50717636420244025101,5071763-64.2024.4.02.5101,1733,Procedimento Investigatório Criminal (PIC-MP) ,Crimes Previstos no Estatuto da criança e do adolescente,2024-09-13,2024-11-13T21:20:13.673000Z,3,G1,Eletrônico,https://eproc.jfrj.jus.br/eproc/externo_controlador.php?acao=processo_consulta_publica
50720096020244025101,5072009-60.2024.4.02.5101,1733,Procedimento Investigatório Criminal (PIC-MP) ,Estelionato Majorado ,2024-09-13,2024-11-13T21:35:26.438000Z,3,G1,Eletrônico,https://eproc.jfrj.jus.br/eproc/externo_controlador.php?acao=processo_consulta_publica
50733502420244025101,5073350-24.2024.4.02.5101,283,Ação Penal - Procedimento Ordinário,Crimes de Tráfico Ilícito e Uso Indevido de Drogas,2024-09-18,2025-10-14T10:14:42.057000Z,20,G1,Eletrônico,https://eproc.jfrj.jus.br/eproc/externo_controlador.php?acao=processo_consulta_publica
50735840620244025101,5073584-06.2024.4.02.5101,313,Pedido de Prisão Preventiva,Crimes contra o Sistema Financeiro Nacional,2024-09-18,2026-08-20T23:22:23.432000Z,38,G1,Eletrônico,https://eproc.jfrj.jus.br/eproc/externo_controlador.php?acao=processo_consulta_publica
50742994820244025101,5074299-48.2024.4.02.5101,326,Restituição de Coisas Apreendidas,Busca e Apreensão de Bens; Corrupção passiva ,2024-09-20,2025-04-14T14:35:27.665000Z,6,G1,Eletrônico,https://eproc.jfrj.jus.br/eproc/externo_controlador.php?acao=processo_consulta_publica
50743340820244025101,5074334-08.2024.4.02.5101,279,Inquérito Policial,Estelionato Majorado ,2024-09-20,2026-08-20T23:23:24.715000Z,19,G1,Eletrônico,https://eproc.jfrj.jus.br/eproc/externo_controlador.php?acao=processo_consulta_publica
50747126120244025101,5074712-61.2024.4.02.5101,426,Recurso em Sentido Estrito,"Crimes de &quot;Lavagem&quot; ou Ocultação de Bens, Direitos ou Valores",2024-09-23,2025-06-14T06:14:00.893000Z,7,G1,Eletrônico,https://eproc.jfrj.jus.br/eproc/externo_controlador.php?acao=processo_consulta_publica
50749221520244025101,5074922-15.2024.4.02.5101,1733,Procedimento Investigatório Criminal (PIC-MP) ,Estelionato Majorado ,2024-09-23,2024-11-13T21:31:30.031000Z,3,G1,Eletrônico,https://eproc.jfrj.jus.br/eproc/externo_controlador.php?acao=processo_consulta_publica
50754877620244025101,5075487-76.2024.4.02.5101,1733,Procedimento Investigatório Criminal (PIC-MP) ,Ameaça ,2024-09-24,2024-11-13T21:26:06.989000Z,3,G1,Eletrônico,https://eproc.jfrj.jus.br/eproc/externo_controlador.php?acao=processo_consulta_publica
50759078120244025101,5075907-81.2024.4.02.5101,1733,Procedimento Investigatório Criminal (PIC-MP) ,Estelionato Majorado ,2024-09-25,2024-11-13T21:23:10.039000Z,3,G1,Eletrônico,https://eproc.jfrj.jus.br/eproc/externo_controlador.php?acao=processo_consulta_publica
50767305520244025101,5076730-55.2024.4.02.5101,1727,Petição Criminal,"Crimes de &quot;Lavagem&quot; ou Ocultação de Bens, Direitos ou Valores",2024-09-27,2024-11-13T21:34:51.660000Z,6,G1,Eletrônico,https://eproc.jfrj.jus.br/eproc/externo_controlador.php?acao=processo_consulta_publica
50770389120244025101,5077038-91.2024.4.02.5101,1733,Procedimento Investigatório Criminal (PIC-MP) ,Falso testemunho ou falsa perícia ,2024-09-30,2024-11-13T21:22:46.443000Z,3,G1,Eletrônico,https://eproc.jfrj.jus.br/eproc/externo_controlador.php?acao=processo_consulta_publica
50771306920244025101,5077130-69.2024.4.02.5101,1733,Procedimento Investigatório Criminal (PIC-MP) ,Tráfico de Drogas e Condutas Afins,2024-09-30,2024-11-13T21:25:08.720000Z,3,G1,Eletrônico,https://eproc.jfrj.jus.br/eproc/externo_controlador.php?acao=processo_consulta_publica
50777239820244025101,5077723-98.2024.4.02.5101,279,Inquérito Policial,Estelionato,2024-10-01,2025-06-14T05:22:15.872000Z,11,G1,Eletrônico,https://eproc.jfrj.jus.br/eproc/externo_controlador.php?acao=processo_consulta_publica
50780123120244025101,5078012-31.2024.4.02.5101,1733,Procedimento Investigatório Criminal (PIC-MP) ,Tráfico de Drogas e Condutas Afins,2024-10-02,2024-11-13T21:27:27.495000Z,3,G1,Eletrônico,https://eproc.jfrj.jus.br/eproc/externo_controlador.php?acao=processo_consulta_publica
50781388120244025101,5078138-81.2024.4.02.5101,1733,Procedimento Investigatório Criminal (PIC-MP) ,Estelionato Majorado ,2024-10-02,2024-11-13T21:36:39.687000Z,3,G1,Eletrônico,https://eproc.jfrj.jus.br/eproc/externo_controlador.php?acao=processo_consulta_publica
50783345120244025101,5078334-51.2024.4.02.5101,283,Ação Penal - Procedimento Ordinário,Tráfico de Drogas e Condutas Afins,2024-10-03,2026-09-15T22:54:23.868000Z,21,G1,Eletrônico,https://eproc.jfrj.jus.br/eproc/externo_controlador.php?acao=processo_consulta_publica
50792291220244025101,5079229-12.2024.4.02.5101,1733,Procedimento Investigatório Criminal (PIC-MP) ,Contrabando ou descaminho ,2024-10-04,2024-11-13T21:30:48.185000Z,3,G1,Eletrônico,https://eproc.jfrj.jus.br/eproc/externo_controlador.php?acao=processo_consulta_publica
50792534020244025101,5079253-40.2024.4.02.5101,1733,Procedimento Investigatório Criminal (PIC-MP) ,Moeda Falsa / Assimilados,2024-10-04,2024-12-13T17:30:43.678000Z,3,G1,Eletrônico,https://eproc.jfrj.jus.br/eproc/externo_controlador.php?acao=processo_consulta_publica
50799185620244025101,5079918-56.2024.4.02.5101,1733,Procedimento Investigatório Criminal (PIC-MP) ,Tráfico de Drogas e Condutas Afins,2024-10-08,2024-12-13T17:31:05.046000Z,3,G1,Eletrônico,https://eproc.jfrj.jus.br/eproc/externo_controlador.php?acao=processo_consulta_publica
50801081920244025101,5080108-19.2024.4.02.5101,279,Inquérito Policial,"Crimes de &quot;Lavagem&quot; ou Ocultação de Bens, Direitos ou Valores",2024-10-08,2025-03-13T20:11:48.007000Z,4,G1,Eletrônico,https://eproc.jfrj.jus.br/eproc/externo_controlador.php?acao=processo_consulta_publica
50801714420244025101,5080171-44.2024.4.02.5101,1727,Petição Criminal,"Crimes de &quot;Lavagem&quot; ou Ocultação de Bens, Direitos ou Valores",2024-10-08,2025-04-14T14:32:01.652000Z,10,G1,Eletrônico,https://eproc.jfrj.jus.br/eproc/externo_controlador.php?acao=processo_consulta_publica
50804104820244025101,5080410-48.2024.4.02.5101,1727,Petição Criminal,"Corrupção passiva ; Crimes de &quot;Lavagem&quot; ou Ocultação de Bens, Direitos ou Valores",2024-10-09,2024-11-13T21:22:06.069000Z,3,G1,Eletrônico,https://eproc.jfrj.jus.br/eproc/externo_controlador.php?acao=processo_consulta_publica
50810999220244025101,5081099-92.2024.4.02.5101,1733,Procedimento Investigatório Criminal (PIC-MP) ,Arquivamento de Procedimento Investigatório Criminal - PIC-MP; Contrabando ou descaminho ,2024-10-10,2026-09-15T22:54:28.109000Z,21,G1,Eletrônico,https://eproc.jfrj.jus.br/eproc/externo_controlador.php?acao=processo_consulta_publica
50813995420244025101,5081399-54.2024.4.02.5101,1733,Procedimento Investigatório Criminal (PIC-MP) ,Estelionato,2024-10-11,2024-12-13T17:31:03.332000Z,3,G1,Eletrônico,https://eproc.jfrj.jus.br/eproc/externo_controlador.php?acao=processo_consulta_publica
50821235820244025101,5082123-58.2024.4.02.5101,1717,Alienação de Bens do Acusado,Tráfico de Drogas e Condutas Afins,2024-10-15,2026-06-13T14:09:03.208000Z,32,G1,Eletrônico,https://eproc.jfrj.jus.br/eproc/externo_controlador.php?acao=processo_consulta_publica
50822222820244025101,5082222-28.2024.4.02.5101,279,Inquérito Policial,Crimes Resultante de Preconceito de Raça ou de Cor,2024-10-15,2026-06-13T13:55:24.595000Z,9,G1,Eletrônico,https://eproc.jfrj.jus.br/eproc/externo_controlador.php?acao=processo_consulta_publica
50824162820244025101,5082416-28.2024.4.02.5101,1733,Procedimento Investigatório Criminal (PIC-MP) ,Moeda Falsa / Assimilados,2024-10-15,2024-12-13T17:30:58.917000Z,3,G1,Eletrônico,https://eproc.jfrj.jus.br/eproc/externo_controlador.php?acao=processo_consulta_publica
50832157120244025101,5083215-71.2024.4.02.5101,313,Pedido de Prisão Preventiva,Ameaça ; Denunciação caluniosa ; Estelionato; Moeda Falsa / Assimilados,2024-10-17,2025-07-15T19:14:28.354000Z,18,G1,Eletrônico,https://eproc.jfrj.jus.br/eproc/externo_controlador.php?acao=processo_consulta_publica
50848577920244025101,5084857-79.2024.4.02.5101,1733,Procedimento Investigatório Criminal (PIC-MP) ,Moeda Falsa / Assimilados,2024-10-20,2025-07-15T19:15:46.335000Z,8,G1,Eletrônico,https://eproc.jfrj.jus.br/eproc/externo_controlador.php?acao=processo_consulta_publica
50852527120244025101,5085252-71.2024.4.02.5101,1733,Procedimento Investigatório Criminal (PIC-MP) ,Estelionato Majorado ,2024-10-21,2025-01-13T18:45:51.728000Z,3,G1,Eletrônico,https://eproc.jfrj.jus.br/eproc/externo_controlador.php?acao=processo_consulta_publica
50857601720244025101,5085760-17.2024.4.02.5101,1733,Procedimento Investigatório Criminal (PIC-MP) ,Desobediência ,2024-10-22,2025-01-13T18:42:23.409000Z,3,G1,Eletrônico,https://eproc.jfrj.jus.br/eproc/externo_controlador.php?acao=processo_consulta_publica
50863249320244025101,5086324-93.2024.4.02.5101,1733,Procedimento Investigatório Criminal (PIC-MP) ,Moeda Falsa / Assimilados,2024-10-23,2025-05-13T23:11:18.429000Z,6,G1,Eletrônico,https://eproc.jfrj.jus.br/eproc/externo_controlador.php?acao=processo_consulta_publica
50863387720244025101,5086338-77.2024.4.02.5101,1733,Procedimento Investigatório Criminal (PIC-MP) ,Contrabando ou descaminho ,2024-10-23,2025-01-13T18:44:26.273000Z,3,G1,Eletrônico,https://eproc.jfrj.jus.br/eproc/externo_controlador.php?acao=processo_consulta_publica
50868600720244025101,5086860-07.2024.4.02.5101,1733,Procedimento Investigatório Criminal (PIC-MP) ,Contrabando ou descaminho ,2024-10-24,2025-01-13T18:47:24.678000Z,3,G1,Eletrônico,https://eproc.jfrj.jus.br/eproc/externo_controlador.php?acao=processo_consulta_publica
50869406820244025101,5086940-68.2024.4.02.5101,1733,Procedimento Investigatório Criminal (PIC-MP) ,Moeda Falsa / Assimilados,2024-10-25,2025-04-14T14:37:18.996000Z,5,G1,Eletrônico,https://eproc.jfrj.jus.br/eproc/externo_controlador.php?acao=processo_consulta_publica
50878275220244025101,5087827-52.2024.4.02.5101,1733,Procedimento Investigatório Criminal (PIC-MP) ,Furto Qualificado ,2024-10-28,2025-01-13T18:46:58.464000Z,3,G1,Eletrônico,https://eproc.jfrj.jus.br/eproc/externo_controlador.php?acao=processo_consulta_publica
50881973120244025101,5088197-31.2024.4.02.5101,1733,Procedimento Investigatório Criminal (PIC-MP) ,Desobediência ,2024-10-29,2025-01-13T18:45:51.225000Z,3,G1,Eletrônico,https://eproc.jfrj.jus.br/eproc/externo_controlador.php?acao=processo_consulta_publica
50883255120244025101,5088325-51.2024.4.02.5101,283,Ação Penal - Procedimento Ordinário,Estelionato Majorado ,2024-10-29,2026-09-15T22:55:14.904000Z,12,G1,Eletrônico,https://eproc.jfrj.jus.br/eproc/externo_controlador.php?acao=processo_consulta_publica
50888105120244025101,5088810-51.2024.4.02.5101,1733,Procedimento Investigatório Criminal (PIC-MP) ,Estelionato Majorado ,2024-10-30,2025-01-13T18:51:29.377000Z,3,G1,Eletrônico,https://eproc.jfrj.jus.br/eproc/externo_controlador.php?acao=processo_consulta_publica
50898125620244025101,5089812-56.2024.4.02.5101,327,Embargos de Terceiro Criminal,Destinação de Bens e Mercadorias/Coisas Apreendidas; Suspensão,2024-11-02,2025-08-16T02:41:53.992000Z,11,G1,Eletrônico,https://eproc.jfrj.jus.br/eproc/externo_controlador.php?acao=processo_consulta_publica
50900914220244025101,5090091-42.2024.4.02.5101,283,Ação Penal - Procedimento Ordinário,Inserção de dados falsos em sistema de informações ,2024-11-04,2026-06-13T14:15:16.400000Z,15,G1,Eletrônico,https://eproc.jfrj.jus.br/eproc/externo_controlador.php?acao=processo_consulta_publica
50900931220244025101,5090093-12.2024.4.02.5101,279,Inquérito Policial,Raça,2024-11-04,2025-08-16T02:42:55.404000Z,6,G1,Eletrônico,https://eproc.jfrj.jus.br/eproc/externo_controlador.php?acao=processo_consulta_publica
50916989020244025101,5091698-90.2024.4.02.5101,1733,Procedimento Investigatório Criminal (PIC-MP) ,Moeda Falsa / Assimilados,2024-11-08,2025-02-13T20:40:43.175000Z,5,G1,Eletrônico,https://eproc.jfrj.jus.br/eproc/externo_controlador.php?acao=processo_consulta_publica
50923605420244025101,5092360-54.2024.4.02.5101,1733,Procedimento Investigatório Criminal (PIC-MP) ,Furto Qualificado ,2024-11-11,2025-01-13T18:45:55.377000Z,3,G1,Eletrônico,https://eproc.jfrj.jus.br/eproc/externo_controlador.php?acao=processo_consulta_publica
50925813720244025101,5092581-37.2024.4.02.5101,1727,Petição Criminal,Corrupção passiva ; Indisponibilidade / Seqüestro de Bens,2024-11-11,2025-07-15T19:19:53.285000Z,10,G1,Eletrônico,https://eproc.jfrj.jus.br/eproc/externo_controlador.php?acao=processo_consulta_publica
50929668220244025101,5092966-82.2024.4.02.5101,1733,Procedimento Investigatório Criminal (PIC-MP) ,Estelionato Majorado ,2024-11-12,2024-12-13T17:30:29.031000Z,4,G1,Eletrônico,https://eproc.jfrj.jus.br/eproc/externo_controlador.php?acao=processo_consulta_publica
50932638920244025101,5093263-89.2024.4.02.5101,283,Ação Penal - Procedimento Ordinário,Ameaça ,2024-11-13,2026-09-15T22:55:17.003000Z,15,G1,Eletrônico,https://eproc.jfrj.jus.br/eproc/externo_controlador.php?acao=processo_consulta_publica
50942659420244025101,5094265-94.2024.4.02.5101,1727,Petição Criminal,Difamação,2024-11-18,2025-06-14T05:49:43.368000Z,8,G1,Eletrônico,https://eproc.jfrj.jus.br/eproc/externo_controlador.php?acao=processo_consulta_publica
50949527120244025101,5094952-71.2024.4.02.5101,1733,Procedimento Investigatório Criminal (PIC-MP) ,Crimes contra a Ordem Tributária,2024-11-21,2026-06-13T14:09:41.181000Z,9,G1,Eletrônico,https://eproc.jfrj.jus.br/eproc/externo_controlador.php?acao=processo_consulta_publica
50953788320244025101,5095378-83.2024.4.02.5101,1727,Petição Criminal,Crimes contra a Fauna,2024-11-22,2026-06-13T14:32:05.991000Z,12,G1,Eletrônico,https://eproc.jfrj.jus.br/eproc/externo_controlador.php?acao=processo_consulta_publica
50962872820244025101,5096287-28.2024.4.02.5101,283,Ação Penal - Procedimento Ordinário,"Promoção, constituição, financiamento ou integração de Organização Criminosa",2024-11-23,2026-09-15T22:55:26.424000Z,13,G1,Eletrônico,https://eproc.jfrj.jus.br/eproc/externo_controlador.php?acao=processo_consulta_publica
50971732720244025101,5097173-27.2024.4.02.5101,1733,Procedimento Investigatório Criminal (PIC-MP) ,Crimes contra o Sistema Financeiro Nacional,2024-11-26,2025-01-13T18:45:23.676000Z,3,G1,Eletrônico,https://eproc.jfrj.jus.br/eproc/externo_controlador.php?acao=processo_consulta_publica
50971871120244025101,5097187-11.2024.4.02.5101,1733,Procedimento Investigatório Criminal (PIC-MP) ,Falsificação / Corrupção / Adulteração / Alteração de produto destinado a fins terapêuticos ou medicinais,2024-11-26,2025-03-13T20:23:09.046000Z,3,G1,Eletrônico,https://eproc.jfrj.jus.br/eproc/externo_controlador.php?acao=processo_consulta_publica
50973006220244025101,5097300-62.2024.4.02.5101,1733,Procedimento Investigatório Criminal (PIC-MP) ,Falsificação de documento público,2024-11-26,2025-01-13T18:44:08.707000Z,3,G1,Eletrônico,https://eproc.jfrj.jus.br/eproc/externo_controlador.php?acao=processo_consulta_publica
50973188320244025101,5097318-83.2024.4.02.5101,1733,Procedimento Investigatório Criminal (PIC-MP) ,Falso testemunho ou falsa perícia ,2024-11-26,2025-02-13T20:41:16.672000Z,3,G1,Eletrônico,https://eproc.jfrj.jus.br/eproc/externo_controlador.php?acao=processo_consulta_publica
50973230820244025101,5097323-08.2024.4.02.5101,1733,Procedimento Investigatório Criminal (PIC-MP) ,Extorsão ,2024-11-26,2025-01-13T18:43:13.214000Z,3,G1,Eletrônico,https://eproc.jfrj.jus.br/eproc/externo_controlador.php?acao=processo_consulta_publica
50981415720244025101,5098141-57.2024.4.02.5101,1733,Procedimento Investigatório Criminal (PIC-MP) ,Estelionato,2024-11-28,2025-01-13T18:42:49.802000Z,3,G1,Eletrônico,https://eproc.jfrj.jus.br/eproc/externo_controlador.php?acao=processo_consulta_publica
50986222020244025101,5098622-20.2024.4.02.5101,1727,Petição Criminal,Fato Atípico,2024-11-29,2025-03-13T20:33:47.488000Z,10,G1,Eletrônico,https://eproc.jfrj.jus.br/eproc/externo_controlador.php?acao=processo_consulta_publica
50991029520244025101,5099102-95.2024.4.02.5101,1733,Procedimento Investigatório Criminal (PIC-MP) ,Estelionato Majorado ,2024-12-02,2025-02-13T20:44:28.006000Z,5,G1,Eletrônico,https://eproc.jfrj.jus.br/eproc/externo_controlador.php?acao=processo_consulta_publica
51015166620244025101,5101516-66.2024.4.02.5101,1733,Procedimento Investigatório Criminal (PIC-MP) ,Ameaça ,2024-12-05,2025-03-13T20:32:07.811000Z,5,G1,Eletrônico,https://eproc.jfrj.jus.br/eproc/externo_controlador.php?acao=processo_consulta_publica
51016084420244025101,5101608-44.2024.4.02.5101,1733,Procedimento Investigatório Criminal (PIC-MP) ,Apropriação indébita Previdenciária ,2024-12-05,2025-03-13T20:33:31.541000Z,5,G1,Eletrônico,https://eproc.jfrj.jus.br/eproc/externo_controlador.php?acao=processo_consulta_publica
51016474120244025101,5101647-41.2024.4.02.5101,1727,Petição Criminal,Crimes contra o Sistema Financeiro Nacional,2024-12-05,2025-01-13T18:43:56.345000Z,5,G1,Eletrônico,https://eproc.jfrj.jus.br/eproc/externo_controlador.php?acao=processo_consulta_publica
51035804920244025101,5103580-49.2024.4.02.5101,283,Ação Penal - Procedimento Ordinário,Crimes contra o Sistema Financeiro Nacional,2024-12-09,2026-09-15T22:55:51.870000Z,29,G1,Eletrônico,https://eproc.jfrj.jus.br/eproc/externo_controlador.php?acao=processo_consulta_publica
51038974720244025101,5103897-47.2024.4.02.5101,1733,Procedimento Investigatório Criminal (PIC-MP) ,Peculato,2024-12-10,2026-07-15T06:23:56.546000Z,25,G1,Eletrônico,https://eproc.jfrj.jus.br/eproc/externo_controlador.php?acao=processo_consulta_publica
51041581220244025101,5104158-12.2024.4.02.5101,1733,Procedimento Investigatório Criminal (PIC-MP) ,Estelionato Majorado ,2024-12-11,2025-05-13T23:11:49.594000Z,9,G1,Eletrônico,https://eproc.jfrj.jus.br/eproc/externo_controlador.php?acao=processo_consulta_publica
51043625620244025101,5104362-56.2024.4.02.5101,1733,Procedimento Investigatório Criminal (PIC-MP) ,Estelionato Majorado ,2024-12-11,2025-02-13T20:50:36.878000Z,6,G1,Eletrônico,https://eproc.jfrj.jus.br/eproc/externo_controlador.php?acao=processo_consulta_publica
51050700920244025101,5105070-09.2024.4.02.5101,1727,Petição Criminal,"""Lavagem"" ou Ocultação de Bens, Direitos ou Valores Oriundos de Corrupção",2024-12-13,2025-06-14T05:23:39.766000Z,5,G1,Eletrônico,https://eproc.jfrj.jus.br/eproc/externo_controlador.php?acao=processo_consulta_publica
51054209420244025101,5105420-94.2024.4.02.5101,1733,Procedimento Investigatório Criminal (PIC-MP) ,Estelionato Majorado ,2024-12-13,2026-06-13T14:16:32.807000Z,11,G1,Eletrônico,https://eproc.jfrj.jus.br/eproc/externo_controlador.php?acao=processo_consulta_publica
51071382920244025101,5107138-29.2024.4.02.5101,1733,Procedimento Investigatório Criminal (PIC-MP) ,Controle Externo da atividade policial; Dano,2024-12-17,2025-02-13T20:40:23.403000Z,5,G1,Eletrônico,https://eproc.jfrj.jus.br/eproc/externo_controlador.php?acao=processo_consulta_publica
51071711920244025101,5107171-19.2024.4.02.5101,1733,Procedimento Investigatório Criminal (PIC-MP) ,Estelionato,2024-12-17,2025-02-13T20:51:08.453000Z,5,G1,Eletrônico,https://eproc.jfrj.jus.br/eproc/externo_controlador.php?acao=processo_consulta_publica
51090020520244025101,5109002-05.2024.4.02.5101,1733,Procedimento Investigatório Criminal (PIC-MP) ,Exercício arbitrário ou abuso de poder ,2024-12-18,2025-03-13T20:32:43.232000Z,5,G1,Eletrônico,https://eproc.jfrj.jus.br/eproc/externo_controlador.php?acao=processo_consulta_publica
50006675220254025101,5000667-52.2025.4.02.5101,1733,Procedimento Investigatório Criminal (PIC-MP) ,Crime contra a administração ambiental,2025-01-07,2025-03-13T20:20:38.702000Z,6,G1,Eletrônico,https://eproc.jfrj.jus.br/eproc/externo_controlador.php?acao=processo_consulta_publica
50009516020254025101,5000951-60.2025.4.02.5101,319,Exceção de Incompetência de Juízo,Peculato,2025-01-08,2025-06-14T06:06:18.694000Z,4,G1,Eletrônico,https://eproc.jfrj.jus.br/eproc/externo_controlador.php?acao=processo_consulta_publica
50011724320254025101,5001172-43.2025.4.02.5101,1733,Procedimento Investigatório Criminal (PIC-MP) ,Estelionato Majorado ,2025-01-09,2025-02-13T21:02:16.373000Z,5,G1,Eletrônico,https://eproc.jfrj.jus.br/eproc/externo_controlador.php?acao=processo_consulta_publica
50013534420254025101,5001353-44.2025.4.02.5101,1733,Procedimento Investigatório Criminal (PIC-MP) ,Ameaça ,2025-01-10,2025-02-13T21:12:30.088000Z,5,G1,Eletrônico,https://eproc.jfrj.jus.br/eproc/externo_controlador.php?acao=processo_consulta_publica
50013898620254025101,5001389-86.2025.4.02.5101,1733,Procedimento Investigatório Criminal (PIC-MP) ,"Intolerância Racial, de Cor e/ou Etnia",2025-01-10,2025-03-13T20:31:12.619000Z,5,G1,Eletrônico,https://eproc.jfrj.jus.br/eproc/externo_controlador.php?acao=processo_consulta_publica
50023096020254025101,5002309-60.2025.4.02.5101,1733,Procedimento Investigatório Criminal (PIC-MP) ,Crimes de Tráfico Ilícito e Uso Indevido de Drogas,2025-01-15,2025-02-13T21:12:20.352000Z,5,G1,Eletrônico,https://eproc.jfrj.jus.br/eproc/externo_controlador.php?acao=processo_consulta_publica
50024282120254025101,5002428-21.2025.4.02.5101,1733,Procedimento Investigatório Criminal (PIC-MP) ,Estelionato Majorado ,2025-01-15,2025-02-13T21:12:01.960000Z,5,G1,Eletrônico,https://eproc.jfrj.jus.br/eproc/externo_controlador.php?acao=processo_consulta_publica
50024550420254025101,5002455-04.2025.4.02.5101,1733,Procedimento Investigatório Criminal (PIC-MP) ,Latrocínio,2025-01-15,2025-04-14T14:30:27.953000Z,5,G1,Eletrônico,https://eproc.jfrj.jus.br/eproc/externo_controlador.php?acao=processo_consulta_publica
50024698520254025101,5002469-85.2025.4.02.5101,1733,Procedimento Investigatório Criminal (PIC-MP) ,Tráfico Interno de Pessoas,2025-01-15,2025-02-13T21:13:57.029000Z,5,G1,Eletrônico,https://eproc.jfrj.jus.br/eproc/externo_controlador.php?acao=processo_consulta_publica
50025417220254025101,5002541-72.2025.4.02.5101,1733,Procedimento Investigatório Criminal (PIC-MP) ,Crime contra a administração ambiental,2025-01-15,2025-03-13T20:32:28.477000Z,7,G1,Eletrônico,https://eproc.jfrj.jus.br/eproc/externo_controlador.php?acao=processo_consulta_publica
50027824620254025101,5002782-46.2025.4.02.5101,1733,Procedimento Investigatório Criminal (PIC-MP) ,Falso testemunho ou falsa perícia ,2025-01-16,2025-02-13T21:11:37.767000Z,5,G1,Eletrônico,https://eproc.jfrj.jus.br/eproc/externo_controlador.php?acao=processo_consulta_publica
50028872320254025101,5002887-23.2025.4.02.5101,1733,Procedimento Investigatório Criminal (PIC-MP) ,Crimes Previstos no Estatuto da criança e do adolescente,2025-01-16,2025-02-13T21:12:04.817000Z,5,G1,Eletrônico,https://eproc.jfrj.jus.br/eproc/externo_controlador.php?acao=processo_consulta_publica
50030110620254025101,5003011-06.2025.4.02.5101,1733,Procedimento Investigatório Criminal (PIC-MP) ,Estelionato Majorado ,2025-01-17,2025-02-13T21:10:28.795000Z,5,G1,Eletrônico,https://eproc.jfrj.jus.br/eproc/externo_controlador.php?acao=processo_consulta_publica
50030500320254025101,5003050-03.2025.4.02.5101,1733,Procedimento Investigatório Criminal (PIC-MP) ,Contrabando ou descaminho ,2025-01-17,2025-02-13T21:13:40.985000Z,5,G1,Eletrônico,https://eproc.jfrj.jus.br/eproc/externo_controlador.php?acao=processo_consulta_publica
50037022020254025101,5003702-20.2025.4.02.5101,283,Ação Penal - Procedimento Ordinário,Crimes contra a Ordem Econômica,2025-01-21,2025-12-13T14:53:46.144000Z,20,G1,Eletrônico,https://eproc.jfrj.jus.br/eproc/externo_controlador.php?acao=processo_consulta_publica
50045917120254025101,5004591-71.2025.4.02.5101,1733,Procedimento Investigatório Criminal (PIC-MP) ,Desobediência ; Prevaricação,2025-01-23,2025-03-13T20:31:45.581000Z,5,G1,Eletrônico,https://eproc.jfrj.jus.br/eproc/externo_controlador.php?acao=processo_consulta_publica
50047821920254025101,5004782-19.2025.4.02.5101,283,Ação Penal - Procedimento Ordinário,Furto Qualificado ,2025-01-24,2026-06-13T14:32:22.276000Z,26,G1,Eletrônico,https://eproc.jfrj.jus.br/eproc/externo_controlador.php?acao=processo_consulta_publica
50058994520254025101,5005899-45.2025.4.02.5101,1733,Procedimento Investigatório Criminal (PIC-MP) ,Uso de documento falso ,2025-01-28,2025-03-13T20:23:30.682000Z,5,G1,Eletrônico,https://eproc.jfrj.jus.br/eproc/externo_controlador.php?acao=processo_consulta_publica
50063628420254025101,5006362-84.2025.4.02.5101,1733,Procedimento Investigatório Criminal (PIC-MP) ,Estelionato Majorado ,2025-01-29,2025-03-13T20:32:33.269000Z,5,G1,Eletrônico,https://eproc.jfrj.jus.br/eproc/externo_controlador.php?acao=processo_consulta_publica
50064745320254025101,5006474-53.2025.4.02.5101,1733,Procedimento Investigatório Criminal (PIC-MP) ,Estelionato,2025-01-29,2025-03-13T20:22:32.902000Z,5,G1,Eletrônico,https://eproc.jfrj.jus.br/eproc/externo_controlador.php?acao=processo_consulta_publica
50067230420254025101,5006723-04.2025.4.02.5101,1733,Procedimento Investigatório Criminal (PIC-MP) ,Crimes contra o Sistema Financeiro Nacional,2025-01-30,2025-02-13T20:35:35.036000Z,5,G1,Eletrônico,https://eproc.jfrj.jus.br/eproc/externo_controlador.php?acao=processo_consulta_publica
50067490220254025101,5006749-02.2025.4.02.5101,1733,Procedimento Investigatório Criminal (PIC-MP) ,Desobediência ,2025-01-30,2025-03-13T20:32:03.690000Z,5,G1,Eletrônico,https://eproc.jfrj.jus.br/eproc/externo_controlador.php?acao=processo_consulta_publica
50069612320254025101,5006961-23.2025.4.02.5101,1733,Procedimento Investigatório Criminal (PIC-MP) ,Crimes de Tortura,2025-01-30,2025-03-13T20:24:06.656000Z,5,G1,Eletrônico,https://eproc.jfrj.jus.br/eproc/externo_controlador.php?acao=processo_consulta_publica
50080897820254025101,5008089-78.2025.4.02.5101,326,Restituição de Coisas Apreendidas,Restituição de Coisas Apreendidas; Suspensão,2025-02-03,2025-12-13T15:10:36.237000Z,10,G1,Eletrônico,https://eproc.jfrj.jus.br/eproc/externo_controlador.php?acao=processo_consulta_publica
50091610320254025101,5009161-03.2025.4.02.5101,1733,Procedimento Investigatório Criminal (PIC-MP) ,Furto ,2025-02-05,2025-03-13T20:32:14.627000Z,5,G1,Eletrônico,https://eproc.jfrj.jus.br/eproc/externo_controlador.php?acao=processo_consulta_publica
50091888320254025101,5009188-83.2025.4.02.5101,10944,Ação Penal - Procedimento Sumaríssimo,Crimes contra o mercado de capitais,2025-02-05,2026-07-15T06:40:11.082000Z,21,G1,Eletrônico,https://eproc.jfrj.jus.br/eproc/externo_controlador.php?acao=processo_consulta_publica
50092745420254025101,5009274-54.2025.4.02.5101,1733,Procedimento Investigatório Criminal (PIC-MP) ,Estelionato,2025-02-05,2025-03-13T20:33:37.779000Z,5,G1,Eletrônico,https://eproc.jfrj.jus.br/eproc/externo_controlador.php?acao=processo_consulta_publica
50094000720254025101,5009400-07.2025.4.02.5101,1717,Alienação de Bens do Acusado,Crimes de Tráfico Ilícito e Uso Indevido de Drogas,2025-02-05,2026-07-15T06:23:53.489000Z,28,G1,Eletrônico,https://eproc.jfrj.jus.br/eproc/externo_controlador.php?acao=processo_consulta_publica
50101163420254025101,5010116-34.2025.4.02.5101,283,Ação Penal - Procedimento Ordinário,Moeda Falsa / Assimilados,2025-02-07,2026-09-15T22:51:58.139000Z,35,G1,Eletrônico,https://eproc.jfrj.jus.br/eproc/externo_controlador.php?acao=processo_consulta_publica
50102359220254025101,5010235-92.2025.4.02.5101,1733,Procedimento Investigatório Criminal (PIC-MP) ,Furto ,2025-02-07,2025-03-13T20:20:37.828000Z,5,G1,Eletrônico,https://eproc.jfrj.jus.br/eproc/externo_controlador.php?acao=processo_consulta_publica
50102722220254025101,5010272-22.2025.4.02.5101,1733,Procedimento Investigatório Criminal (PIC-MP) ,Estelionato Majorado ,2025-02-07,2025-03-13T20:31:37.593000Z,5,G1,Eletrônico,https://eproc.jfrj.jus.br/eproc/externo_controlador.php?acao=processo_consulta_publica
50103432420254025101,5010343-24.2025.4.02.5101,1733,Procedimento Investigatório Criminal (PIC-MP) ,Crimes contra a Fauna,2025-02-07,2025-06-14T05:20:53.755000Z,8,G1,Eletrônico,https://eproc.jfrj.jus.br/eproc/externo_controlador.php?acao=processo_consulta_publica
50107798020254025101,5010779-80.2025.4.02.5101,355,Carta Precatória Criminal,Suspensão,2025-02-10,2026-06-13T14:13:01.232000Z,12,G1,Eletrônico,https://eproc.jfrj.jus.br/eproc/externo_controlador.php?acao=processo_consulta_publica
50112725720254025101,5011272-57.2025.4.02.5101,283,Ação Penal - Procedimento Ordinário,Injúria,2025-02-11,2026-06-13T13:52:08.649000Z,18,G1,Eletrônico,https://eproc.jfrj.jus.br/eproc/externo_controlador.php?acao=processo_consulta_publica
50120546420254025101,5012054-64.2025.4.02.5101,1727,Petição Criminal,"Crimes de &quot;Lavagem&quot; ou Ocultação de Bens, Direitos ou Valores",2025-02-12,2025-04-14T14:33:47.555000Z,3,G1,Eletrônico,https://eproc.jfrj.jus.br/eproc/externo_controlador.php?acao=processo_consulta_publica
50120598620254025101,5012059-86.2025.4.02.5101,1727,Petição Criminal,"Crimes de &quot;Lavagem&quot; ou Ocultação de Bens, Direitos ou Valores",2025-02-12,2025-04-14T14:26:56.484000Z,3,G1,Eletrônico,https://eproc.jfrj.jus.br/eproc/externo_controlador.php?acao=processo_consulta_publica
50120632620254025101,5012063-26.2025.4.02.5101,1727,Petição Criminal,"Crimes de &quot;Lavagem&quot; ou Ocultação de Bens, Direitos ou Valores",2025-02-13,2025-04-14T14:32:11.371000Z,3,G1,Eletrônico,https://eproc.jfrj.jus.br/eproc/externo_controlador.php?acao=processo_consulta_publica
50123464920254025101,5012346-49.2025.4.02.5101,1733,Procedimento Investigatório Criminal (PIC-MP) ,Contrabando ou descaminho ,2025-02-13,2025-03-13T20:20:51.963000Z,5,G1,Eletrônico,https://eproc.jfrj.jus.br/eproc/externo_controlador.php?acao=processo_consulta_publica
50013679820254025110,5001367-98.2025.4.02.5110,283,Ação Penal - Procedimento Ordinário,Crimes contra o Sistema Financeiro Nacional,2025-02-13,2026-09-15T22:56:51.365000Z,25,G1,Eletrônico,https://eproc.jfrj.jus.br/eproc/externo_controlador.php?acao=processo_consulta_publica
50124669220254025101,5012466-92.2025.4.02.5101,1733,Procedimento Investigatório Criminal (PIC-MP) ,"Intolerância Racial, de Cor e/ou Etnia",2025-02-13,2025-04-14T14:29:05.424000Z,6,G1,Eletrônico,https://eproc.jfrj.jus.br/eproc/externo_controlador.php?acao=processo_consulta_publica
50141358320254025101,5014135-83.2025.4.02.5101,1733,Procedimento Investigatório Criminal (PIC-MP) ,"Comércio, Posse ou Tráfico Proveniente de Caça Ilegal",2025-02-13,2025-03-13T20:23:45.989000Z,5,G1,Eletrônico,https://eproc.jfrj.jus.br/eproc/externo_controlador.php?acao=processo_consulta_publica
50142215420254025101,5014221-54.2025.4.02.5101,283,Ação Penal - Procedimento Ordinário,Moeda Falsa / Assimilados,2025-02-14,2025-11-13T17:21:57.709000Z,14,G1,Eletrônico,https://eproc.jfrj.jus.br/eproc/externo_controlador.php?acao=processo_consulta_publica
50150105320254025101,5015010-53.2025.4.02.5101,326,Restituição de Coisas Apreendidas,Crimes da Lei de licitações,2025-02-17,2025-07-15T19:10:52.715000Z,9,G1,Eletrônico,https://eproc.jfrj.jus.br/eproc/externo_controlador.php?acao=processo_consulta_publica
50157501120254025101,5015750-11.2025.4.02.5101,327,Embargos de Terceiro Criminal,"Promoção, constituição, financiamento ou integração de Organização Criminosa",2025-02-18,2026-09-15T22:56:15.308000Z,24,G1,Eletrônico,https://eproc.jfrj.jus.br/eproc/externo_controlador.php?acao=processo_consulta_publica
50171072620254025101,5017107-26.2025.4.02.5101,1733,Procedimento Investigatório Criminal (PIC-MP) ,Estelionato Majorado ,2025-02-21,2025-03-13T20:32:03.034000Z,5,G1,Eletrônico,https://eproc.jfrj.jus.br/eproc/externo_controlador.php?acao=processo_consulta_publica
50172536720254025101,5017253-67.2025.4.02.5101,1733,Procedimento Investigatório Criminal (PIC-MP) ,Estelionato,2025-02-21,2025-04-14T14:27:41.707000Z,5,G1,Eletrônico,https://eproc.jfrj.jus.br/eproc/externo_controlador.php?acao=processo_consulta_publica
50175758720254025101,5017575-87.2025.4.02.5101,1733,Procedimento Investigatório Criminal (PIC-MP) ,Estelionato Majorado ,2025-02-24,2025-03-13T20:31:04.863000Z,5,G1,Eletrônico,https://eproc.jfrj.jus.br/eproc/externo_controlador.php?acao=processo_consulta_publica
50176035520254025101,5017603-55.2025.4.02.5101,283,Ação Penal - Procedimento Ordinário,Redução a condição análoga à de escravo ,2025-02-24,2026-06-13T14:12:24.846000Z,24,G1,Eletrônico,https://eproc.jfrj.jus.br/eproc/externo_controlador.php?acao=processo_consulta_publica
51205387620254025101,5120538-76.2025.4.02.5101,283,Ação Penal - Procedimento Ordinário,Redução a condição análoga à de escravo ,2025-02-24,2026-08-20T23:42:44.434000Z,8,G1,Eletrônico,https://eproc.jfrj.jus.br/eproc/externo_controlador.php?acao=processo_consulta_publica
50178113920254025101,5017811-39.2025.4.02.5101,1733,Procedimento Investigatório Criminal (PIC-MP) ,Contrabando ou descaminho ,2025-02-24,2025-03-13T20:32:20.019000Z,5,G1,Eletrônico,https://eproc.jfrj.jus.br/eproc/externo_controlador.php?acao=processo_consulta_publica
50179031720254025101,5017903-17.2025.4.02.5101,283,Ação Penal - Procedimento Ordinário,Apropriação indébita Previdenciária ; Crimes contra a Ordem Tributária; Sonegação de contribuição previdenciária ,2025-02-24,2025-12-13T14:41:15.824000Z,15,G1,Eletrônico,https://eproc.jfrj.jus.br/eproc/externo_controlador.php?acao=processo_consulta_publica
50182201520254025101,5018220-15.2025.4.02.5101,1733,Procedimento Investigatório Criminal (PIC-MP) ,Apropriação indébita Previdenciária ; Sonegação de contribuição previdenciária ,2025-02-25,2025-05-13T23:09:06.250000Z,8,G1,Eletrônico,https://eproc.jfrj.jus.br/eproc/externo_controlador.php?acao=processo_consulta_publica
50201930520254025101,5020193-05.2025.4.02.5101,1733,Procedimento Investigatório Criminal (PIC-MP) ,Fato Atípico,2025-03-06,2025-04-14T14:28:58.993000Z,5,G1,Eletrônico,https://eproc.jfrj.jus.br/eproc/externo_controlador.php?acao=processo_consulta_publica
50202753620254025101,5020275-36.2025.4.02.5101,1733,Procedimento Investigatório Criminal (PIC-MP) ,Estelionato Majorado ,2025-03-06,2025-04-14T14:37:00.522000Z,5,G1,Eletrônico,https://eproc.jfrj.jus.br/eproc/externo_controlador.php?acao=processo_consulta_publica
50204312420254025101,5020431-24.2025.4.02.5101,1733,Procedimento Investigatório Criminal (PIC-MP) ,Crimes de Tráfico Ilícito e Uso Indevido de Drogas,2025-03-07,2025-04-14T14:28:31.252000Z,5,G1,Eletrônico,https://eproc.jfrj.jus.br/eproc/externo_controlador.php?acao=processo_consulta_publica
50212384420254025101,5021238-44.2025.4.02.5101,283,Ação Penal - Procedimento Ordinário,Tráfico de Drogas e Condutas Afins,2025-03-10,2026-06-13T14:11:57.368000Z,21,G1,Eletrônico,https://eproc.jfrj.jus.br/eproc/externo_controlador.php?acao=processo_consulta_publica
50216203720254025101,5021620-37.2025.4.02.5101,279,Inquérito Policial,Violência ou fraude em arrematação judicial,2025-03-11,2025-05-13T23:09:08.322000Z,7,G1,Eletrônico,https://eproc.jfrj.jus.br/eproc/externo_controlador.php?acao=processo_consulta_publica
50218680320254025101,5021868-03.2025.4.02.5101,283,Ação Penal - Procedimento Ordinário,"Contrabando ou descaminho ; Promoção, constituição, financiamento ou integração de Organização Criminosa",2025-03-12,2026-08-20T23:12:52.123000Z,42,G1,Eletrônico,https://eproc.jfrj.jus.br/eproc/externo_controlador.php?acao=processo_consulta_publica
50228692320254025101,5022869-23.2025.4.02.5101,355,Carta Precatória Criminal,Suspensão; Transação,2025-03-14,2026-06-13T13:53:53.578000Z,12,G1,Eletrônico,https://eproc.jfrj.jus.br/eproc/externo_controlador.php?acao=processo_consulta_publica
50232928020254025101,5023292-80.2025.4.02.5101,307,Habeas Corpus Criminal,Contrabando ou descaminho ; Crimes de Tráfico Ilícito e Uso Indevido de Drogas; Habeas Corpus - Preventivo,2025-03-17,2025-08-16T02:42:06.019000Z,8,G1,Eletrônico,https://eproc.jfrj.jus.br/eproc/externo_controlador.php?acao=processo_consulta_publica
50237518220254025101,5023751-82.2025.4.02.5101,279,Inquérito Policial,Contrabando ou descaminho ,2025-03-18,2026-07-15T06:26:10.429000Z,10,G1,Eletrônico,https://eproc.jfrj.jus.br/eproc/externo_controlador.php?acao=processo_consulta_publica
50254241320254025101,5025424-13.2025.4.02.5101,1733,Procedimento Investigatório Criminal (PIC-MP) ,Crimes Previstos no Estatuto da criança e do adolescente,2025-03-21,2025-05-13T23:09:52.559000Z,5,G1,Eletrônico,https://eproc.jfrj.jus.br/eproc/externo_controlador.php?acao=processo_consulta_publica
50257783820254025101,5025778-38.2025.4.02.5101,1733,Procedimento Investigatório Criminal (PIC-MP) ,Crimes Previstos no Estatuto da criança e do adolescente,2025-03-24,2025-05-13T23:08:58.237000Z,5,G1,Eletrônico,https://eproc.jfrj.jus.br/eproc/externo_controlador.php?acao=processo_consulta_publica
50263170420254025101,5026317-04.2025.4.02.5101,279,Inquérito Policial,Tráfico de Drogas e Condutas Afins,2025-03-25,2026-06-13T14:31:52.272000Z,11,G1,Eletrônico,https://eproc.jfrj.jus.br/eproc/externo_controlador.php?acao=processo_consulta_publica
50270584420254025101,5027058-44.2025.4.02.5101,1733,Procedimento Investigatório Criminal (PIC-MP) ,Estelionato; Falsidade ideológica ,2025-03-26,2025-05-13T23:09:28.649000Z,5,G1,Eletrônico,https://eproc.jfrj.jus.br/eproc/externo_controlador.php?acao=processo_consulta_publica
50273919320254025101,5027391-93.2025.4.02.5101,426,Recurso em Sentido Estrito,Estelionato Majorado ,2025-03-27,2025-08-16T02:39:04.930000Z,6,G1,Eletrônico,https://eproc.jfrj.jus.br/eproc/externo_controlador.php?acao=processo_consulta_publica
50275893320254025101,5027589-33.2025.4.02.5101,1733,Procedimento Investigatório Criminal (PIC-MP) ,Dano Qualificado,2025-03-27,2025-05-13T23:10:30.822000Z,5,G1,Eletrônico,https://eproc.jfrj.jus.br/eproc/externo_controlador.php?acao=processo_consulta_publica
50304898620254025101,5030489-86.2025.4.02.5101,1733,Procedimento Investigatório Criminal (PIC-MP) ,Moeda Falsa / Assimilados,2025-04-04,2025-07-15T19:11:09.941000Z,5,G1,Eletrônico,https://eproc.jfrj.jus.br/eproc/externo_controlador.php?acao=processo_consulta_publica
50311280720254025101,5031128-07.2025.4.02.5101,1733,Procedimento Investigatório Criminal (PIC-MP) ,Estelionato Majorado ,2025-04-07,2025-05-13T23:10:19.373000Z,5,G1,Eletrônico,https://eproc.jfrj.jus.br/eproc/externo_controlador.php?acao=processo_consulta_publica
50314052320254025101,5031405-23.2025.4.02.5101,283,Ação Penal - Procedimento Ordinário,Crimes contra o Sistema Financeiro Nacional,2025-04-08,2026-08-20T23:23:00.537000Z,27,G1,Eletrônico,https://eproc.jfrj.jus.br/eproc/externo_controlador.php?acao=processo_consulta_publica
50318885320254025101,5031888-53.2025.4.02.5101,283,Ação Penal - Procedimento Ordinário,Estelionato Majorado ,2025-04-09,2025-12-13T14:39:52.310000Z,14,G1,Eletrônico,https://eproc.jfrj.jus.br/eproc/externo_controlador.php?acao=processo_consulta_publica
50319379420254025101,5031937-94.2025.4.02.5101,283,Ação Penal - Procedimento Ordinário,"Falsificação de documento público; Promoção, constituição, financiamento ou integração de Organização Criminosa",2025-04-09,2026-09-15T22:53:38.074000Z,18,G1,Eletrônico,https://eproc.jfrj.jus.br/eproc/externo_controlador.php?acao=processo_consulta_publica
50335920420254025101,5033592-04.2025.4.02.5101,283,Ação Penal - Procedimento Ordinário,Moeda Falsa / Assimilados,2025-04-14,2026-07-15T06:40:31.953000Z,16,G1,Eletrônico,https://eproc.jfrj.jus.br/eproc/externo_controlador.php?acao=processo_consulta_publica
50363306220254025101,5036330-62.2025.4.02.5101,1733,Procedimento Investigatório Criminal (PIC-MP) ,Violência ou fraude em arrematação judicial,2025-04-24,2025-06-14T05:24:26.133000Z,5,G1,Eletrônico,https://eproc.jfrj.jus.br/eproc/externo_controlador.php?acao=processo_consulta_publica
50371655020254025101,5037165-50.2025.4.02.5101,1733,Procedimento Investigatório Criminal (PIC-MP) ,Contrabando ou descaminho ,2025-04-25,2025-06-14T05:36:43.655000Z,5,G1,Eletrônico,https://eproc.jfrj.jus.br/eproc/externo_controlador.php?acao=processo_consulta_publica
50371672020254025101,5037167-20.2025.4.02.5101,1733,Procedimento Investigatório Criminal (PIC-MP) ,Falsificação de documento público,2025-04-25,2025-06-14T05:20:55.169000Z,5,G1,Eletrônico,https://eproc.jfrj.jus.br/eproc/externo_controlador.php?acao=processo_consulta_publica
50385798320254025101,5038579-83.2025.4.02.5101,1733,Procedimento Investigatório Criminal (PIC-MP) ,Estelionato Majorado ,2025-04-29,2025-06-14T06:14:10.130000Z,5,G1,Eletrônico,https://eproc.jfrj.jus.br/eproc/externo_controlador.php?acao=processo_consulta_publica
50385953720254025101,5038595-37.2025.4.02.5101,280,Auto de Prisão em Flagrante,Crimes contra o Meio Ambiente e o Patrimônio Genético,2025-04-29,2025-08-16T02:38:06.004000Z,6,G1,Eletrônico,https://eproc.jfrj.jus.br/eproc/externo_controlador.php?acao=processo_consulta_publica
50390994320254025101,5039099-43.2025.4.02.5101,1733,Procedimento Investigatório Criminal (PIC-MP) ,Contrabando ou descaminho ,2025-04-30,2025-06-14T06:03:36.289000Z,5,G1,Eletrônico,https://eproc.jfrj.jus.br/eproc/externo_controlador.php?acao=processo_consulta_publica
50407570520254025101,5040757-05.2025.4.02.5101,1733,Procedimento Investigatório Criminal (PIC-MP) ,Desobediência ,2025-05-07,2025-06-14T05:37:06.641000Z,5,G1,Eletrônico,https://eproc.jfrj.jus.br/eproc/externo_controlador.php?acao=processo_consulta_publica
50409528720254025101,5040952-87.2025.4.02.5101,1727,Petição Criminal,Tráfico de Drogas e Condutas Afins,2025-05-07,2026-09-15T22:54:12.233000Z,25,G1,Eletrônico,https://eproc.jfrj.jus.br/eproc/externo_controlador.php?acao=processo_consulta_publica
50416621020254025101,5041662-10.2025.4.02.5101,319,Exceção de Incompetência de Juízo,Crimes da Lei de licitações,2025-05-08,2025-08-16T02:39:37.495000Z,4,G1,Eletrônico,https://eproc.jfrj.jus.br/eproc/externo_controlador.php?acao=processo_consulta_publica
50416829820254025101,5041682-98.2025.4.02.5101,283,Ação Penal - Procedimento Ordinário,Crimes contra o Sistema Financeiro Nacional,2025-05-09,2026-09-15T22:54:14.661000Z,21,G1,Eletrônico,https://eproc.jfrj.jus.br/eproc/externo_controlador.php?acao=processo_consulta_publica
51130169520254025101,5113016-95.2025.4.02.5101,283,Ação Penal - Procedimento Ordinário,Crimes contra o Sistema Financeiro Nacional,2025-05-09,2026-09-15T22:55:27.599000Z,8,G1,Eletrônico,https://eproc.jfrj.jus.br/eproc/externo_controlador.php?acao=processo_consulta_publica
50418370420254025101,5041837-04.2025.4.02.5101,1733,Procedimento Investigatório Criminal (PIC-MP) ,Crimes de Tráfico Ilícito e Uso Indevido de Drogas,2025-05-09,2025-06-14T06:17:13.810000Z,5,G1,Eletrônico,https://eproc.jfrj.jus.br/eproc/externo_controlador.php?acao=processo_consulta_publica
50418466320254025101,5041846-63.2025.4.02.5101,1733,Procedimento Investigatório Criminal (PIC-MP) ,Crimes Previstos no Estatuto da criança e do adolescente,2025-05-09,2025-06-14T06:19:12.547000Z,5,G1,Eletrônico,https://eproc.jfrj.jus.br/eproc/externo_controlador.php?acao=processo_consulta_publica
50418925220254025101,5041892-52.2025.4.02.5101,1733,Procedimento Investigatório Criminal (PIC-MP) ,Difamação,2025-05-09,2025-06-14T06:01:43.956000Z,5,G1,Eletrônico,https://eproc.jfrj.jus.br/eproc/externo_controlador.php?acao=processo_consulta_publica
50434462220254025101,5043446-22.2025.4.02.5101,1727,Petição Criminal,Quadrilha ou Bando,2025-05-14,2025-09-13T16:00:44.542000Z,3,G1,Eletrônico,https://eproc.jfrj.jus.br/eproc/externo_controlador.php?acao=processo_consulta_publica
50459422420254025101,5045942-24.2025.4.02.5101,1733,Procedimento Investigatório Criminal (PIC-MP) ,Estelionato Majorado ; Falsidade ideológica ,2025-05-15,2025-06-14T05:40:49.458000Z,5,G1,Eletrônico,https://eproc.jfrj.jus.br/eproc/externo_controlador.php?acao=processo_consulta_publica
50461821320254025101,5046182-13.2025.4.02.5101,283,Ação Penal - Procedimento Ordinário,Crimes contra a Fauna,2025-05-15,2025-10-14T11:24:46.835000Z,7,G1,Eletrônico,https://eproc.jfrj.jus.br/eproc/externo_controlador.php?acao=processo_consulta_publica
50472465820254025101,5047246-58.2025.4.02.5101,283,Ação Penal - Procedimento Ordinário,Moeda Falsa / Assimilados,2025-05-16,2026-09-15T22:54:17.416000Z,27,G1,Eletrônico,https://eproc.jfrj.jus.br/eproc/externo_controlador.php?acao=processo_consulta_publica
50483646920254025101,5048364-69.2025.4.02.5101,283,Ação Penal - Procedimento Ordinário,Inserção de dados falsos em sistema de informações ,2025-05-19,2026-06-13T14:12:52.152000Z,16,G1,Eletrônico,https://eproc.jfrj.jus.br/eproc/externo_controlador.php?acao=processo_consulta_publica
50491553820254025101,5049155-38.2025.4.02.5101,1733,Procedimento Investigatório Criminal (PIC-MP) ,Fato Atípico,2025-05-20,2025-06-14T05:39:37.996000Z,5,G1,Eletrônico,https://eproc.jfrj.jus.br/eproc/externo_controlador.php?acao=processo_consulta_publica
50506086820254025101,5050608-68.2025.4.02.5101,1733,Procedimento Investigatório Criminal (PIC-MP) ,Corrupção passiva ; Estelionato Majorado ; Violação do sigilo funcional ,2025-05-23,2025-11-13T17:44:42.742000Z,8,G1,Eletrônico,https://eproc.jfrj.jus.br/eproc/externo_controlador.php?acao=processo_consulta_publica
50508087520254025101,5050808-75.2025.4.02.5101,1733,Procedimento Investigatório Criminal (PIC-MP) ,Leve,2025-05-23,2025-06-14T06:04:39.249000Z,5,G1,Eletrônico,https://eproc.jfrj.jus.br/eproc/externo_controlador.php?acao=processo_consulta_publica
50518072820254025101,5051807-28.2025.4.02.5101,307,Habeas Corpus Criminal,Posse de Drogas para Consumo Pessoal,2025-05-27,2025-09-13T17:20:40.885000Z,8,G1,Eletrônico,https://eproc.jfrj.jus.br/eproc/externo_controlador.php?acao=processo_consulta_publica
50521147920254025101,5052114-79.2025.4.02.5101,283,Ação Penal - Procedimento Ordinário,Peculato,2025-05-27,2026-08-20T23:22:35.255000Z,14,G1,Eletrônico,https://eproc.jfrj.jus.br/eproc/externo_controlador.php?acao=processo_consulta_publica
50524420920254025101,5052442-09.2025.4.02.5101,283,Ação Penal - Procedimento Ordinário,Apropriação indébita Previdenciária ,2025-05-28,2025-10-14T07:49:51.739000Z,14,G1,Eletrônico,https://eproc.jfrj.jus.br/eproc/externo_controlador.php?acao=processo_consulta_publica
50528189220254025101,5052818-92.2025.4.02.5101,1733,Procedimento Investigatório Criminal (PIC-MP) ,Estelionato Majorado ,2025-05-29,2025-06-14T05:47:31.394000Z,5,G1,Eletrônico,https://eproc.jfrj.jus.br/eproc/externo_controlador.php?acao=processo_consulta_publica
50531566620254025101,5053156-66.2025.4.02.5101,1291,Reabilitação,Tráfico de Drogas e Condutas Afins,2025-05-30,2025-12-13T15:05:29.259000Z,10,G1,Eletrônico,https://eproc.jfrj.jus.br/eproc/externo_controlador.php?acao=processo_consulta_publica
50535836320254025101,5053583-63.2025.4.02.5101,283,Ação Penal - Procedimento Ordinário,Inserção de dados falsos em sistema de informações ,2025-05-30,2026-09-15T22:54:24.029000Z,22,G1,Eletrônico,https://eproc.jfrj.jus.br/eproc/externo_controlador.php?acao=processo_consulta_publica
50536043920254025101,5053604-39.2025.4.02.5101,1733,Procedimento Investigatório Criminal (PIC-MP) ,Estelionato Majorado ; Falsificação de documento público,2025-05-30,2025-07-15T19:15:01.466000Z,5,G1,Eletrônico,https://eproc.jfrj.jus.br/eproc/externo_controlador.php?acao=processo_consulta_publica
50549511020254025101,5054951-10.2025.4.02.5101,1733,Procedimento Investigatório Criminal (PIC-MP) ,Estelionato Majorado ,2025-06-04,2025-07-15T19:18:52.970000Z,5,G1,Eletrônico,https://eproc.jfrj.jus.br/eproc/externo_controlador.php?acao=processo_consulta_publica
50551572420254025101,5055157-24.2025.4.02.5101,283,Ação Penal - Procedimento Ordinário,Moeda Falsa / Assimilados,2025-06-04,2026-08-21T00:08:29.861000Z,25,G1,Eletrônico,https://eproc.jfrj.jus.br/eproc/externo_controlador.php?acao=processo_consulta_publica
50551685320254025101,5055168-53.2025.4.02.5101,280,Auto de Prisão em Flagrante,Contrabando ou descaminho ,2025-06-04,2025-10-14T08:14:40.744000Z,6,G1,Eletrônico,https://eproc.jfrj.jus.br/eproc/externo_controlador.php?acao=processo_consulta_publica
50564919320254025101,5056491-93.2025.4.02.5101,1733,Procedimento Investigatório Criminal (PIC-MP) ,Usurpação de função pública ,2025-06-09,2026-06-13T14:09:18.403000Z,9,G1,Eletrônico,https://eproc.jfrj.jus.br/eproc/externo_controlador.php?acao=processo_consulta_publica
50577278020254025101,5057727-80.2025.4.02.5101,283,Ação Penal - Procedimento Ordinário,Crimes contra as Telecomunicações,2025-06-11,2026-09-15T22:54:18.295000Z,15,G1,Eletrônico,https://eproc.jfrj.jus.br/eproc/externo_controlador.php?acao=processo_consulta_publica
50579581020254025101,5057958-10.2025.4.02.5101,1727,Petição Criminal,Contrabando ou descaminho ,2025-06-12,2025-08-16T02:44:11.488000Z,3,G1,Eletrônico,https://eproc.jfrj.jus.br/eproc/externo_controlador.php?acao=processo_consulta_publica
50595101020254025101,5059510-10.2025.4.02.5101,1733,Procedimento Investigatório Criminal (PIC-MP) ,Crimes de Tortura,2025-06-16,2025-08-16T02:43:32.196000Z,5,G1,Eletrônico,https://eproc.jfrj.jus.br/eproc/externo_controlador.php?acao=processo_consulta_publica
50595360820254025101,5059536-08.2025.4.02.5101,1733,Procedimento Investigatório Criminal (PIC-MP) ,Fato Atípico,2025-06-16,2025-08-16T02:42:59.840000Z,5,G1,Eletrônico,https://eproc.jfrj.jus.br/eproc/externo_controlador.php?acao=processo_consulta_publica
50597405220254025101,5059740-52.2025.4.02.5101,1733,Procedimento Investigatório Criminal (PIC-MP) ,Estelionato,2025-06-17,2025-08-16T02:45:14.054000Z,5,G1,Eletrônico,https://eproc.jfrj.jus.br/eproc/externo_controlador.php?acao=processo_consulta_publica
50597665020254025101,5059766-50.2025.4.02.5101,1733,Procedimento Investigatório Criminal (PIC-MP) ,Contrabando ou descaminho ,2025-06-17,2025-08-16T02:42:34.157000Z,5,G1,Eletrônico,https://eproc.jfrj.jus.br/eproc/externo_controlador.php?acao=processo_consulta_publica
50598817120254025101,5059881-71.2025.4.02.5101,1733,Procedimento Investigatório Criminal (PIC-MP) ,Fato Atípico,2025-06-17,2025-07-15T19:13:34.258000Z,5,G1,Eletrônico,https://eproc.jfrj.jus.br/eproc/externo_controlador.php?acao=processo_consulta_publica
50601674920254025101,5060167-49.2025.4.02.5101,1733,Procedimento Investigatório Criminal (PIC-MP) ,Crimes contra as Telecomunicações,2025-06-18,2025-07-15T19:13:45.734000Z,5,G1,Eletrônico,https://eproc.jfrj.jus.br/eproc/externo_controlador.php?acao=processo_consulta_publica
50611842320254025101,5061184-23.2025.4.02.5101,1733,Procedimento Investigatório Criminal (PIC-MP) ,Tráfico de Drogas e Condutas Afins,2025-06-23,2025-08-16T02:44:54.278000Z,5,G1,Eletrônico,https://eproc.jfrj.jus.br/eproc/externo_controlador.php?acao=processo_consulta_publica
50611894520254025101,5061189-45.2025.4.02.5101,1733,Procedimento Investigatório Criminal (PIC-MP) ,Outras Substâncias Nocivas a Saúde Pública ,2025-06-23,2025-08-16T02:39:08.379000Z,5,G1,Eletrônico,https://eproc.jfrj.jus.br/eproc/externo_controlador.php?acao=processo_consulta_publica
50612171320254025101,5061217-13.2025.4.02.5101,1733,Procedimento Investigatório Criminal (PIC-MP) ,Falso testemunho ou falsa perícia ,2025-06-23,2025-08-16T02:39:46.989000Z,5,G1,Eletrônico,https://eproc.jfrj.jus.br/eproc/externo_controlador.php?acao=processo_consulta_publica
50612449320254025101,5061244-93.2025.4.02.5101,1733,Procedimento Investigatório Criminal (PIC-MP) ,Falsidade ideológica ,2025-06-23,2025-08-16T02:44:25.094000Z,5,G1,Eletrônico,https://eproc.jfrj.jus.br/eproc/externo_controlador.php?acao=processo_consulta_publica
50612483320254025101,5061248-33.2025.4.02.5101,1733,Procedimento Investigatório Criminal (PIC-MP) ,Desobediência a decisão judicial sobre perda ou suspensão de direitos ,2025-06-23,2025-08-16T02:44:07.948000Z,5,G1,Eletrônico,https://eproc.jfrj.jus.br/eproc/externo_controlador.php?acao=processo_consulta_publica
50617446220254025101,5061744-62.2025.4.02.5101,1727,Petição Criminal,"Crimes de &quot;Lavagem&quot; ou Ocultação de Bens, Direitos ou Valores",2025-06-24,2025-11-13T17:39:00.746000Z,10,G1,Eletrônico,https://eproc.jfrj.jus.br/eproc/externo_controlador.php?acao=processo_consulta_publica
50617593120254025101,5061759-31.2025.4.02.5101,1733,Procedimento Investigatório Criminal (PIC-MP) ,Estelionato Majorado ,2025-06-24,2025-08-16T02:43:55.897000Z,5,G1,Eletrônico,https://eproc.jfrj.jus.br/eproc/externo_controlador.php?acao=processo_consulta_publica
50622573020254025101,5062257-30.2025.4.02.5101,1733,Procedimento Investigatório Criminal (PIC-MP) ,Leve,2025-06-25,2025-07-15T19:28:08.944000Z,5,G1,Eletrônico,https://eproc.jfrj.jus.br/eproc/externo_controlador.php?acao=processo_consulta_publica
50633667920254025101,5063366-79.2025.4.02.5101,1733,Procedimento Investigatório Criminal (PIC-MP) ,Furto ,2025-06-27,2025-08-16T02:38:09.759000Z,5,G1,Eletrônico,https://eproc.jfrj.jus.br/eproc/externo_controlador.php?acao=processo_consulta_publica
50639063020254025101,5063906-30.2025.4.02.5101,426,Recurso em Sentido Estrito,"""Lavagem"" ou Ocultação de Bens, Direitos ou Valores Oriundos de Corrupção",2025-06-30,2025-12-13T14:57:37.263000Z,7,G1,Eletrônico,https://eproc.jfrj.jus.br/eproc/externo_controlador.php?acao=processo_consulta_publica
50679482520254025101,5067948-25.2025.4.02.5101,1733,Procedimento Investigatório Criminal (PIC-MP) ,Crimes contra a Ordem Tributária,2025-07-04,2025-09-13T18:20:48.997000Z,5,G1,Eletrônico,https://eproc.jfrj.jus.br/eproc/externo_controlador.php?acao=processo_consulta_publica
50687407620254025101,5068740-76.2025.4.02.5101,1733,Procedimento Investigatório Criminal (PIC-MP) ,Roubo ,2025-07-08,2025-09-13T18:00:49.736000Z,5,G1,Eletrônico,https://eproc.jfrj.jus.br/eproc/externo_controlador.php?acao=processo_consulta_publica
50687476820254025101,5068747-68.2025.4.02.5101,1733,Procedimento Investigatório Criminal (PIC-MP) ,Apropriação indébita,2025-07-08,2025-08-16T02:41:48.500000Z,5,G1,Eletrônico,https://eproc.jfrj.jus.br/eproc/externo_controlador.php?acao=processo_consulta_publica
50689234720254025101,5068923-47.2025.4.02.5101,333,Insanidade Mental do Acusado,Crimes contra a Ordem Tributária,2025-07-08,2026-09-15T22:54:20.952000Z,16,G1,Eletrônico,https://eproc.jfrj.jus.br/eproc/externo_controlador.php?acao=processo_consulta_publica
50693114720254025101,5069311-47.2025.4.02.5101,283,Ação Penal - Procedimento Ordinário,Furto ,2025-07-09,2025-12-13T15:26:04.831000Z,9,G1,Eletrônico,https://eproc.jfrj.jus.br/eproc/externo_controlador.php?acao=processo_consulta_publica
50705257320254025101,5070525-73.2025.4.02.5101,283,Ação Penal - Procedimento Ordinário,Estelionato,2025-07-11,2025-10-14T13:07:11.325000Z,4,G1,Eletrônico,https://eproc.jfrj.jus.br/eproc/externo_controlador.php?acao=processo_consulta_publica
50705309520254025101,5070530-95.2025.4.02.5101,319,Exceção de Incompetência de Juízo,Estelionato,2025-07-11,2025-09-13T16:20:45.164000Z,3,G1,Eletrônico,https://eproc.jfrj.jus.br/eproc/externo_controlador.php?acao=processo_consulta_publica
50710159520254025101,5071015-95.2025.4.02.5101,1733,Procedimento Investigatório Criminal (PIC-MP) ,Estelionato Majorado ,2025-07-14,2025-09-13T17:50:55.035000Z,5,G1,Eletrônico,https://eproc.jfrj.jus.br/eproc/externo_controlador.php?acao=processo_consulta_publica
50715035020254025101,5071503-50.2025.4.02.5101,1733,Procedimento Investigatório Criminal (PIC-MP) ,Invasão de Dispositivo Informático,2025-07-15,2025-08-16T02:39:26.913000Z,5,G1,Eletrônico,https://eproc.jfrj.jus.br/eproc/externo_controlador.php?acao=processo_consulta_publica
50723687320254025101,5072368-73.2025.4.02.5101,1733,Procedimento Investigatório Criminal (PIC-MP) ,Ameaça ,2025-07-17,2025-08-16T02:45:17.895000Z,5,G1,Eletrônico,https://eproc.jfrj.jus.br/eproc/externo_controlador.php?acao=processo_consulta_publica
50724596620254025101,5072459-66.2025.4.02.5101,327,Embargos de Terceiro Criminal,"""Lavagem"" ou Ocultação de Bens, Direitos ou Valores Oriundos de Corrupção",2025-07-17,2026-01-12T21:40:12.818000Z,8,G1,Eletrônico,https://eproc.jfrj.jus.br/eproc/externo_controlador.php?acao=processo_consulta_publica
50726415220254025101,5072641-52.2025.4.02.5101,1733,Procedimento Investigatório Criminal (PIC-MP) ,Roubo ,2025-07-17,2025-08-16T02:45:27.059000Z,5,G1,Eletrônico,https://eproc.jfrj.jus.br/eproc/externo_controlador.php?acao=processo_consulta_publica
50734374320254025101,5073437-43.2025.4.02.5101,1733,Procedimento Investigatório Criminal (PIC-MP) ,Calúnia,2025-07-21,2025-08-16T02:38:51.316000Z,5,G1,Eletrônico,https://eproc.jfrj.jus.br/eproc/externo_controlador.php?acao=processo_consulta_publica
50750778120254025101,5075077-81.2025.4.02.5101,1733,Procedimento Investigatório Criminal (PIC-MP) ,Fato Atípico,2025-07-24,2025-08-16T02:42:07.734000Z,5,G1,Eletrônico,https://eproc.jfrj.jus.br/eproc/externo_controlador.php?acao=processo_consulta_publica
50771615520254025101,5077161-55.2025.4.02.5101,1733,Procedimento Investigatório Criminal (PIC-MP) ,Crimes Resultante de Preconceito de Raça ou de Cor,2025-07-30,2025-09-13T18:00:44.337000Z,5,G1,Eletrônico,https://eproc.jfrj.jus.br/eproc/externo_controlador.php?acao=processo_consulta_publica
50781202620254025101,5078120-26.2025.4.02.5101,283,Ação Penal - Procedimento Ordinário,Contrabando ou descaminho ,2025-08-01,2026-09-15T22:54:30.958000Z,25,G1,Eletrônico,https://eproc.jfrj.jus.br/eproc/externo_controlador.php?acao=processo_consulta_publica
50786286920254025101,5078628-69.2025.4.02.5101,1733,Procedimento Investigatório Criminal (PIC-MP) ,Estelionato Majorado ,2025-08-04,2025-09-13T15:50:44.805000Z,5,G1,Eletrônico,https://eproc.jfrj.jus.br/eproc/externo_controlador.php?acao=processo_consulta_publica
50805366420254025101,5080536-64.2025.4.02.5101,319,Exceção de Incompetência de Juízo,Suspensão,2025-08-08,2025-11-13T18:08:40.712000Z,7,G1,Eletrônico,https://eproc.jfrj.jus.br/eproc/externo_controlador.php?acao=processo_consulta_publica
50805799820254025101,5080579-98.2025.4.02.5101,1733,Procedimento Investigatório Criminal (PIC-MP) ,Tráfico de Drogas e Condutas Afins,2025-08-08,2025-09-13T15:40:51.195000Z,5,G1,Eletrônico,https://eproc.jfrj.jus.br/eproc/externo_controlador.php?acao=processo_consulta_publica
50813463920254025101,5081346-39.2025.4.02.5101,1733,Procedimento Investigatório Criminal (PIC-MP) ,Falso testemunho ou falsa perícia ,2025-08-12,2025-09-13T17:10:45.758000Z,5,G1,Eletrônico,https://eproc.jfrj.jus.br/eproc/externo_controlador.php?acao=processo_consulta_publica
50823917820254025101,5082391-78.2025.4.02.5101,1733,Procedimento Investigatório Criminal (PIC-MP) ,Falsificação de documento público,2025-08-14,2025-09-13T16:00:53.983000Z,5,G1,Eletrônico,https://eproc.jfrj.jus.br/eproc/externo_controlador.php?acao=processo_consulta_publica
50825026220254025101,5082502-62.2025.4.02.5101,1733,Procedimento Investigatório Criminal (PIC-MP) ,Moeda Falsa / Assimilados,2025-08-14,2025-09-13T15:50:44.210000Z,5,G1,Eletrônico,https://eproc.jfrj.jus.br/eproc/externo_controlador.php?acao=processo_consulta_publica
50828897720254025101,5082889-77.2025.4.02.5101,326,Restituição de Coisas Apreendidas,Corrupção passiva ,2025-08-15,2026-06-13T13:52:02.172000Z,4,G1,Eletrônico,https://eproc.jfrj.jus.br/eproc/externo_controlador.php?acao=processo_consulta_publica
50830196720254025101,5083019-67.2025.4.02.5101,1733,Procedimento Investigatório Criminal (PIC-MP) ,Estelionato Majorado ,2025-08-15,2025-09-13T15:50:41.033000Z,5,G1,Eletrônico,https://eproc.jfrj.jus.br/eproc/externo_controlador.php?acao=processo_consulta_publica
50846669720254025101,5084666-97.2025.4.02.5101,1733,Procedimento Investigatório Criminal (PIC-MP) ,Falsificação de documento público,2025-08-21,2025-09-13T15:50:42.582000Z,5,G1,Eletrônico,https://eproc.jfrj.jus.br/eproc/externo_controlador.php?acao=processo_consulta_publica
50850168520254025101,5085016-85.2025.4.02.5101,1733,Procedimento Investigatório Criminal (PIC-MP) ,Ameaça ,2025-08-22,2025-10-14T14:35:00.797000Z,5,G1,Eletrônico,https://eproc.jfrj.jus.br/eproc/externo_controlador.php?acao=processo_consulta_publica
50855433720254025101,5085543-37.2025.4.02.5101,1727,Petição Criminal,"Crimes de &quot;Lavagem&quot; ou Ocultação de Bens, Direitos ou Valores",2025-08-25,2026-06-13T14:11:29.732000Z,15,G1,Eletrônico,https://eproc.jfrj.jus.br/eproc/externo_controlador.php?acao=processo_consulta_publica
50855901120254025101,5085590-11.2025.4.02.5101,1733,Procedimento Investigatório Criminal (PIC-MP) ,Estelionato Majorado ,2025-08-25,2025-09-13T14:50:44.862000Z,5,G1,Eletrônico,https://eproc.jfrj.jus.br/eproc/externo_controlador.php?acao=processo_consulta_publica
50864354320254025101,5086435-43.2025.4.02.5101,326,Restituição de Coisas Apreendidas,Corrupção passiva ,2025-08-26,2026-09-15T22:55:10.119000Z,10,G1,Eletrônico,https://eproc.jfrj.jus.br/eproc/externo_controlador.php?acao=processo_consulta_publica
50870442620254025101,5087044-26.2025.4.02.5101,283,Ação Penal - Procedimento Ordinário,Crimes contra o Meio Ambiente e o Patrimônio Genético,2025-08-27,2026-06-13T14:09:49.666000Z,13,G1,Eletrônico,https://eproc.jfrj.jus.br/eproc/externo_controlador.php?acao=processo_consulta_publica
50872036620254025101,5087203-66.2025.4.02.5101,279,Inquérito Policial,Moeda Falsa / Assimilados,2025-08-28,2026-09-15T22:56:33.836000Z,30,G1,Eletrônico,https://eproc.jfrj.jus.br/eproc/externo_controlador.php?acao=processo_consulta_publica
50873699820254025101,5087369-98.2025.4.02.5101,1733,Procedimento Investigatório Criminal (PIC-MP) ,Contrabando ou descaminho ,2025-08-28,2025-10-14T12:54:52.650000Z,5,G1,Eletrônico,https://eproc.jfrj.jus.br/eproc/externo_controlador.php?acao=processo_consulta_publica
50881900520254025101,5088190-05.2025.4.02.5101,1733,Procedimento Investigatório Criminal (PIC-MP) ,Uso de documento falso ,2025-09-01,2025-10-14T11:44:44.639000Z,5,G1,Eletrônico,https://eproc.jfrj.jus.br/eproc/externo_controlador.php?acao=processo_consulta_publica
50884420820254025101,5088442-08.2025.4.02.5101,1733,Procedimento Investigatório Criminal (PIC-MP) ,Estelionato,2025-09-01,2025-10-14T10:27:06.548000Z,5,G1,Eletrônico,https://eproc.jfrj.jus.br/eproc/externo_controlador.php?acao=processo_consulta_publica
50889071720254025101,5088907-17.2025.4.02.5101,283,Ação Penal - Procedimento Ordinário,Crimes Previstos no Estatuto do Idoso,2025-09-02,2026-06-13T14:14:01.363000Z,13,G1,Eletrônico,https://eproc.jfrj.jus.br/eproc/externo_controlador.php?acao=processo_consulta_publica
50897049020254025101,5089704-90.2025.4.02.5101,1733,Procedimento Investigatório Criminal (PIC-MP) ,Desobediência ,2025-09-04,2025-10-14T01:25:10.264000Z,5,G1,Eletrônico,https://eproc.jfrj.jus.br/eproc/externo_controlador.php?acao=processo_consulta_publica
50908454720254025101,5090845-47.2025.4.02.5101,1727,Petição Criminal,"Crimes de &quot;Lavagem&quot; ou Ocultação de Bens, Direitos ou Valores",2025-09-08,2026-01-13T00:27:33.110000Z,8,G1,Eletrônico,https://eproc.jfrj.jus.br/eproc/externo_controlador.php?acao=processo_consulta_publica
50908697520254025101,5090869-75.2025.4.02.5101,1727,Petição Criminal,"Crimes de &quot;Lavagem&quot; ou Ocultação de Bens, Direitos ou Valores",2025-09-08,2025-11-13T17:32:09.194000Z,6,G1,Eletrônico,https://eproc.jfrj.jus.br/eproc/externo_controlador.php?acao=processo_consulta_publica
50909598320254025101,5090959-83.2025.4.02.5101,1727,Petição Criminal,Moeda Falsa / Assimilados,2025-09-08,2026-09-15T22:54:52.761000Z,24,G1,Eletrônico,https://eproc.jfrj.jus.br/eproc/externo_controlador.php?acao=processo_consulta_publica
50916327620254025101,5091632-76.2025.4.02.5101,1733,Procedimento Investigatório Criminal (PIC-MP) ,Moeda Falsa / Assimilados,2025-09-10,2025-11-13T17:47:52.104000Z,5,G1,Eletrônico,https://eproc.jfrj.jus.br/eproc/externo_controlador.php?acao=processo_consulta_publica
50921229820254025101,5092122-98.2025.4.02.5101,1733,Procedimento Investigatório Criminal (PIC-MP) ,Peculato mediante erro de outrem,2025-09-11,2025-10-14T10:14:40.751000Z,5,G1,Eletrônico,https://eproc.jfrj.jus.br/eproc/externo_controlador.php?acao=processo_consulta_publica
50927750320254025101,5092775-03.2025.4.02.5101,1733,Procedimento Investigatório Criminal (PIC-MP) ,Crimes contra a Ordem Tributária,2025-09-12,2025-11-13T17:47:51.289000Z,5,G1,Eletrônico,https://eproc.jfrj.jus.br/eproc/externo_controlador.php?acao=processo_consulta_publica
50961796220254025101,5096179-62.2025.4.02.5101,1733,Procedimento Investigatório Criminal (PIC-MP) ,"Promoção, constituição, financiamento ou integração de Organização Criminosa",2025-09-18,2025-11-13T18:08:25.870000Z,5,G1,Eletrônico,https://eproc.jfrj.jus.br/eproc/externo_controlador.php?acao=processo_consulta_publica
50997451920254025101,5099745-19.2025.4.02.5101,1733,Procedimento Investigatório Criminal (PIC-MP) ,Falso testemunho ou falsa perícia ,2025-09-24,2025-11-13T17:47:49.838000Z,5,G1,Eletrônico,https://eproc.jfrj.jus.br/eproc/externo_controlador.php?acao=processo_consulta_publica
51024421320254025101,5102442-13.2025.4.02.5101,283,Ação Penal - Procedimento Ordinário,Moeda Falsa / Assimilados,2025-09-29,2026-09-15T22:55:28.125000Z,23,G1,Eletrônico,https://eproc.jfrj.jus.br/eproc/externo_controlador.php?acao=processo_consulta_publica
51370434520254025101,5137043-45.2025.4.02.5101,283,Ação Penal - Procedimento Ordinário,Moeda Falsa / Assimilados,2025-09-29,2026-09-15T22:56:07.958000Z,14,G1,Eletrônico,https://eproc.jfrj.jus.br/eproc/externo_controlador.php?acao=processo_consulta_publica
51026006820254025101,5102600-68.2025.4.02.5101,283,Ação Penal - Procedimento Ordinário,"""Lavagem"" ou Ocultação de Bens, Direitos ou Valores Oriundos de Corrupção; Crimes da Lei de licitações; Peculato",2025-09-29,2026-09-15T22:55:28.803000Z,18,G1,Eletrônico,https://eproc.jfrj.jus.br/eproc/externo_controlador.php?acao=processo_consulta_publica
51028431220254025101,5102843-12.2025.4.02.5101,1733,Procedimento Investigatório Criminal (PIC-MP) ,Falso testemunho ou falsa perícia ,2025-09-29,2025-11-13T17:28:00.203000Z,5,G1,Eletrônico,https://eproc.jfrj.jus.br/eproc/externo_controlador.php?acao=processo_consulta_publica
51028527120254025101,5102852-71.2025.4.02.5101,327,Embargos de Terceiro Criminal,"Corrupção ativa ; Corrupção passiva ; Crimes da Lei de licitações; Promoção, constituição, financiamento ou integração de Organização Criminosa",2025-09-29,2025-11-13T17:38:55.067000Z,6,G1,Eletrônico,https://eproc.jfrj.jus.br/eproc/externo_controlador.php?acao=processo_consulta_publica
51028682520254025101,5102868-25.2025.4.02.5101,326,Restituição de Coisas Apreendidas,"Corrupção ativa ; Crimes da Lei de licitações; Promoção, constituição, financiamento ou integração de Organização Criminosa",2025-09-29,2026-07-15T06:26:31.589000Z,12,G1,Eletrônico,https://eproc.jfrj.jus.br/eproc/externo_controlador.php?acao=processo_consulta_publica
51031168820254025101,5103116-88.2025.4.02.5101,1727,Petição Criminal,Crimes contra a Ordem Tributária,2025-09-30,2026-09-15T22:55:49.974000Z,5,G1,Eletrônico,https://eproc.jfrj.jus.br/eproc/externo_controlador.php?acao=processo_consulta_publica
51032112120254025101,5103211-21.2025.4.02.5101,313,Pedido de Prisão Preventiva,Crimes contra o Sistema Financeiro Nacional,2025-09-30,2026-09-15T22:55:28.706000Z,24,G1,Eletrônico,https://eproc.jfrj.jus.br/eproc/externo_controlador.php?acao=processo_consulta_publica
51036390320254025101,5103639-03.2025.4.02.5101,1733,Procedimento Investigatório Criminal (PIC-MP) ,Apropriação indébita,2025-10-01,2025-11-13T17:51:47.405000Z,5,G1,Eletrônico,https://eproc.jfrj.jus.br/eproc/externo_controlador.php?acao=processo_consulta_publica
51043726620254025101,5104372-66.2025.4.02.5101,1733,Procedimento Investigatório Criminal (PIC-MP) ,Desobediência ,2025-10-02,2025-11-13T17:28:00.757000Z,9,G1,Eletrônico,https://eproc.jfrj.jus.br/eproc/externo_controlador.php?acao=processo_consulta_publica
51075208520254025101,5107520-85.2025.4.02.5101,1733,Procedimento Investigatório Criminal (PIC-MP) ,Arquivamento de Procedimento Investigatório Criminal - PIC-MP; Estelionato Majorado ,2025-10-09,2025-11-13T17:35:19.916000Z,5,G1,Eletrônico,https://eproc.jfrj.jus.br/eproc/externo_controlador.php?acao=processo_consulta_publica
51076949420254025101,5107694-94.2025.4.02.5101,326,Restituição de Coisas Apreendidas,"Crimes de &quot;Lavagem&quot; ou Ocultação de Bens, Direitos ou Valores",2025-10-09,2026-01-12T22:36:45.554000Z,9,G1,Eletrônico,https://eproc.jfrj.jus.br/eproc/externo_controlador.php?acao=processo_consulta_publica
51079538920254025101,5107953-89.2025.4.02.5101,283,Ação Penal - Procedimento Ordinário,Peculato,2025-10-09,2026-08-20T23:39:04.380000Z,16,G1,Eletrônico,https://eproc.jfrj.jus.br/eproc/externo_controlador.php?acao=processo_consulta_publica
51080283120254025101,5108028-31.2025.4.02.5101,1733,Procedimento Investigatório Criminal (PIC-MP) ,Ameaça ; Coação no curso do processo ; Desacato ,2025-10-09,2025-11-13T17:23:27.847000Z,8,G1,Eletrônico,https://eproc.jfrj.jus.br/eproc/externo_controlador.php?acao=processo_consulta_publica
51082275320254025101,5108227-53.2025.4.02.5101,1733,Procedimento Investigatório Criminal (PIC-MP) ,Uso de documento falso ,2025-10-10,2025-11-13T17:42:16.863000Z,5,G1,Eletrônico,https://eproc.jfrj.jus.br/eproc/externo_controlador.php?acao=processo_consulta_publica
51083098420254025101,5108309-84.2025.4.02.5101,1727,Petição Criminal,"Crimes de &quot;Lavagem&quot; ou Ocultação de Bens, Direitos ou Valores",2025-10-10,2026-09-15T22:56:10.766000Z,10,G1,Eletrônico,https://eproc.jfrj.jus.br/eproc/externo_controlador.php?acao=processo_consulta_publica
51102758220254025101,5110275-82.2025.4.02.5101,1733,Procedimento Investigatório Criminal (PIC-MP) ,Uso de documento falso ,2025-10-14,2025-11-13T17:39:00.770000Z,5,G1,Eletrônico,https://eproc.jfrj.jus.br/eproc/externo_controlador.php?acao=processo_consulta_publica
51106091920254025101,5110609-19.2025.4.02.5101,1733,Procedimento Investigatório Criminal (PIC-MP) ,Fato Atípico,2025-10-14,2025-11-13T17:52:13.092000Z,5,G1,Eletrônico,https://eproc.jfrj.jus.br/eproc/externo_controlador.php?acao=processo_consulta_publica
51114995520254025101,5111499-55.2025.4.02.5101,283,Ação Penal - Procedimento Ordinário,Peculato,2025-10-16,2026-07-15T06:24:24.961000Z,15,G1,Eletrônico,https://eproc.jfrj.jus.br/eproc/externo_controlador.php?acao=processo_consulta_publica
51124739220254025101,5112473-92.2025.4.02.5101,1733,Procedimento Investigatório Criminal (PIC-MP) ,Crimes Previstos no Estatuto da criança e do adolescente,2025-10-20,2025-11-13T17:47:52.116000Z,5,G1,Eletrônico,https://eproc.jfrj.jus.br/eproc/externo_controlador.php?acao=processo_consulta_publica
51135876620254025101,5113587-66.2025.4.02.5101,279,Inquérito Policial,Estelionato Majorado ,2025-10-22,2026-08-20T23:20:39.921000Z,12,G1,Eletrônico,https://eproc.jfrj.jus.br/eproc/externo_controlador.php?acao=processo_consulta_publica
51137114920254025101,5113711-49.2025.4.02.5101,1733,Procedimento Investigatório Criminal (PIC-MP) ,Desobediência ,2025-10-22,2025-12-13T15:13:21.548000Z,5,G1,Eletrônico,https://eproc.jfrj.jus.br/eproc/externo_controlador.php?acao=processo_consulta_publica
51140760620254025101,5114076-06.2025.4.02.5101,1733,Procedimento Investigatório Criminal (PIC-MP) ,Homicídio Simples,2025-10-23,2025-11-13T18:08:56.340000Z,5,G1,Eletrônico,https://eproc.jfrj.jus.br/eproc/externo_controlador.php?acao=processo_consulta_publica
51144728020254025101,5114472-80.2025.4.02.5101,1733,Procedimento Investigatório Criminal (PIC-MP) ,Falso testemunho ou falsa perícia ,2025-10-24,2025-12-13T15:11:19.352000Z,5,G1,Eletrônico,https://eproc.jfrj.jus.br/eproc/externo_controlador.php?acao=processo_consulta_publica
51150391420254025101,5115039-14.2025.4.02.5101,1733,Procedimento Investigatório Criminal (PIC-MP) ,Fato Atípico,2025-10-27,2025-12-13T14:40:55.899000Z,5,G1,Eletrônico,https://eproc.jfrj.jus.br/eproc/externo_controlador.php?acao=processo_consulta_publica
50120433220254025102,5012043-32.2025.4.02.5102,283,Ação Penal - Procedimento Ordinário,Crimes contra a Fauna,2025-10-29,2026-01-13T01:34:01.327000Z,9,G1,Eletrônico,https://eproc.jfrj.jus.br/eproc/externo_controlador.php?acao=processo_consulta_publica
51171532320254025101,5117153-23.2025.4.02.5101,1733,Procedimento Investigatório Criminal (PIC-MP) ,"Intolerância Racial, de Cor e/ou Etnia",2025-10-29,2025-12-13T15:03:31.655000Z,5,G1,Eletrônico,https://eproc.jfrj.jus.br/eproc/externo_controlador.php?acao=processo_consulta_publica
51171593020254025101,5117159-30.2025.4.02.5101,1733,Procedimento Investigatório Criminal (PIC-MP) ,Roubo ,2025-10-29,2025-12-13T14:53:48.439000Z,5,G1,Eletrônico,https://eproc.jfrj.jus.br/eproc/externo_controlador.php?acao=processo_consulta_publica
51179916320254025101,5117991-63.2025.4.02.5101,283,Ação Penal - Procedimento Ordinário,Estelionato Majorado ,2025-10-30,2026-07-15T01:52:49.324000Z,17,G1,Eletrônico,https://eproc.jfrj.jus.br/eproc/externo_controlador.php?acao=processo_consulta_publica
51190490420254025101,5119049-04.2025.4.02.5101,1727,Petição Criminal,Suspensão,2025-11-03,2025-12-13T14:50:17.699000Z,3,G1,Eletrônico,https://eproc.jfrj.jus.br/eproc/externo_controlador.php?acao=processo_consulta_publica
51204330220254025101,5120433-02.2025.4.02.5101,1733,Procedimento Investigatório Criminal (PIC-MP) ,Falsificação de documento público,2025-11-06,2025-12-13T14:40:26.783000Z,5,G1,Eletrônico,https://eproc.jfrj.jus.br/eproc/externo_controlador.php?acao=processo_consulta_publica
51204409120254025101,5120440-91.2025.4.02.5101,1733,Procedimento Investigatório Criminal (PIC-MP) ,Fato Atípico,2025-11-06,2026-01-12T22:30:22.303000Z,5,G1,Eletrônico,https://eproc.jfrj.jus.br/eproc/externo_controlador.php?acao=processo_consulta_publica
51204807320254025101,5120480-73.2025.4.02.5101,1733,Procedimento Investigatório Criminal (PIC-MP) ,Roubo ,2025-11-06,2026-01-12T21:46:20.975000Z,5,G1,Eletrônico,https://eproc.jfrj.jus.br/eproc/externo_controlador.php?acao=processo_consulta_publica
51205040420254025101,5120504-04.2025.4.02.5101,1733,Procedimento Investigatório Criminal (PIC-MP) ,Prevaricação,2025-11-06,2025-12-13T14:41:01.435000Z,5,G1,Eletrônico,https://eproc.jfrj.jus.br/eproc/externo_controlador.php?acao=processo_consulta_publica
51207795020254025101,5120779-50.2025.4.02.5101,307,Habeas Corpus Criminal,Tráfico de Drogas e Condutas Afins,2025-11-07,2026-06-13T14:13:50.621000Z,4,G1,Eletrônico,https://eproc.jfrj.jus.br/eproc/externo_controlador.php?acao=processo_consulta_publica
51211224620254025101,5121122-46.2025.4.02.5101,283,Ação Penal - Procedimento Ordinário,Estelionato Majorado ,2025-11-07,2026-09-15T22:55:32.650000Z,15,G1,Eletrônico,https://eproc.jfrj.jus.br/eproc/externo_controlador.php?acao=processo_consulta_publica
51220006820254025101,5122000-68.2025.4.02.5101,1733,Procedimento Investigatório Criminal (PIC-MP) ,Desobediência ,2025-11-11,2025-12-13T14:41:03.470000Z,5,G1,Eletrônico,https://eproc.jfrj.jus.br/eproc/externo_controlador.php?acao=processo_consulta_publica
51220119720254025101,5122011-97.2025.4.02.5101,1733,Procedimento Investigatório Criminal (PIC-MP) ,Furto Qualificado ,2025-11-11,2026-06-13T14:09:21.303000Z,9,G1,Eletrônico,https://eproc.jfrj.jus.br/eproc/externo_controlador.php?acao=processo_consulta_publica
51220128220254025101,5122012-82.2025.4.02.5101,1733,Procedimento Investigatório Criminal (PIC-MP) ,Crimes contra o Meio Ambiente e o Patrimônio Genético,2025-11-11,2026-08-20T23:27:58.510000Z,11,G1,Eletrônico,https://eproc.jfrj.jus.br/eproc/externo_controlador.php?acao=processo_consulta_publica
51221461220254025101,5122146-12.2025.4.02.5101,14678,Acordo de Não Persecução Penal,Contrabando ou descaminho ,2025-11-11,2026-09-15T22:55:51.508000Z,17,G1,Eletrônico,https://eproc.jfrj.jus.br/eproc/externo_controlador.php?acao=processo_consulta_publica
51234184120254025101,5123418-41.2025.4.02.5101,283,Ação Penal - Procedimento Ordinário,Crimes Resultante de Preconceito de Raça ou de Cor,2025-11-13,2026-09-15T22:55:30.757000Z,14,G1,Eletrônico,https://eproc.jfrj.jus.br/eproc/externo_controlador.php?acao=processo_consulta_publica
51243087720254025101,5124308-77.2025.4.02.5101,1733,Procedimento Investigatório Criminal (PIC-MP) ,"Comércio, Posse ou Tráfico Proveniente de Caça Ilegal",2025-11-17,2026-09-15T22:56:01.689000Z,14,G1,Eletrônico,https://eproc.jfrj.jus.br/eproc/externo_controlador.php?acao=processo_consulta_publica
51265848120254025101,5126584-81.2025.4.02.5101,1733,Procedimento Investigatório Criminal (PIC-MP) ,Crimes contra o Sistema Financeiro Nacional,2025-11-24,2026-06-13T13:52:14.950000Z,8,G1,Eletrônico,https://eproc.jfrj.jus.br/eproc/externo_controlador.php?acao=processo_consulta_publica
51274188420254025101,5127418-84.2025.4.02.5101,283,Ação Penal - Procedimento Ordinário,Crimes contra a Ordem Econômica,2025-11-26,2026-08-20T23:38:56.424000Z,21,G1,Eletrônico,https://eproc.jfrj.jus.br/eproc/externo_controlador.php?acao=processo_consulta_publica
51282805520254025101,5128280-55.2025.4.02.5101,283,Ação Penal - Procedimento Ordinário,Crimes contra o Sistema Financeiro Nacional,2025-11-27,2026-09-15T22:55:51.876000Z,18,G1,Eletrônico,https://eproc.jfrj.jus.br/eproc/externo_controlador.php?acao=processo_consulta_publica
51284979820254025101,5128497-98.2025.4.02.5101,283,Ação Penal - Procedimento Ordinário,Estelionato Majorado ; Quadrilha ou Bando,2025-11-28,2026-09-15T22:55:30.173000Z,20,G1,Eletrônico,https://eproc.jfrj.jus.br/eproc/externo_controlador.php?acao=processo_consulta_publica
51291414120254025101,5129141-41.2025.4.02.5101,1733,Procedimento Investigatório Criminal (PIC-MP) ,Crimes Previstos no Estatuto da criança e do adolescente,2025-12-01,2026-01-13T00:26:55.269000Z,5,G1,Eletrônico,https://eproc.jfrj.jus.br/eproc/externo_controlador.php?acao=processo_consulta_publica
51297286320254025101,5129728-63.2025.4.02.5101,283,Ação Penal - Procedimento Ordinário,Corrupção passiva ,2025-12-02,2026-06-13T14:12:13.498000Z,17,G1,Eletrônico,https://eproc.jfrj.jus.br/eproc/externo_controlador.php?acao=processo_consulta_publica
51313637920254025101,5131363-79.2025.4.02.5101,1733,Procedimento Investigatório Criminal (PIC-MP) ,Estelionato Majorado ,2025-12-05,2026-06-13T13:58:12.815000Z,5,G1,Eletrônico,https://eproc.jfrj.jus.br/eproc/externo_controlador.php?acao=processo_consulta_publica
51314390620254025101,5131439-06.2025.4.02.5101,1733,Procedimento Investigatório Criminal (PIC-MP) ,Crimes contra a Ordem Tributária,2025-12-05,2026-01-12T23:30:16.891000Z,5,G1,Eletrônico,https://eproc.jfrj.jus.br/eproc/externo_controlador.php?acao=processo_consulta_publica
51349259620254025101,5134925-96.2025.4.02.5101,283,Ação Penal - Procedimento Ordinário,Estelionato Majorado ,2025-12-11,2026-08-20T23:31:59.898000Z,11,G1,Eletrônico,https://eproc.jfrj.jus.br/eproc/externo_controlador.php?acao=processo_consulta_publica
51381563420254025101,5138156-34.2025.4.02.5101,283,Ação Penal - Procedimento Ordinário,Poluição,2025-12-18,2026-09-15T22:56:41.054000Z,13,G1,Eletrônico,https://eproc.jfrj.jus.br/eproc/externo_controlador.php?acao=processo_consulta_publica
51387123620254025101,5138712-36.2025.4.02.5101,283,Ação Penal - Procedimento Ordinário,Estelionato Majorado ,2025-12-19,2026-06-13T13:52:02.020000Z,14,G1,Eletrônico,https://eproc.jfrj.jus.br/eproc/externo_controlador.php?acao=processo_consulta_publica
51412066820254025101,5141206-68.2025.4.02.5101,1733,Procedimento Investigatório Criminal (PIC-MP) ,Moeda Falsa / Assimilados,2025-12-23,2026-09-15T22:55:50.346000Z,16,G1,Eletrônico,https://eproc.jfrj.jus.br/eproc/externo_controlador.php?acao=processo_consulta_publica
51413902420254025101,5141390-24.2025.4.02.5101,1727,Petição Criminal,Fato Atípico,2025-12-26,2026-06-13T14:11:42.040000Z,8,G1,Eletrônico,https://eproc.jfrj.jus.br/eproc/externo_controlador.php?acao=processo_consulta_publica
50009296520264025101,5000929-65.2026.4.02.5101,1733,Procedimento Investigatório Criminal (PIC-MP) ,Difamação; Injúria,2026-01-08,2026-07-15T06:40:29.755000Z,5,G1,Eletrônico,https://eproc.jfrj.jus.br/eproc/externo_controlador.php?acao=processo_consulta_publica
50013497020264025101,5001349-70.2026.4.02.5101,327,Embargos de Terceiro Criminal,Corrupção passiva ,2026-01-09,2026-07-15T06:26:25.944000Z,4,G1,Eletrônico,https://eproc.jfrj.jus.br/eproc/externo_controlador.php?acao=processo_consulta_publica
50013549220264025101,5001354-92.2026.4.02.5101,326,Restituição de Coisas Apreendidas,Corrupção passiva ,2026-01-09,2026-07-15T06:23:55.692000Z,7,G1,Eletrônico,https://eproc.jfrj.jus.br/eproc/externo_controlador.php?acao=processo_consulta_publica
50019663020264025101,5001966-30.2026.4.02.5101,1733,Procedimento Investigatório Criminal (PIC-MP) ,Intolerância por Identidade ou Expressão de Gênero,2026-01-13,2026-07-15T06:27:21.107000Z,5,G1,Eletrônico,https://eproc.jfrj.jus.br/eproc/externo_controlador.php?acao=processo_consulta_publica
50026981120264025101,5002698-11.2026.4.02.5101,1733,Procedimento Investigatório Criminal (PIC-MP) ,Fato Atípico,2026-01-15,2026-07-15T06:40:11.452000Z,5,G1,Eletrônico,https://eproc.jfrj.jus.br/eproc/externo_controlador.php?acao=processo_consulta_publica
50029233120264025101,5002923-31.2026.4.02.5101,1733,Procedimento Investigatório Criminal (PIC-MP) ,Estelionato Majorado ,2026-01-15,2026-07-15T06:29:57.684000Z,5,G1,Eletrônico,https://eproc.jfrj.jus.br/eproc/externo_controlador.php?acao=processo_consulta_publica
50030636520264025101,5003063-65.2026.4.02.5101,1733,Procedimento Investigatório Criminal (PIC-MP) ,Falsidade ideológica ,2026-01-16,2026-07-15T06:24:12.270000Z,5,G1,Eletrônico,https://eproc.jfrj.jus.br/eproc/externo_controlador.php?acao=processo_consulta_publica
50030861120264025101,5003086-11.2026.4.02.5101,1733,Procedimento Investigatório Criminal (PIC-MP) ,Contrabando ou descaminho ,2026-01-16,2026-07-15T06:08:39.755000Z,5,G1,Eletrônico,https://eproc.jfrj.jus.br/eproc/externo_controlador.php?acao=processo_consulta_publica
50040267320264025101,5004026-73.2026.4.02.5101,283,Ação Penal - Procedimento Ordinário,Falsificação / Corrupção / Adulteração / Alteração de produto destinado a fins terapêuticos ou medicinais,2026-01-21,2026-09-15T22:58:17.387000Z,17,G1,Eletrônico,https://eproc.jfrj.jus.br/eproc/externo_controlador.php?acao=processo_consulta_publica
50040431220264025101,5004043-12.2026.4.02.5101,279,Inquérito Policial,Crimes Resultante de Preconceito de Raça ou de Cor,2026-01-21,2026-07-15T06:26:39.283000Z,6,G1,Eletrônico,https://eproc.jfrj.jus.br/eproc/externo_controlador.php?acao=processo_consulta_publica
50043904520264025101,5004390-45.2026.4.02.5101,283,Ação Penal - Procedimento Ordinário,Estelionato Majorado ,2026-01-22,2026-07-15T06:24:12.267000Z,11,G1,Eletrônico,https://eproc.jfrj.jus.br/eproc/externo_controlador.php?acao=processo_consulta_publica
50044277220264025101,5004427-72.2026.4.02.5101,283,Ação Penal - Procedimento Ordinário,Inserção de dados falsos em sistema de informações ,2026-01-22,2026-09-15T22:58:23.697000Z,15,G1,Eletrônico,https://eproc.jfrj.jus.br/eproc/externo_controlador.php?acao=processo_consulta_publica
50054141120264025101,5005414-11.2026.4.02.5101,1733,Procedimento Investigatório Criminal (PIC-MP) ,Roubo ,2026-01-26,2026-07-15T06:40:19.597000Z,5,G1,Eletrônico,https://eproc.jfrj.jus.br/eproc/externo_controlador.php?acao=processo_consulta_publica
50054210320264025101,5005421-03.2026.4.02.5101,1733,Procedimento Investigatório Criminal (PIC-MP) ,Crimes Resultante de Preconceito de Raça ou de Cor,2026-01-26,2026-07-15T06:36:22.889000Z,5,G1,Eletrônico,https://eproc.jfrj.jus.br/eproc/externo_controlador.php?acao=processo_consulta_publica
50062810420264025101,5006281-04.2026.4.02.5101,14678,Acordo de Não Persecução Penal,Apropriação indébita,2026-01-28,2026-07-15T06:23:52.213000Z,9,G1,Eletrônico,https://eproc.jfrj.jus.br/eproc/externo_controlador.php?acao=processo_consulta_publica
50069298120264025101,5006929-81.2026.4.02.5101,278,Termo Circunstanciado,Calúnia,2026-01-29,2026-07-15T06:29:31.574000Z,4,JE,Eletrônico,https://eproc.jfrj.jus.br/eproc/externo_controlador.php?acao=processo_consulta_publica
50070415020264025101,5007041-50.2026.4.02.5101,283,Ação Penal - Procedimento Ordinário,Falsidade ideológica ,2026-01-30,2026-09-15T22:51:33.777000Z,18,G1,Eletrônico,https://eproc.jfrj.jus.br/eproc/externo_controlador.php?acao=processo_consulta_publica
50075594020264025101,5007559-40.2026.4.02.5101,283,Ação Penal - Procedimento Ordinário,Contrabando ou descaminho ,2026-02-02,2026-09-15T22:51:39.390000Z,17,G1,Eletrônico,https://eproc.jfrj.jus.br/eproc/externo_controlador.php?acao=processo_consulta_publica
50082046520264025101,5008204-65.2026.4.02.5101,1733,Procedimento Investigatório Criminal (PIC-MP) ,Fraude processual,2026-02-03,2026-07-15T06:36:57.746000Z,5,G1,Eletrônico,https://eproc.jfrj.jus.br/eproc/externo_controlador.php?acao=processo_consulta_publica
50082522420264025101,5008252-24.2026.4.02.5101,278,Termo Circunstanciado,Desobediência ,2026-02-03,2026-08-21T00:09:33.364000Z,8,JE,Eletrônico,https://eproc.jfrj.jus.br/eproc/externo_controlador.php?acao=processo_consulta_publica
50085371720264025101,5008537-17.2026.4.02.5101,1733,Procedimento Investigatório Criminal (PIC-MP) ,Desobediência ,2026-02-04,2026-07-15T06:29:36.648000Z,5,G1,Eletrônico,https://eproc.jfrj.jus.br/eproc/externo_controlador.php?acao=processo_consulta_publica
50085813620264025101,5008581-36.2026.4.02.5101,283,Ação Penal - Procedimento Ordinário,"""Lavagem"" ou Ocultação de Bens, Direitos ou Valores Oriundos de Corrupção",2026-02-04,2026-09-15T22:51:42.287000Z,11,G1,Eletrônico,https://eproc.jfrj.jus.br/eproc/externo_controlador.php?acao=processo_consulta_publica
50086090420264025101,5008609-04.2026.4.02.5101,1733,Procedimento Investigatório Criminal (PIC-MP) ,Ameaça ,2026-02-04,2026-07-15T01:53:15.957000Z,5,G1,Eletrônico,https://eproc.jfrj.jus.br/eproc/externo_controlador.php?acao=processo_consulta_publica
50086965720264025101,5008696-57.2026.4.02.5101,1733,Procedimento Investigatório Criminal (PIC-MP) ,Estelionato Majorado ,2026-02-04,2026-07-15T06:36:47.891000Z,5,G1,Eletrônico,https://eproc.jfrj.jus.br/eproc/externo_controlador.php?acao=processo_consulta_publica
50095712720264025101,5009571-27.2026.4.02.5101,1727,Petição Criminal,Moeda Falsa / Assimilados,2026-02-06,2026-07-15T06:24:23.757000Z,5,G1,Eletrônico,https://eproc.jfrj.jus.br/eproc/externo_controlador.php?acao=processo_consulta_publica
50103273620264025101,5010327-36.2026.4.02.5101,1733,Procedimento Investigatório Criminal (PIC-MP) ,Dano Qualificado,2026-02-10,2026-07-15T06:36:50.275000Z,5,G1,Eletrônico,https://eproc.jfrj.jus.br/eproc/externo_controlador.php?acao=processo_consulta_publica
50103585620264025101,5010358-56.2026.4.02.5101,283,Ação Penal - Procedimento Ordinário,Crimes contra a Ordem Tributária,2026-02-10,2026-09-15T22:52:08.202000Z,18,G1,Eletrônico,https://eproc.jfrj.jus.br/eproc/externo_controlador.php?acao=processo_consulta_publica
50106799120264025101,5010679-91.2026.4.02.5101,1733,Procedimento Investigatório Criminal (PIC-MP) ,Desobediência ,2026-02-10,2026-07-15T06:08:38.060000Z,5,G1,Eletrônico,https://eproc.jfrj.jus.br/eproc/externo_controlador.php?acao=processo_consulta_publica
50111259420264025101,5011125-94.2026.4.02.5101,1733,Procedimento Investigatório Criminal (PIC-MP) ,"Crimes de &quot;Lavagem&quot; ou Ocultação de Bens, Direitos ou Valores",2026-02-11,2026-07-15T06:36:56.503000Z,5,G1,Eletrônico,https://eproc.jfrj.jus.br/eproc/externo_controlador.php?acao=processo_consulta_publica
50114065020264025101,5011406-50.2026.4.02.5101,279,Inquérito Policial,Furto Qualificado ,2026-02-12,2026-09-15T22:52:31.816000Z,10,G1,Eletrônico,https://eproc.jfrj.jus.br/eproc/externo_controlador.php?acao=processo_consulta_publica
50129048420264025101,5012904-84.2026.4.02.5101,1733,Procedimento Investigatório Criminal (PIC-MP) ,Falsificação de documento público,2026-02-20,2026-07-15T06:26:28.955000Z,5,G1,Eletrônico,https://eproc.jfrj.jus.br/eproc/externo_controlador.php?acao=processo_consulta_publica
50135162220264025101,5013516-22.2026.4.02.5101,1733,Procedimento Investigatório Criminal (PIC-MP) ,Dano Qualificado,2026-02-23,2026-07-15T06:30:13.833000Z,5,G1,Eletrônico,https://eproc.jfrj.jus.br/eproc/externo_controlador.php?acao=processo_consulta_publica
50137674020264025101,5013767-40.2026.4.02.5101,1733,Procedimento Investigatório Criminal (PIC-MP) ,Crimes contra a Ordem Tributária; Sonegação de contribuição previdenciária ,2026-02-23,2026-07-15T06:25:55.461000Z,5,G1,Eletrônico,https://eproc.jfrj.jus.br/eproc/externo_controlador.php?acao=processo_consulta_publica
50145191220264025101,5014519-12.2026.4.02.5101,1733,Procedimento Investigatório Criminal (PIC-MP) ,Falsificação de documento público,2026-02-25,2026-07-15T06:29:57.658000Z,5,G1,Eletrônico,https://eproc.jfrj.jus.br/eproc/externo_controlador.php?acao=processo_consulta_publica
50145840720264025101,5014584-07.2026.4.02.5101,1733,Procedimento Investigatório Criminal (PIC-MP) ,Crimes Resultante de Preconceito de Raça ou de Cor,2026-02-25,2026-07-15T06:24:25.276000Z,10,G1,Eletrônico,https://eproc.jfrj.jus.br/eproc/externo_controlador.php?acao=processo_consulta_publica
50146309320264025101,5014630-93.2026.4.02.5101,1733,Procedimento Investigatório Criminal (PIC-MP) ,Contrabando ou descaminho ,2026-02-25,2026-07-15T01:52:05.626000Z,9,G1,Eletrônico,https://eproc.jfrj.jus.br/eproc/externo_controlador.php?acao=processo_consulta_publica
50157966320264025101,5015796-63.2026.4.02.5101,1733,Procedimento Investigatório Criminal (PIC-MP) ,Contrabando ou descaminho ,2026-02-27,2026-07-15T01:51:37.196000Z,7,G1,Eletrônico,https://eproc.jfrj.jus.br/eproc/externo_controlador.php?acao=processo_consulta_publica
50163162320264025101,5016316-23.2026.4.02.5101,14678,Acordo de Não Persecução Penal,Estelionato; Estelionato Majorado ,2026-03-02,2026-07-15T06:36:52.138000Z,5,G1,Eletrônico,https://eproc.jfrj.jus.br/eproc/externo_controlador.php?acao=processo_consulta_publica
50167285120264025101,5016728-51.2026.4.02.5101,1733,Procedimento Investigatório Criminal (PIC-MP) ,Uso de documento falso ,2026-03-03,2026-07-15T06:27:32.621000Z,5,G1,Eletrônico,https://eproc.jfrj.jus.br/eproc/externo_controlador.php?acao=processo_consulta_publica
50168073020264025101,5016807-30.2026.4.02.5101,1733,Procedimento Investigatório Criminal (PIC-MP) ,Estelionato Majorado ,2026-03-03,2026-07-15T06:36:48.952000Z,5,G1,Eletrônico,https://eproc.jfrj.jus.br/eproc/externo_controlador.php?acao=processo_consulta_publica
50169302820264025101,5016930-28.2026.4.02.5101,11793,Produção Antecipada de Provas Criminal,Crimes contra a Ordem Tributária,2026-03-03,2026-07-15T06:36:58.347000Z,3,G1,Eletrônico,https://eproc.jfrj.jus.br/eproc/externo_controlador.php?acao=processo_consulta_publica
50176404820264025101,5017640-48.2026.4.02.5101,1733,Procedimento Investigatório Criminal (PIC-MP) ,Falsificação de documento público,2026-03-04,2026-07-15T06:27:18.603000Z,8,G1,Eletrônico,https://eproc.jfrj.jus.br/eproc/externo_controlador.php?acao=processo_consulta_publica
50177504720264025101,5017750-47.2026.4.02.5101,283,Ação Penal - Procedimento Ordinário,Estelionato Majorado ,2026-03-04,2026-09-15T22:52:31.034000Z,11,G1,Eletrônico,https://eproc.jfrj.jus.br/eproc/externo_controlador.php?acao=processo_consulta_publica
50187845720264025101,5018784-57.2026.4.02.5101,1733,Procedimento Investigatório Criminal (PIC-MP) ,Furto ,2026-03-05,2026-07-15T06:26:32.088000Z,5,G1,Eletrônico,https://eproc.jfrj.jus.br/eproc/externo_controlador.php?acao=processo_consulta_publica
50195302220264025101,5019530-22.2026.4.02.5101,283,Ação Penal - Procedimento Ordinário,Furto Qualificado ,2026-03-09,2026-09-15T22:56:27.656000Z,15,G1,Eletrônico,https://eproc.jfrj.jus.br/eproc/externo_controlador.php?acao=processo_consulta_publica
50196636420264025101,5019663-64.2026.4.02.5101,1733,Procedimento Investigatório Criminal (PIC-MP) ,Falsificação de documento particular ,2026-03-09,2026-09-15T22:53:13.303000Z,10,G1,Eletrônico,https://eproc.jfrj.jus.br/eproc/externo_controlador.php?acao=processo_consulta_publica
50202248820264025101,5020224-88.2026.4.02.5101,1733,Procedimento Investigatório Criminal (PIC-MP) ,Crimes Previstos no Estatuto da criança e do adolescente,2026-03-10,2026-07-15T06:26:32.317000Z,6,G1,Eletrônico,https://eproc.jfrj.jus.br/eproc/externo_controlador.php?acao=processo_consulta_publica
50202750220264025101,5020275-02.2026.4.02.5101,1733,Procedimento Investigatório Criminal (PIC-MP) ,Estelionato Majorado ,2026-03-10,2026-07-15T06:24:25.141000Z,5,G1,Eletrônico,https://eproc.jfrj.jus.br/eproc/externo_controlador.php?acao=processo_consulta_publica
50203651020264025101,5020365-10.2026.4.02.5101,1733,Procedimento Investigatório Criminal (PIC-MP) ,Crimes Previstos no Estatuto da criança e do adolescente,2026-03-10,2026-07-15T06:40:31.387000Z,5,G1,Eletrônico,https://eproc.jfrj.jus.br/eproc/externo_controlador.php?acao=processo_consulta_publica
50209202720264025101,5020920-27.2026.4.02.5101,279,Inquérito Policial,Contrabando ou descaminho ,2026-03-11,2026-09-15T22:53:42.317000Z,11,G1,Eletrônico,https://eproc.jfrj.jus.br/eproc/externo_controlador.php?acao=processo_consulta_publica
50211827420264025101,5021182-74.2026.4.02.5101,1727,Petição Criminal,"""Lavagem"" ou Ocultação de Bens, Direitos ou Valores Oriundos de Corrupção",2026-03-11,2026-08-20T23:42:00.543000Z,7,G1,Eletrônico,https://eproc.jfrj.jus.br/eproc/externo_controlador.php?acao=processo_consulta_publica
50220643620264025101,5022064-36.2026.4.02.5101,355,Carta Precatória Criminal,Suspensão,2026-03-13,2026-09-15T22:53:05.260000Z,11,G1,Eletrônico,https://eproc.jfrj.jus.br/eproc/externo_controlador.php?acao=processo_consulta_publica
50225736420264025101,5022573-64.2026.4.02.5101,1733,Procedimento Investigatório Criminal (PIC-MP) ,Inserção de dados falsos em sistema de informações ,2026-03-16,2026-07-15T06:40:40.993000Z,5,G1,Eletrônico,https://eproc.jfrj.jus.br/eproc/externo_controlador.php?acao=processo_consulta_publica
50235557820264025101,5023555-78.2026.4.02.5101,283,Ação Penal - Procedimento Ordinário,Crimes contra o Meio Ambiente e o Patrimônio Genético,2026-03-17,2026-09-15T22:53:02.163000Z,11,G1,Eletrônico,https://eproc.jfrj.jus.br/eproc/externo_controlador.php?acao=processo_consulta_publica
50236180620264025101,5023618-06.2026.4.02.5101,1733,Procedimento Investigatório Criminal (PIC-MP) ,Falsificação de documento público,2026-03-17,2026-07-15T06:26:33.576000Z,5,G1,Eletrônico,https://eproc.jfrj.jus.br/eproc/externo_controlador.php?acao=processo_consulta_publica
50236310520264025101,5023631-05.2026.4.02.5101,1733,Procedimento Investigatório Criminal (PIC-MP) ,Estelionato Majorado ; Invasão de Dispositivo Informático,2026-03-17,2026-07-15T01:52:06.923000Z,5,G1,Eletrônico,https://eproc.jfrj.jus.br/eproc/externo_controlador.php?acao=processo_consulta_publica
50237730920264025101,5023773-09.2026.4.02.5101,11955,Cautelar Inominada Criminal,Suspensão,2026-03-17,2026-07-15T01:52:01.016000Z,7,G1,Eletrônico,https://eproc.jfrj.jus.br/eproc/externo_controlador.php?acao=processo_consulta_publica
50249146320264025101,5024914-63.2026.4.02.5101,1733,Procedimento Investigatório Criminal (PIC-MP) ,Ameaça ,2026-03-19,2026-07-15T06:23:30.654000Z,5,G1,Eletrônico,https://eproc.jfrj.jus.br/eproc/externo_controlador.php?acao=processo_consulta_publica
50261098320264025101,5026109-83.2026.4.02.5101,1733,Procedimento Investigatório Criminal (PIC-MP) ,Fraudes em Certames de Interesse Público,2026-03-23,2026-07-15T06:30:13.135000Z,5,G1,Eletrônico,https://eproc.jfrj.jus.br/eproc/externo_controlador.php?acao=processo_consulta_publica
50279380220264025101,5027938-02.2026.4.02.5101,37,Embargos de Terceiro Cível,Liberação de Veículo Apreendido,2026-03-26,2026-07-15T01:53:14.340000Z,8,G1,Eletrônico,https://eproc.jfrj.jus.br/eproc/externo_controlador.php?acao=processo_consulta_publica
50289817120264025101,5028981-71.2026.4.02.5101,1733,Procedimento Investigatório Criminal (PIC-MP) ,Fato Atípico,2026-03-30,2026-07-15T06:40:09.933000Z,5,G1,Eletrônico,https://eproc.jfrj.jus.br/eproc/externo_controlador.php?acao=processo_consulta_publica
50291531320264025101,5029153-13.2026.4.02.5101,1733,Procedimento Investigatório Criminal (PIC-MP) ,"Intolerância Racial, de Cor e/ou Etnia",2026-03-30,2026-07-15T06:26:32.636000Z,5,G1,Eletrônico,https://eproc.jfrj.jus.br/eproc/externo_controlador.php?acao=processo_consulta_publica
50294528720264025101,5029452-87.2026.4.02.5101,14678,Acordo de Não Persecução Penal,Crimes contra o Meio Ambiente e o Patrimônio Genético,2026-03-31,2026-08-20T23:29:32.293000Z,7,G1,Eletrônico,https://eproc.jfrj.jus.br/eproc/externo_controlador.php?acao=processo_consulta_publica
50297637820264025101,5029763-78.2026.4.02.5101,283,Ação Penal - Procedimento Ordinário,"Crimes contra o mercado de capitais; Crimes de &quot;Lavagem&quot; ou Ocultação de Bens, Direitos ou Valores; Promoção, constituição, financiamento ou integração de Organização Criminosa",2026-03-31,2026-09-15T22:56:15.340000Z,10,G1,Eletrônico,https://eproc.jfrj.jus.br/eproc/externo_controlador.php?acao=processo_consulta_publica
50318276120264025101,5031827-61.2026.4.02.5101,1733,Procedimento Investigatório Criminal (PIC-MP) ,,2026-04-07,2026-08-21T00:08:19.449000Z,10,G1,Eletrônico,https://eproc.jfrj.jus.br/eproc/externo_controlador.php?acao=processo_consulta_publica
50319696520264025101,5031969-65.2026.4.02.5101,1733,Procedimento Investigatório Criminal (PIC-MP) ,Fato Atípico,2026-04-07,2026-07-15T01:52:49.139000Z,5,G1,Eletrônico,https://eproc.jfrj.jus.br/eproc/externo_controlador.php?acao=processo_consulta_publica
50326442820264025101,5032644-28.2026.4.02.5101,1733,Procedimento Investigatório Criminal (PIC-MP) ,Estelionato Majorado ,2026-04-08,2026-07-15T01:51:34.591000Z,5,G1,Eletrônico,https://eproc.jfrj.jus.br/eproc/externo_controlador.php?acao=processo_consulta_publica
50337139520264025101,5033713-95.2026.4.02.5101,1733,Procedimento Investigatório Criminal (PIC-MP) ,Crimes contra as Telecomunicações,2026-04-10,2026-07-15T06:47:06.267000Z,5,G1,Eletrônico,https://eproc.jfrj.jus.br/eproc/externo_controlador.php?acao=processo_consulta_publica
50342344020264025101,5034234-40.2026.4.02.5101,1733,Procedimento Investigatório Criminal (PIC-MP) ,Crimes contra as Telecomunicações,2026-04-13,2026-07-15T06:26:09.997000Z,5,G1,Eletrônico,https://eproc.jfrj.jus.br/eproc/externo_controlador.php?acao=processo_consulta_publica
50344656720264025101,5034465-67.2026.4.02.5101,279,Inquérito Policial,"Promoção, constituição, financiamento ou integração de Organização Criminosa",2026-04-13,2026-07-15T06:34:28.985000Z,5,G1,Eletrônico,https://eproc.jfrj.jus.br/eproc/externo_controlador.php?acao=processo_consulta_publica
50346353920264025101,5034635-39.2026.4.02.5101,1733,Procedimento Investigatório Criminal (PIC-MP) ,Crimes Resultante de Preconceito de Raça ou de Cor,2026-04-14,2026-07-15T06:26:09.547000Z,5,G1,Eletrônico,https://eproc.jfrj.jus.br/eproc/externo_controlador.php?acao=processo_consulta_publica
50346579720264025101,5034657-97.2026.4.02.5101,326,Restituição de Coisas Apreendidas,Corrupção passiva ,2026-04-14,2026-08-20T23:23:19.630000Z,6,G1,Eletrônico,https://eproc.jfrj.jus.br/eproc/externo_controlador.php?acao=processo_consulta_publica
50350017820264025101,5035001-78.2026.4.02.5101,326,Restituição de Coisas Apreendidas,Corrupção passiva ,2026-04-14,2026-08-20T23:13:46.388000Z,6,G1,Eletrônico,https://eproc.jfrj.jus.br/eproc/externo_controlador.php?acao=processo_consulta_publica
50352251620264025101,5035225-16.2026.4.02.5101,1733,Procedimento Investigatório Criminal (PIC-MP) ,Contrabando ou descaminho ,2026-04-15,2026-07-15T06:27:17.117000Z,5,G1,Eletrônico,https://eproc.jfrj.jus.br/eproc/externo_controlador.php?acao=processo_consulta_publica
50352295320264025101,5035229-53.2026.4.02.5101,1733,Procedimento Investigatório Criminal (PIC-MP) ,Estelionato,2026-04-15,2026-07-15T06:23:55.837000Z,5,G1,Eletrônico,https://eproc.jfrj.jus.br/eproc/externo_controlador.php?acao=processo_consulta_publica
50353083220264025101,5035308-32.2026.4.02.5101,1733,Procedimento Investigatório Criminal (PIC-MP) ,Fato Atípico,2026-04-15,2026-07-15T01:53:14.632000Z,5,G1,Eletrônico,https://eproc.jfrj.jus.br/eproc/externo_controlador.php?acao=processo_consulta_publica
50360254420264025101,5036025-44.2026.4.02.5101,1733,Procedimento Investigatório Criminal (PIC-MP) ,Estelionato,2026-04-16,2026-07-15T06:25:54.548000Z,5,G1,Eletrônico,https://eproc.jfrj.jus.br/eproc/externo_controlador.php?acao=processo_consulta_publica
50360895420264025101,5036089-54.2026.4.02.5101,300,Procedimento Especial da Lei Antitóxicos,Fraude processual,2026-04-16,2026-07-15T06:31:43.199000Z,3,G1,Eletrônico,https://eproc.jfrj.jus.br/eproc/externo_controlador.php?acao=processo_consulta_publica
50366143620264025101,5036614-36.2026.4.02.5101,1733,Procedimento Investigatório Criminal (PIC-MP) ,Crimes contra a Ordem Econômica,2026-04-17,2026-07-15T01:52:47.813000Z,5,G1,Eletrônico,https://eproc.jfrj.jus.br/eproc/externo_controlador.php?acao=processo_consulta_publica
50388757120264025101,5038875-71.2026.4.02.5101,283,Ação Penal - Procedimento Ordinário,Estelionato Majorado ; Falsificação de documento público; Uso de documento falso ,2026-04-27,2026-09-15T22:56:32.840000Z,9,G1,Eletrônico,https://eproc.jfrj.jus.br/eproc/externo_controlador.php?acao=processo_consulta_publica
50389597220264025101,5038959-72.2026.4.02.5101,1733,Procedimento Investigatório Criminal (PIC-MP) ,Estelionato Majorado ,2026-04-27,2026-07-15T06:30:12.140000Z,5,G1,Eletrônico,https://eproc.jfrj.jus.br/eproc/externo_controlador.php?acao=processo_consulta_publica
50391268920264025101,5039126-89.2026.4.02.5101,1733,Procedimento Investigatório Criminal (PIC-MP) ,Moeda Falsa / Assimilados,2026-04-27,2026-07-15T06:27:06.510000Z,5,G1,Eletrônico,https://eproc.jfrj.jus.br/eproc/externo_controlador.php?acao=processo_consulta_publica
50396906820264025101,5039690-68.2026.4.02.5101,1733,Procedimento Investigatório Criminal (PIC-MP) ,Desobediência ,2026-04-28,2026-06-13T14:08:32.541000Z,3,G1,Eletrônico,https://eproc.jfrj.jus.br/eproc/externo_controlador.php?acao=processo_consulta_publica
50407792920264025101,5040779-29.2026.4.02.5101,1727,Petição Criminal,Corrupção passiva ,2026-04-30,2026-09-15T22:53:45.539000Z,9,G1,Eletrônico,https://eproc.jfrj.jus.br/eproc/externo_controlador.php?acao=processo_consulta_publica
50414981120264025101,5041498-11.2026.4.02.5101,1733,Procedimento Investigatório Criminal (PIC-MP) ,Desobediência ,2026-05-04,2026-07-15T06:36:47.794000Z,8,G1,Eletrônico,https://eproc.jfrj.jus.br/eproc/externo_controlador.php?acao=processo_consulta_publica
50420576520264025101,5042057-65.2026.4.02.5101,1733,Procedimento Investigatório Criminal (PIC-MP) ,Atos de Terrorismo,2026-05-05,2026-07-15T06:36:58.105000Z,5,G1,Eletrônico,https://eproc.jfrj.jus.br/eproc/externo_controlador.php?acao=processo_consulta_publica
50421087620264025101,5042108-76.2026.4.02.5101,1733,Procedimento Investigatório Criminal (PIC-MP) ,Fato Atípico,2026-05-05,2026-07-15T01:47:01.442000Z,5,G1,Eletrônico,https://eproc.jfrj.jus.br/eproc/externo_controlador.php?acao=processo_consulta_publica
50426465720264025101,5042646-57.2026.4.02.5101,326,Restituição de Coisas Apreendidas,Corrupção passiva ,2026-05-06,2026-09-15T22:54:43.533000Z,6,G1,Eletrônico,https://eproc.jfrj.jus.br/eproc/externo_controlador.php?acao=processo_consulta_publica
50428717720264025101,5042871-77.2026.4.02.5101,1733,Procedimento Investigatório Criminal (PIC-MP) ,Fato Atípico,2026-05-06,2026-07-15T06:27:22.861000Z,5,G1,Eletrônico,https://eproc.jfrj.jus.br/eproc/externo_controlador.php?acao=processo_consulta_publica
50428743220264025101,5042874-32.2026.4.02.5101,1733,Procedimento Investigatório Criminal (PIC-MP) ,Estelionato Majorado ,2026-05-06,2026-07-15T01:52:06.423000Z,5,G1,Eletrônico,https://eproc.jfrj.jus.br/eproc/externo_controlador.php?acao=processo_consulta_publica
50434789020264025101,5043478-90.2026.4.02.5101,280,Auto de Prisão em Flagrante,Contrabando ou descaminho ; Outras Substâncias Nocivas a Saúde Pública ,2026-05-07,2026-08-21T00:05:41.793000Z,8,G1,Eletrônico,https://eproc.jfrj.jus.br/eproc/externo_controlador.php?acao=processo_consulta_publica
50451520620264025101,5045152-06.2026.4.02.5101,1733,Procedimento Investigatório Criminal (PIC-MP) ,Difamação; Injúria,2026-05-12,2026-07-15T01:52:05.586000Z,5,G1,Eletrônico,https://eproc.jfrj.jus.br/eproc/externo_controlador.php?acao=processo_consulta_publica
50456483520264025101,5045648-35.2026.4.02.5101,279,Inquérito Policial,Estelionato Majorado ,2026-05-12,2026-08-20T23:13:47.757000Z,5,G1,Eletrônico,https://eproc.jfrj.jus.br/eproc/externo_controlador.php?acao=processo_consulta_publica
50458951620264025101,5045895-16.2026.4.02.5101,283,Ação Penal - Procedimento Ordinário,Crimes contra o Meio Ambiente e o Patrimônio Genético,2026-05-13,2026-09-15T22:53:56.424000Z,13,G1,Eletrônico,https://eproc.jfrj.jus.br/eproc/externo_controlador.php?acao=processo_consulta_publica
50468816720264025101,5046881-67.2026.4.02.5101,1291,Reabilitação,Suspensão,2026-05-14,2026-08-20T23:32:09.923000Z,6,G1,Eletrônico,https://eproc.jfrj.jus.br/eproc/externo_controlador.php?acao=processo_consulta_publica
50468963620264025101,5046896-36.2026.4.02.5101,1733,Procedimento Investigatório Criminal (PIC-MP) ,Invasão de Dispositivo Informático,2026-05-14,2026-07-15T01:47:17.622000Z,5,G1,Eletrônico,https://eproc.jfrj.jus.br/eproc/externo_controlador.php?acao=processo_consulta_publica
50469518420264025101,5046951-84.2026.4.02.5101,283,Ação Penal - Procedimento Ordinário,Falsificação de documento público; Uso de documento falso ,2026-05-14,2026-08-04T06:23:34.807000Z,5,G1,Eletrônico,https://eproc.jfrj.jus.br/eproc/externo_controlador.php?acao=processo_consulta_publica
50476516020264025101,5047651-60.2026.4.02.5101,1727,Petição Criminal,Crimes ocorridos na investigação da prova,2026-05-16,2026-07-15T01:52:06.669000Z,3,G1,Eletrônico,https://eproc.jfrj.jus.br/eproc/externo_controlador.php?acao=processo_consulta_publica
50499978120264025101,5049997-81.2026.4.02.5101,1733,Procedimento Investigatório Criminal (PIC-MP) ,Estelionato Majorado ,2026-05-19,2026-07-15T06:24:13.013000Z,5,G1,Eletrônico,https://eproc.jfrj.jus.br/eproc/externo_controlador.php?acao=processo_consulta_publica
50502714520264025101,5050271-45.2026.4.02.5101,1733,Procedimento Investigatório Criminal (PIC-MP) ,Contrabando ou descaminho ,2026-05-19,2026-07-15T06:40:29.012000Z,5,G1,Eletrônico,https://eproc.jfrj.jus.br/eproc/externo_controlador.php?acao=processo_consulta_publica
50518676420264025101,5051867-64.2026.4.02.5101,283,Ação Penal - Procedimento Ordinário,Furto ,2026-05-21,2026-09-15T22:54:13.267000Z,6,G1,Eletrônico,https://eproc.jfrj.jus.br/eproc/externo_controlador.php?acao=processo_consulta_publica
50519793320264025101,5051979-33.2026.4.02.5101,1733,Procedimento Investigatório Criminal (PIC-MP) ,Invasão de Dispositivo Informático,2026-05-21,2026-07-15T06:36:47.267000Z,5,G1,Eletrônico,https://eproc.jfrj.jus.br/eproc/externo_controlador.php?acao=processo_consulta_publica
50519923220264025101,5051992-32.2026.4.02.5101,1733,Procedimento Investigatório Criminal (PIC-MP) ,Crimes de Tráfico Ilícito e Uso Indevido de Drogas,2026-05-21,2026-07-15T06:26:34.228000Z,5,G1,Eletrônico,https://eproc.jfrj.jus.br/eproc/externo_controlador.php?acao=processo_consulta_publica
50520434320264025101,5052043-43.2026.4.02.5101,1733,Procedimento Investigatório Criminal (PIC-MP) ,,2026-05-21,2026-07-15T06:24:24.780000Z,5,G1,Eletrônico,https://eproc.jfrj.jus.br/eproc/externo_controlador.php?acao=processo_consulta_publica
50537825120264025101,5053782-51.2026.4.02.5101,1727,Petição Criminal,Crimes contra o Sistema Financeiro Nacional,2026-05-25,2026-07-15T06:24:24.600000Z,2,G1,Eletrônico,https://eproc.jfrj.jus.br/eproc/externo_controlador.php?acao=processo_consulta_publica
50541981920264025101,5054198-19.2026.4.02.5101,1733,Procedimento Investigatório Criminal (PIC-MP) ,Crimes de Tráfico Ilícito e Uso Indevido de Drogas,2026-05-25,2026-07-15T06:29:34.602000Z,5,G1,Eletrônico,https://eproc.jfrj.jus.br/eproc/externo_controlador.php?acao=processo_consulta_publica
50542181020264025101,5054218-10.2026.4.02.5101,1733,Procedimento Investigatório Criminal (PIC-MP) ,Fato Atípico,2026-05-25,2026-07-15T06:40:19.478000Z,5,G1,Eletrônico,https://eproc.jfrj.jus.br/eproc/externo_controlador.php?acao=processo_consulta_publica
50544329820264025101,5054432-98.2026.4.02.5101,283,Ação Penal - Procedimento Ordinário,Contrabando ou descaminho ,2026-05-26,2026-09-15T22:54:18.720000Z,7,G1,Eletrônico,https://eproc.jfrj.jus.br/eproc/externo_controlador.php?acao=processo_consulta_publica
50544849420264025101,5054484-94.2026.4.02.5101,1727,Petição Criminal,Moeda Falsa / Assimilados,2026-05-26,2026-08-20T23:47:41.051000Z,11,G1,Eletrônico,https://eproc.jfrj.jus.br/eproc/externo_controlador.php?acao=processo_consulta_publica
50555926120264025101,5055592-61.2026.4.02.5101,1733,Procedimento Investigatório Criminal (PIC-MP) ,Contrabando ou descaminho ,2026-05-27,2026-07-15T06:30:12.094000Z,5,G1,Eletrônico,https://eproc.jfrj.jus.br/eproc/externo_controlador.php?acao=processo_consulta_publica
50559979720264025101,5055997-97.2026.4.02.5101,280,Auto de Prisão em Flagrante,Contrabando ou descaminho ,2026-05-28,2026-09-15T22:56:26.313000Z,12,G1,Eletrônico,https://eproc.jfrj.jus.br/eproc/externo_controlador.php?acao=processo_consulta_publica
50562118820264025101,5056211-88.2026.4.02.5101,283,Ação Penal - Procedimento Ordinário,Crimes contra a Ordem Tributária; Sonegação de contribuição previdenciária ,2026-05-28,2026-08-20T23:13:15.057000Z,9,G1,Eletrônico,https://eproc.jfrj.jus.br/eproc/externo_controlador.php?acao=processo_consulta_publica
50566872920264025101,5056687-29.2026.4.02.5101,1733,Procedimento Investigatório Criminal (PIC-MP) ,Estelionato Majorado ,2026-05-29,2026-07-15T06:25:56.867000Z,5,G1,Eletrônico,https://eproc.jfrj.jus.br/eproc/externo_controlador.php?acao=processo_consulta_publica
50567660820264025101,5056766-08.2026.4.02.5101,1733,Procedimento Investigatório Criminal (PIC-MP) ,Moeda Falsa / Assimilados,2026-05-29,2026-08-21T00:01:35.083000Z,4,G1,Eletrônico,https://eproc.jfrj.jus.br/eproc/externo_controlador.php?acao=processo_consulta_publica
50574061120264025101,5057406-11.2026.4.02.5101,279,Inquérito Policial,Estelionato Majorado ,2026-06-01,2026-07-15T06:26:37.759000Z,5,G1,Eletrônico,https://eproc.jfrj.jus.br/eproc/externo_controlador.php?acao=processo_consulta_publica
50575862720264025101,5057586-27.2026.4.02.5101,1733,Procedimento Investigatório Criminal (PIC-MP) ,Contrabando ou descaminho ,2026-06-01,2026-07-15T01:47:17.016000Z,5,G1,Eletrônico,https://eproc.jfrj.jus.br/eproc/externo_controlador.php?acao=processo_consulta_publica
50586455020264025101,5058645-50.2026.4.02.5101,1727,Petição Criminal,Contrabando ou descaminho ,2026-06-03,2026-08-20T23:43:29.774000Z,5,G1,Eletrônico,https://eproc.jfrj.jus.br/eproc/externo_controlador.php?acao=processo_consulta_publica
50593322720264025101,5059332-27.2026.4.02.5101,283,Ação Penal - Procedimento Ordinário,Estelionato; Estelionato Majorado ,2026-06-05,2026-09-15T22:54:17.359000Z,10,G1,Eletrônico,https://eproc.jfrj.jus.br/eproc/externo_controlador.php?acao=processo_consulta_publica
50608790520264025101,5060879-05.2026.4.02.5101,1733,Procedimento Investigatório Criminal (PIC-MP) ,Estelionato,2026-06-10,2026-07-15T06:27:19.067000Z,5,G1,Eletrônico,https://eproc.jfrj.jus.br/eproc/externo_controlador.php?acao=processo_consulta_publica
50611354520264025101,5061135-45.2026.4.02.5101,1733,Procedimento Investigatório Criminal (PIC-MP) ,Desobediência ,2026-06-10,2026-07-15T06:40:11.585000Z,5,G1,Eletrônico,https://eproc.jfrj.jus.br/eproc/externo_controlador.php?acao=processo_consulta_publica
50611622820264025101,5061162-28.2026.4.02.5101,1733,Procedimento Investigatório Criminal (PIC-MP) ,Moeda Falsa / Assimilados,2026-06-10,2026-07-15T06:36:45.558000Z,5,G1,Eletrônico,https://eproc.jfrj.jus.br/eproc/externo_controlador.php?acao=processo_consulta_publica
50611692020264025101,5061169-20.2026.4.02.5101,1733,Procedimento Investigatório Criminal (PIC-MP) ,Emprego irregular de verbas ou rendas públicas ,2026-06-10,2026-07-15T06:36:46.630000Z,5,G1,Eletrônico,https://eproc.jfrj.jus.br/eproc/externo_controlador.php?acao=processo_consulta_publica
50626311220264025101,5062631-12.2026.4.02.5101,1733,Procedimento Investigatório Criminal (PIC-MP) ,Corrupção ativa ; Corrupção passiva ,2026-06-15,2026-07-15T06:27:20.835000Z,5,G1,Eletrônico,https://eproc.jfrj.jus.br/eproc/externo_controlador.php?acao=processo_consulta_publica
50639086320264025101,5063908-63.2026.4.02.5101,14678,Acordo de Não Persecução Penal,Estelionato Majorado ,2026-06-17,2026-09-15T22:56:31.704000Z,4,G1,Eletrônico,https://eproc.jfrj.jus.br/eproc/externo_controlador.php?acao=processo_consulta_publica
50639675120264025101,5063967-51.2026.4.02.5101,329,Seqüestro,Estelionato; Estelionato Majorado ,2026-06-17,2026-09-15T22:54:21.440000Z,3,G1,Eletrônico,https://eproc.jfrj.jus.br/eproc/externo_controlador.php?acao=processo_consulta_publica
50646249020264025101,5064624-90.2026.4.02.5101,283,Ação Penal - Procedimento Ordinário,Crimes contra a Ordem Econômica,2026-06-18,2026-08-04T06:25:43.928000Z,5,G1,Eletrônico,https://eproc.jfrj.jus.br/eproc/externo_controlador.php?acao=processo_consulta_publica
50656009720264025101,5065600-97.2026.4.02.5101,327,Embargos de Terceiro Criminal,Esbulho possessório,2026-06-21,2026-09-15T22:54:39.861000Z,6,G1,Eletrônico,https://eproc.jfrj.jus.br/eproc/externo_controlador.php?acao=processo_consulta_publica
50676197620264025101,5067619-76.2026.4.02.5101,14678,Acordo de Não Persecução Penal,Estelionato Majorado ,2026-06-25,2026-09-15T22:54:39.878000Z,7,G1,Eletrônico,https://eproc.jfrj.jus.br/eproc/externo_controlador.php?acao=processo_consulta_publica
50689993720264025101,5068999-37.2026.4.02.5101,327,Embargos de Terceiro Criminal,Dano,2026-06-29,2026-09-15T22:56:35.404000Z,8,G1,Eletrônico,https://eproc.jfrj.jus.br/eproc/externo_controlador.php?acao=processo_consulta_publica
50704560720264025101,5070456-07.2026.4.02.5101,279,Inquérito Policial,Crimes contra as Telecomunicações,2026-07-02,2026-08-21T00:06:02.282000Z,5,G1,Eletrônico,https://eproc.jfrj.jus.br/eproc/externo_controlador.php?acao=processo_consulta_publica
50705375320264025101,5070537-53.2026.4.02.5101,10944,Ação Penal - Procedimento Sumaríssimo,Desobediência ,2026-07-02,2026-08-20T23:39:51.986000Z,10,JE,Eletrônico,https://eproc.jfrj.jus.br/eproc/externo_controlador.php?acao=processo_consulta_publica
50778376620264025101,5077837-66.2026.4.02.5101,283,Ação Penal - Procedimento Ordinário,Contrabando ou descaminho ,2026-07-07,2026-09-15T22:55:14.028000Z,4,G1,Eletrônico,https://eproc.jfrj.jus.br/eproc/externo_controlador.php?acao=processo_consulta_publica
50721389420264025101,5072138-94.2026.4.02.5101,283,Ação Penal - Procedimento Ordinário,Contrabando ou descaminho ,2026-07-07,2026-08-20T23:21:24.549000Z,6,G1,Eletrônico,https://eproc.jfrj.jus.br/eproc/externo_controlador.php?acao=processo_consulta_publica
50722280520264025101,5072228-05.2026.4.02.5101,283,Ação Penal - Procedimento Ordinário,Contrabando ou descaminho ,2026-07-07,2026-08-20T23:22:57.109000Z,5,G1,Eletrônico,https://eproc.jfrj.jus.br/eproc/externo_controlador.php?acao=processo_consulta_publica
50729460220264025101,5072946-02.2026.4.02.5101,1733,Procedimento Investigatório Criminal (PIC-MP) ,Dano,2026-07-08,2026-09-15T22:54:21.313000Z,7,G1,Eletrônico,https://eproc.jfrj.jus.br/eproc/externo_controlador.php?acao=processo_consulta_publica
50748679320264025101,5074867-93.2026.4.02.5101,14678,Acordo de Não Persecução Penal,Crimes contra o Sistema Financeiro Nacional,2026-07-13,2026-09-15T22:55:18.894000Z,3,G1,Eletrônico,https://eproc.jfrj.jus.br/eproc/externo_controlador.php?acao=processo_consulta_publica
50769967120264025101,5076996-71.2026.4.02.5101,1733,Procedimento Investigatório Criminal (PIC-MP) ,Crimes de Tráfico Ilícito e Uso Indevido de Drogas,2026-07-17,2026-08-20T23:23:45.618000Z,3,G1,Eletrônico,https://eproc.jfrj.jus.br/eproc/externo_controlador.php?acao=processo_consulta_publica
50781554920264025101,5078155-49.2026.4.02.5101,283,Ação Penal - Procedimento Ordinário,Estelionato Majorado ,2026-07-21,2026-08-20T23:12:28.454000Z,5,G1,Eletrônico,https://eproc.jfrj.jus.br/eproc/externo_controlador.php?acao=processo_consulta_publica
50782317320264025101,5078231-73.2026.4.02.5101,1727,Petição Criminal,Crimes de Tráfico Ilícito e Uso Indevido de Drogas,2026-07-21,2026-08-20T23:13:02.496000Z,2,G1,Eletrônico,https://eproc.jfrj.jus.br/eproc/externo_controlador.php?acao=processo_consulta_publica
50783434220264025101,5078343-42.2026.4.02.5101,1733,Procedimento Investigatório Criminal (PIC-MP) ,Crimes de Tráfico Ilícito e Uso Indevido de Drogas,2026-07-21,2026-09-15T22:56:46.268000Z,5,G1,Eletrônico,https://eproc.jfrj.jus.br/eproc/externo_controlador.php?acao=processo_consulta_publica
50789635420264025101,5078963-54.2026.4.02.5101,1733,Procedimento Investigatório Criminal (PIC-MP) ,Falso testemunho ou falsa perícia ,2026-07-22,2026-09-15T22:55:08.204000Z,5,G1,Eletrônico,https://eproc.jfrj.jus.br/eproc/externo_controlador.php?acao=processo_consulta_publica
50792813720264025101,5079281-37.2026.4.02.5101,1727,Petição Criminal,Fraude processual,2026-07-22,2026-09-15T22:54:24.580000Z,4,G1,Eletrônico,https://eproc.jfrj.jus.br/eproc/externo_controlador.php?acao=processo_consulta_publica
50795022020264025101,5079502-20.2026.4.02.5101,1727,Petição Criminal,Contrabando ou descaminho ,2026-07-23,2026-08-20T23:46:39.617000Z,2,G1,Eletrônico,https://eproc.jfrj.jus.br/eproc/externo_controlador.php?acao=processo_consulta_publica
50806974020264025101,5080697-40.2026.4.02.5101,319,Exceção de Incompetência de Juízo,Suspensão,2026-07-27,2026-08-20T23:31:06.460000Z,2,G1,Eletrônico,https://eproc.jfrj.jus.br/eproc/externo_controlador.php?acao=processo_consulta_publica
50823048820264025101,5082304-88.2026.4.02.5101,1733,Procedimento Investigatório Criminal (PIC-MP) ,Crimes de Tráfico Ilícito e Uso Indevido de Drogas,2026-07-28,2026-09-15T22:54:39.669000Z,5,G1,Eletrônico,https://eproc.jfrj.jus.br/eproc/externo_controlador.php?acao=processo_consulta_publica
50829526820264025101,5082952-68.2026.4.02.5101,14678,Acordo de Não Persecução Penal,Crimes contra a Ordem Tributária,2026-07-29,2026-09-15T22:55:12.567000Z,2,G1,Eletrônico,https://eproc.jfrj.jus.br/eproc/externo_controlador.php?acao=processo_consulta_publica
50834628120264025101,5083462-81.2026.4.02.5101,1733,Procedimento Investigatório Criminal (PIC-MP) ,"""Lavagem"" ou Ocultação de Bens, Direitos ou Valores Oriundos de Corrupção",2026-07-30,2026-09-15T22:55:24.022000Z,5,G1,Eletrônico,https://eproc.jfrj.jus.br/eproc/externo_controlador.php?acao=processo_consulta_publica
50841686420264025101,5084168-64.2026.4.02.5101,1733,Procedimento Investigatório Criminal (PIC-MP) ,Estelionato,2026-07-31,2026-09-15T22:54:52.989000Z,5,G1,Eletrônico,https://eproc.jfrj.jus.br/eproc/externo_controlador.php?acao=processo_consulta_publica
50847108220264025101,5084710-82.2026.4.02.5101,319,Exceção de Incompetência de Juízo,"""Lavagem"" ou Ocultação de Bens, Direitos ou Valores Oriundos de Corrupção",2026-08-01,2026-09-15T22:54:53.520000Z,2,G1,Eletrônico,https://eproc.jfrj.jus.br/eproc/externo_controlador.php?acao=processo_consulta_publica
50847497920264025101,5084749-79.2026.4.02.5101,283,Ação Penal - Procedimento Ordinário,"Promoção, constituição, financiamento ou integração de Organização Criminosa",2026-08-01,2026-09-15T22:55:05.563000Z,3,G1,Eletrônico,https://eproc.jfrj.jus.br/eproc/externo_controlador.php?acao=processo_consulta_publica
50871513620264025101,5087151-36.2026.4.02.5101,1733,Procedimento Investigatório Criminal (PIC-MP) ,Estelionato Majorado ,2026-08-06,2026-09-15T22:55:16.114000Z,5,G1,Eletrônico,https://eproc.jfrj.jus.br/eproc/externo_controlador.php?acao=processo_consulta_publica
50876294420264025101,5087629-44.2026.4.02.5101,283,Ação Penal - Procedimento Ordinário,Moeda Falsa / Assimilados,2026-08-07,2026-09-15T22:55:05.555000Z,6,G1,Eletrônico,https://eproc.jfrj.jus.br/eproc/externo_controlador.php?acao=processo_consulta_publica
50878295120264025101,5087829-51.2026.4.02.5101,283,Ação Penal - Procedimento Ordinário,Receptação; Uso de documento falso ,2026-08-07,2026-09-15T22:55:30.157000Z,6,G1,Eletrônico,https://eproc.jfrj.jus.br/eproc/externo_controlador.php?acao=processo_consulta_publica
50879853920264025101,5087985-39.2026.4.02.5101,307,Habeas Corpus Criminal,"; Ameaça ; Calúnia; Condição de Pessoa Portadora de Deficiência; Constrangimento ilegal ; Difamação; Feminicídio; Invasão de Dispositivo Informático; Motivação Político Partidária (Provimento CNJ 135/2022); Organização Terrorista; Perigo para a vida ou saúde de outrem; Perseguição; Promoção, constituição, financiamento ou integração de Organização Criminosa; Violação de domicílio ; Violência Psicológica contra a Mulher",2026-08-08,2026-09-15T22:55:30.200000Z,4,G1,Eletrônico,https://eproc.jfrj.jus.br/eproc/externo_controlador.php?acao=processo_consulta_publica
50895876520264025101,5089587-65.2026.4.02.5101,1727,Petição Criminal,Corrupção passiva ,2026-08-12,2026-09-15T22:54:51.712000Z,6,G1,Eletrônico,https://eproc.jfrj.jus.br/eproc/externo_controlador.php?acao=processo_consulta_publica
50898690620264025101,5089869-06.2026.4.02.5101,326,Restituição de Coisas Apreendidas,"""Lavagem"" ou Ocultação de Bens, Direitos ou Valores Oriundos de Corrupção",2026-08-13,2026-09-15T22:55:24.713000Z,2,G1,Eletrônico,https://eproc.jfrj.jus.br/eproc/externo_controlador.php?acao=processo_consulta_publica
50901895620264025101,5090189-56.2026.4.02.5101,1733,Procedimento Investigatório Criminal (PIC-MP) ,"Crimes de &quot;Lavagem&quot; ou Ocultação de Bens, Direitos ou Valores",2026-08-13,2026-09-15T22:55:25.717000Z,5,G1,Eletrônico,https://eproc.jfrj.jus.br/eproc/externo_controlador.php?acao=processo_consulta_publica
50902813420264025101,5090281-34.2026.4.02.5101,326,Restituição de Coisas Apreendidas,Corrupção ativa ,2026-08-13,2026-09-15T22:55:12.587000Z,2,G1,Eletrônico,https://eproc.jfrj.jus.br/eproc/externo_controlador.php?acao=processo_consulta_publica
50906139820264025101,5090613-98.2026.4.02.5101,1733,Procedimento Investigatório Criminal (PIC-MP) ,Injúria,2026-08-14,2026-09-15T22:55:16.399000Z,5,G1,Eletrônico,https://eproc.jfrj.jus.br/eproc/externo_controlador.php?acao=processo_consulta_publica
50915544820264025101,5091554-48.2026.4.02.5101,1733,Procedimento Investigatório Criminal (PIC-MP) ,Moeda Falsa / Assimilados,2026-08-17,2026-09-15T22:55:26.426000Z,5,G1,Eletrônico,https://eproc.jfrj.jus.br/eproc/externo_controlador.php?acao=processo_consulta_publica
50927869520264025101,5092786-95.2026.4.02.5101,283,Ação Penal - Procedimento Ordinário,Falsidade ideológica ,2026-08-19,2026-09-15T22:55:14.037000Z,5,G1,Eletrônico,https://eproc.jfrj.jus.br/eproc/externo_controlador.php?acao=processo_consulta_publica
50931220220264025101,5093122-02.2026.4.02.5101,1733,Procedimento Investigatório Criminal (PIC-MP) ,Fraude processual,2026-08-20,2026-09-15T22:55:16.341000Z,5,G1,Eletrônico,https://eproc.jfrj.jus.br/eproc/externo_controlador.php?acao=processo_consulta_publica
50931272420264025101,5093127-24.2026.4.02.5101,1733,Procedimento Investigatório Criminal (PIC-MP) ,Facilitação de contrabando ou descaminho ,2026-08-20,2026-09-15T22:56:39.568000Z,3,G1,Eletrônico,https://eproc.jfrj.jus.br/eproc/externo_controlador.php?acao=processo_consulta_publica
50933074020264025101,5093307-40.2026.4.02.5101,1733,Procedimento Investigatório Criminal (PIC-MP) ,Desobediência ,2026-08-20,2026-09-15T22:55:29.512000Z,5,G1,Eletrônico,https://eproc.jfrj.jus.br/eproc/externo_controlador.php?acao=processo_consulta_publica
50935655020264025101,5093565-50.2026.4.02.5101,14678,Acordo de Não Persecução Penal,Crimes contra o Sistema Financeiro Nacional,2026-08-21,2026-09-15T22:55:25.332000Z,2,G1,Eletrônico,https://eproc.jfrj.jus.br/eproc/externo_controlador.php?acao=processo_consulta_publica
50945770220264025101,5094577-02.2026.4.02.5101,1733,Procedimento Investigatório Criminal (PIC-MP) ,Outras Substâncias Nocivas a Saúde Pública ,2026-08-24,2026-09-15T22:55:13.816000Z,3,G1,Eletrônico,https://eproc.jfrj.jus.br/eproc/externo_controlador.php?acao=processo_consulta_publica
50953270420264025101,5095327-04.2026.4.02.5101,1733,Procedimento Investigatório Criminal (PIC-MP) ,Desobediência ,2026-08-25,2026-09-15T22:55:28.805000Z,3,G1,Eletrônico,https://eproc.jfrj.jus.br/eproc/externo_controlador.php?acao=processo_consulta_publica
50956995020264025101,5095699-50.2026.4.02.5101,283,Ação Penal - Procedimento Ordinário,Estelionato Majorado ,2026-08-26,2026-09-15T22:56:01.699000Z,5,G1,Eletrônico,https://eproc.jfrj.jus.br/eproc/externo_controlador.php?acao=processo_consulta_publica
50980681720264025101,5098068-17.2026.4.02.5101,283,Ação Penal - Procedimento Ordinário,Falsidade ideológica ; Falsificação de documento público,2026-08-31,2026-09-15T22:55:16.406000Z,1,G1,Eletrônico,https://eproc.jfrj.jus.br/eproc/externo_controlador.php?acao=processo_consulta_publica
50982267220264025101,5098226-72.2026.4.02.5101,279,Inquérito Policial,Contrabando ou descaminho ,2026-08-31,2026-09-15T22:55:10.114000Z,3,G1,Eletrônico,https://eproc.jfrj.jus.br/eproc/externo_controlador.php?acao=processo_consulta_publica
